Code,ID,Mode,Level,Nationality,L1,Concordance Line,Verb,Functions,Error,Error-Type-New
S_B_F_AF_TG,AF_TG,S,L1,TG,EN,[GLCLC text removed],感,MS,,
W_B_F_LX_RU,LX_RU,W,L1,RU,RU,[GLCLC text removed],了解,ABT,,
S_B_F_JAN_RU,JAN_RU,S,L1,RU,RU,[GLCLC text removed],好,EVAL,,
S_B_M_AILAN_PK,AILAN_PK,S,L1,PK,Other,[GLCLC text removed],好,EVAL,,
S_B_M_AXH_UZ,AXH_UZ,S,L1,UZ,TK,[GLCLC text removed],好,EVAL,,
S_B_M_LMN_TH_1,LMN_TH,S,L1,TH,TH,[GLCLC text removed],好,EVAL,,
W_B_F_AIML_KZ_2,AIML_KZ,W,L1,KZ,TK,[GLCLC text removed],好,EVAL,,
W_B_F_XY_UZ,XY_UZ,W,L1,UZ,TK,[GLCLC text removed],影响,EVAL,,
W_B_M_MWH_VE_3,MWH_VE,W,L1,VE,ES,[GLCLC text removed],有,EVAL,,
W_B_F_DAN_PE,DAN_PE,W,L1,PE,ES,[GLCLC text removed],有,EVAL,,
W_B_M_LBI_TG_2,LBI_TG,W,L1,TG,EN,[GLCLC text removed],有,EVAL,,
S_B_M_JMJ_KR,JMJ_KR,S,L1,KR,KR,[GLCLC text removed],起,EVAL,,
S_B_F_YUL_US+B_F_XPP_TH,XPP_TH,S,L1,TH,TH,[GLCLC text removed],一样,DISP,,
W_B_M_RYS_VN,RYS_VN,W,L1,VN,VN,[GLCLC text removed],一样,DISP,,
S_B_M_JMJ_KR,JMJ_KR,S,L1,KR,KR,[GLCLC text removed],习惯,MS,,
W_B_F_ZZX_KR_1,ZZX_KR,W,L1,KR,KR,[GLCLC text removed],习惯,MS,,
W_B_F_OLY_RU_4,OLY_RU,W,L1,RU,RU,[GLCLC text removed],习惯,MS,,
W_B_F_OMLI_TH_4,OMLI_TH,W,L1,TH,TH,[GLCLC text removed],习惯,MS,,
S_B_F_JAN_RU,JAN_RU,S,L1,RU,RU,[GLCLC text removed],了解,MS,,
S_B_F_JXJ_KR,JXJ_KR,S,L1,KR,KR,[GLCLC text removed],了解,MS,,
S_B_F_LT_ES_2,LT_ES,S,L1,ES,ES,[GLCLC text removed],了解,MS,,
S_B_F_LX_RU,LX_RU,S,L1,RU,RU,[GLCLC text removed],了解,MS,,
S_B_M_HA_ES,HA_ES,S,L1,ES,ES,[GLCLC text removed],了解,MS,,
S_B_M_LZJ_KR,LZJ_KR,S,L1,KR,KR,[GLCLC text removed],了解,MS,,
S_B_M_PSB_KR_2,PSB_KR,S,L1,KR,KR,[GLCLC text removed],了解,MS,,
S_B_F_RFM_VN_3,RFM_VN,S,L1,VN,VN,[GLCLC text removed],亲切,DISP,,
S_B_M_YJG_RU_2,YJG_RU,S,L1,RU,RU,[GLCLC text removed],爱,MS,,
W_B_F_JDX_KR,JDX_KR,W,L1,KR,KR,[GLCLC text removed],关照,DISP,,
S_B_F_XSL_CM_2,XSL_CM,S,L1,CM,EN,[GLCLC text removed],好,DISP,,
S_B_M_EMILIO_MX,EMILIO_MX,S,L1,MX,ES,[GLCLC text removed],好,DISP,,
S_B_M_HSYI_BI,HSYI_BI,S,L1,BI,Other,[GLCLC text removed],好,DISP,,
S_B_M_KK_TR,KK_TR,S,L1,TR,TK,[GLCLC text removed],好,DISP,,
S_B_M_KK_TR,KK_TR,S,L1,TR,TK,[GLCLC text removed],好,DISP,,
S_B_M_PSB_KR_2,PSB_KR,S,L1,KR,KR,[GLCLC text removed],好,DISP,,
W_B_F_DBY_VN,DBY_VN,W,L1,VN,VN,[GLCLC text removed],好,DISP,,
W_B_F_LZLA_CD,LZLA_CD,W,L1,CD,FR,[GLCLC text removed],好,DISP,,
W_B_F_KLL_CM,KLL_CM,W,L1,CM,EN,[GLCLC text removed],好,DISP,,
W_B_F_RSHF_VN,RSHF_VN,W,L1,VN,VN,[GLCLC text removed],好,DISP,,
S_B_F_DSQC_VN,DSQC_VN,S,L1,VN,VN,[GLCLC text removed],感,MS,,
S_B_F_JCXU_KR,JCXU_KR,S,L1,KR,KR,[GLCLC text removed],感,MS,,
S_B_F_KLL_CM_4,KLL_CM,S,L1,CM,EN,[GLCLC text removed],感,MS,,
S_B_F_LINA_CO_1,LINA_CO,S,L1,CO,ES,[GLCLC text removed],感,MS,,
S_B_F_PSX_KR,PSX_KR,S,L1,KR,KR,[GLCLC text removed],感,MS,,
S_B_M_ABU_KG,ABU_KG,S,L1,KG,TK,[GLCLC text removed],感,MS,,
S_B_M_ALM_TG,ALM_TG,S,L1,TG,EN,[GLCLC text removed],感,MS,,
S_B_M_FLS_SY,FLS_SY,S,L1,SY,AR,[GLCLC text removed],感,MS,,
S_B_M_WS_CM,WS_CM,S,L1,CM,EN,[GLCLC text removed],感,MS,,
S_B_M_XSE_ES,XSE_ES,S,L1,ES,ES,[GLCLC text removed],感,MS,,
S_B_M_ZSZ_KR,ZSZ_KR,S,L1,KR,KR,[GLCLC text removed],感,MS,,
W_B_F_ST_MG,ST_MG,W,L1,MG,Other,[GLCLC text removed],感,MS,,
W_B_F_DSQC_VN_3,DSQC_VN,W,L1,VN,VN,[GLCLC text removed],感,MS,,
W_B_M_AHA_YE_2,AHA_YE,W,L1,YE,AR,[GLCLC text removed],感,MS,,
W_B_M_MWH_VE_3,MWH_VE,W,L1,VE,ES,[GLCLC text removed],有,MS,,
S_B_M_ST_BE,ST_BE,S,L1,BE,Other,[GLCLC text removed],有,MS,,
S_B_M_JWQ_KR,JWQ_KR,S,L1,KR,KR,[GLCLC text removed],满意,MS,,
W_B_F_GH_VN,GH_VN,W,L1,VN,VN,[GLCLC text removed],满意,MS,,
W_B_M_LMN_TH_2,LMN_TH,W,L1,TH,TH,[GLCLC text removed],热情,DISP,,
W_B_F_ND_TG_1,ND_TG,W,L1,TG,EN,[GLCLC text removed],熟悉,MS,,
S_B_M_YJG_RU_1,YJG_RU,S,L1,RU,RU,[GLCLC text removed],爱,MS,,
W_B_M_LZJ_KR,LZJ_KR,W,L1,KR,KR,[GLCLC text removed],给以,DA,,
S_B_M_MJS_KH,MJS_KH,S,L1,KH,Other,[GLCLC text removed],说,DA,,
S_B_F_ST_MG,ST_MG,S,L1,MG,Other,[GLCLC text removed],说,DA,,
S_B_F_ST_MG,ST_MG,S,L1,MG,Other,[GLCLC text removed],说,DA,,
S_B_M_BAD_YE,BAD_YE,S,L1,YE,AR,[GLCLC text removed],说,DA,,
S_B_M_KL_KZ,KL_KZ,S,L1,KZ,TK,[GLCLC text removed],说,DA,,
S_B_M_LMN_TH_2,LMN_TH,S,L1,TH,TH,[GLCLC text removed],说,DA,,
S_B_M_LMN_TH_6,LMN_TH,S,L1,TH,TH,[GLCLC text removed],说,DA,,
S_B_M_YJG_RU_1,YJG_RU,S,L1,RU,RU,[GLCLC text removed],说,DA,,
S_B_M_YJG_RU_1,YJG_RU,S,L1,RU,RU,[GLCLC text removed],说,DA,,
S_B_M_YJG_RU_1,YJG_RU,S,L1,RU,RU,[GLCLC text removed],说,DA,,
S_B_M_YJG_RU_2,YJG_RU,S,L1,RU,RU,[GLCLC text removed],说,DA,,
W_B_F_ST_MG,ST_MG,W,L1,MG,Other,[GLCLC text removed],说,DA,,
W_B_M_LFD_ID,LFD_ID,W,L1,ID,Other,[GLCLC text removed],说,DA,,
W_B_M_LJL_MG,LJL_MG,W,L1,MG,Other,[GLCLC text removed],说,DA,,
W_B_M_LJL_MG,LJL_MG,W,L1,MG,Other,[GLCLC text removed],说,DA,,
W_B_M_WL_MG,WL_MG,W,L1,MG,Other,[GLCLC text removed],说,DA,,
W_B_F_KP_RU_2,KP_RU,W,L1,RU,RU,[GLCLC text removed],说,DA,,
W_B_F_SHL_TH,SHL_TH,W,L1,TH,TH,[GLCLC text removed],说,EVAL,,
S_B_F_ZLE_KR,ZLE_KR,S,L1,KR,KR,[GLCLC text removed],说明,DA,,
W_B_F_BYL_BR_3,BYL_BR,W,L1,BR,PT,[GLCLC text removed],行凶,SI,,
S_I_F_MLY_RU_2,MLY_RU,S,L2,RU,RU,[GLCLC text removed],带来,EVAL,,
S_I_F_MLY_RU_2,MLY_RU,S,L2,RU,RU,[GLCLC text removed],带来,EVAL,,
S_I_F_MLY_RU_2,MLY_RU,S,L2,RU,RU,[GLCLC text removed],不好,EVAL,,
W_I_F_ZML_TH_10,ZML_TH,W,L2,TH,TH,[GLCLC text removed],有,EVAL,,
W_I_F_LWL_ID_5,LWL_ID,W,L2,ID,Other,[GLCLC text removed],生气,MS,,
W_I_F_NS_ML_1,NS_ML,W,L2,ML,FR,[GLCLC text removed],生气,MS,,
W_I_F_JXJ_KR_3,JXJ_KR,W,L2,KR,KR,[GLCLC text removed],道歉,DA,,
W_I_F_JDHN_KR,JDHN_KR,W,L2,KR,KR,[GLCLC text removed],重要,EVAL,,
W_I_F_PRL_KR_2,PRL_KR,W,L2,KR,KR,[GLCLC text removed],是,EVAL,,
W_I_F_SHZ_KR_1,SHZ_KR,W,L2,KR,KR,[GLCLC text removed],一无所知,MS,,
W_I_F_WHY_TH,WHY_TH,W,L2,TH,TH,[GLCLC text removed],一样,DISP,,
W_I_F_CRHI_KR_3,CRHI_KR,W,L2,KR,KR,[GLCLC text removed],一见钟情,MS,,
S_I_F_MEL_RU_2,MEL_RU,S,L2,RU,RU,[GLCLC text removed],上瘾,MS,,
W_I_M_HRL_KH_1,HRL_KH,W,L2,KH,Other,[GLCLC text removed],不利,EVAL,,
W_I_M_WYMU_SD_1,WYMU_SD,W,L2,SD,AR,[GLCLC text removed],不满,MS,,
W_I_M_HJ_RU_3,HJ_RU,W,L2,RU,RU,[GLCLC text removed],不满,MS,,
W_I_M_WM_RU,WM_RU,W,L2,RU,RU,[GLCLC text removed],不满,MS,,
W_I_M_LTQ_PE_4,LTQ_PE,W,L2,PE,ES,[GLCLC text removed],严厉,DISP,,
W_I_F_ACYL_JP_1,ACYL_JP,W,L2,JP,JP,[GLCLC text removed],严肃,DISP,,
S_I_F_MLY_RU_1,MLY_RU,S,L2,RU,RU,[GLCLC text removed],习惯,MS,,
S_I_F_ZTT_TH,ZTT_TH,S,L2,TH,TH,[GLCLC text removed],习惯,MS,,
W_I_F_WLLY_RU_3,WLLY_RU,W,L2,RU,RU,[GLCLC text removed],习惯,MS,,
W_I_F_MLY_RU_3,MLY_RU,W,L2,RU,RU,[GLCLC text removed],习惯,MS,,
W_I_M_LTQ_PE_1,LTQ_PE,W,L2,PE,ES,[GLCLC text removed],习惯,MS,,
S_I_F_MLY_RU_1,MLY_RU,S,L2,RU,RU,[GLCLC text removed],了解,MS,,
S_I_F_CSQS_VN,CSQS_VN,S,L2,VN,VN,[GLCLC text removed],了解,MS,,
S_I_F_JRR_KR,JRR_KR,S,L2,KR,KR,[GLCLC text removed],了解,MS,,
S_I_F_JSE_KR,JSE_KR,S,L2,KR,KR,[GLCLC text removed],了解,MS,,
S_I_F_LZA_KR,LZA_KR,S,L2,KR,KR,[GLCLC text removed],了解,MS,,
S_I_F_XSM_KR,XSM_KR,S,L2,KR,KR,[GLCLC text removed],了解,MS,,
S_I_M_HBB_NE,HBB_NE,S,L2,NE,FR,[GLCLC text removed],了解,MS,,
S_I_M_JZJ_KR,JZJ_KR,S,L2,KR,KR,[GLCLC text removed],了解,MS,,
S_I_M_LAQ_MG,LAQ_MG,S,L2,MG,Other,[GLCLC text removed],了解,MS,,
S_I_M_XMJ_FR,XMJ_FR,S,L2,FR,FR,[GLCLC text removed],了解,MS,,
W_I_F_JZLI_KR,JZLI_KR,W,L2,KR,KR,[GLCLC text removed],了解,MS,,
W_I_M_LDYI_KR_2,LDYI_KR,W,L2,KR,KR,[GLCLC text removed],满意,MS,,
W_I_M_LDYI_KR_2,LDYI_KR,W,L2,KR,KR,[GLCLC text removed],了解,MS,,
W_I_F_ZLE_KR,ZLE_KR,W,L2,KR,KR,[GLCLC text removed],了解,MS,,
W_I_F_AHR_KR,AHR_KR,W,L2,KR,KR,[GLCLC text removed],了解,MS,,
W_I_M_JNU_GN_2,JNU_GN,W,L2,GN,EN,[GLCLC text removed],了解,MS,,
W_I_F_RFM_VN_4,RFM_VN,W,L2,VN,VN,[GLCLC text removed],了解,MS,,
W_I_F_CAMLG_TH_3,CAMLG_TH,W,L2,TH,TH,[GLCLC text removed],了解,MS,,
W_I_F_CAMLG_TH_3,CAMLG_TH,W,L2,TH,TH,[GLCLC text removed],了解,MS,,
S_I_F_JDYI_KR+I_,JDYI_KR,S,L2,KR,KR,[GLCLC text removed],产生,MS,,
W_I_F_LZSA_KR_3,LZSA_KR,W,L2,KR,KR,[GLCLC text removed],产生,MS,,
W_I_M_MTY_RU,MTY_RU,W,L2,RU,RU,[GLCLC text removed],产生,MS,,
W_I_F_ZTT_TH_4,ZTT_TH,W,L2,TH,TH,[GLCLC text removed],产生,MS,,
W_I_M_SMER_KZ_1,SMER_KZ,W,L2,KZ,TK,[GLCLC text removed],产生,MS,,
W_I_F_CAMLG_TH_3,CAMLG_TH,W,L2,TH,TH,[GLCLC text removed],产生,MS,,
W_I_F_JRY_KR_3,JRY_KR,W,L2,KR,KR,[GLCLC text removed],亲切,DISP,,
W_I_F_JHXU_KR_3,JHXU_KR,W,L2,KR,KR,[GLCLC text removed],亲切,DISP,,
W_I_F_CAMLG_TH_6,CAMLG_TH,W,L2,TH,TH,[GLCLC text removed],体贴,DISP,,
W_I_F_LQQ_TH_8,LQQ_TH,W,L2,TH,TH,[GLCLC text removed],做,SI,,
S_I_M_WYMU_SD_3,WYMU_SD,S,L2,SD,AR,[GLCLC text removed],公平,EVAL,,
W_I_M_LDYI_KR_2,LDYI_KR,W,L2,KR,KR,[GLCLC text removed],关心,DISP,,
W_I_F_ZZLI_KR_1,ZZLI_KR,W,L2,KR,KR,[GLCLC text removed],关心,DISP,,
W_I_F_ZZLI_KR_1,ZZLI_KR,W,L2,KR,KR,[GLCLC text removed],关心,DISP,,
W_I_F_YR_ES_10,YR_ES,W,L2,ES,ES,[GLCLC text removed],关心,DISP,,
S_I_F_CAMLG_TH_2,CAMLG_TH,S,L2,TH,TH,[GLCLC text removed],冷漠,DISP,,
W_I_M_GQQG_JP_3,GQQG_JP,W,L2,JP,JP,[GLCLC text removed],减免,SI,,
W_I_F_ZSYI_TH_6,ZSYI_TH,W,L2,TH,TH,[GLCLC text removed],友善,DISP,,
W_I_M_AMIN_YE,AMIN_YE,W,L2,YE,AR,[GLCLC text removed],友好,DISP,,
W_I_F_CHL_TH_1,CHL_TH,W,L2,TH,TH,[GLCLC text removed],友好,DISP,,
W_I_F_NLSA_KG_3,NLSA_KG,W,L2,KG,TK,[GLCLC text removed],友爱,DISP,,
W_I_F_PZP_KR_1,PZP_KR,W,L2,KR,KR,[GLCLC text removed],发,DA,,
W_I_F_CLY_KR_1,CLY_KR,W,L2,KR,KR,[GLCLC text removed],变,SI,,
W_I_M_ZLO_RU,ZLO_RU,W,L2,RU,RU,[GLCLC text removed],吃惊,MS,,
S_I_M_MHMAD_TJ,MHMAD_TJ,S,L2,TJ,Other,[GLCLC text removed],合适,EVAL,,
S_I_F_JXZ_KR_1,JXZ_KR,S,L2,KR,KR,[GLCLC text removed],合适,EVAL,,
W_I_F_JA_KR_5,JA_KR,W,L2,KR,KR,[GLCLC text removed],合适,EVAL,,
W_I_F_JA_KR_5,JA_KR,W,L2,KR,KR,[GLCLC text removed],合适,EVAL,,
W_I_F_JA_KR_5,JA_KR,W,L2,KR,KR,[GLCLC text removed],合适,EVAL,,
W_I_F_SZYI_KR_1,SZYI_KR,W,L2,KR,KR,[GLCLC text removed],和善,DISP,,
W_I_F_JHXU_KR_3,JHXU_KR,W,L2,KR,KR,[GLCLC text removed],和蔼,DISP,,
W_I_F_WDLY_RU_19,WDLY_RU,W,L2,RU,RU,[GLCLC text removed],喜爱,MS,,
S_I_F_JXH_KR_3,JXH_KR,S,L2,KR,KR,[GLCLC text removed],失去,MS,,
S_I_F_JZYA_KR_2,JZYA_KR,S,L2,KR,KR,[GLCLC text removed],好,DISP,,
S_I_F_OMLI_TH_2,OMLI_TH,S,L2,TH,TH,[GLCLC text removed],好,DISP,,
S_I_M_BALID_GN_2,BALID_GN,S,L2,GN,EN,[GLCLC text removed],好,DISP,,
S_I_M_SWJ_KZ_2,SWJ_KZ,S,L2,KZ,TK,[GLCLC text removed],好,DISP,,
S_I_F_JHXI_KR_2,JHXI_KR,S,L2,KR,KR,[GLCLC text removed],好,DISP,,
S_I_F_NS_ML_1,NS_ML,S,L2,ML,FR,[GLCLC text removed],好,DISP,,
S_I_F_OMLI_TH_1,OMLI_TH,S,L2,TH,TH,[GLCLC text removed],好,EVAL,,
S_I_M_ALFD_GN_1,ALFD_GN,S,L2,GN,EN,[GLCLC text removed],好,EVAL,,
S_I_M_ALFD_GN_1,ALFD_GN,S,L2,GN,EN,[GLCLC text removed],好,DISP,,
S_I_M_ALFD_GN_1,ALFD_GN,S,L2,GN,EN,[GLCLC text removed],好,DISP,,
S_I_M_LMHA_TH+I_,LMHA_TH+I_,S,L2,TH,TH,[GLCLC text removed],好,EVAL,,
S_I_F_FLS_GQ,FLS_GQ,S,L2,GQ,ES,[GLCLC text removed],好,EVAL,,
S_I_F_HLY_TH,HLY_TH,S,L2,TH,TH,[GLCLC text removed],好,EVAL,,
S_I_F_JTN_GQ,JTN_GQ,S,L2,GQ,ES,[GLCLC text removed],好,EVAL,,
S_I_F_LLX_KR,LLX_KR,S,L2,KR,KR,[GLCLC text removed],好,EVAL,,
S_I_F_LZA_KR,LZA_KR,S,L2,KR,KR,[GLCLC text removed],好,DISP,,
S_I_F_QJZU_KR_1,QJZU_KR,S,L2,KR,KR,[GLCLC text removed],好,EVAL,,
S_I_F_QXX_KR,QXX_KR,S,L2,KR,KR,[GLCLC text removed],好,EVAL,,
S_I_M_ADH_RU_3,ADH_RU,S,L2,RU,RU,[GLCLC text removed],满意,MS,,
S_I_M_AGL_BF,AGL_BF,S,L2,BF,FR,[GLCLC text removed],好,DISP,,
S_I_M_AGL_BF,AGL_BF,S,L2,BF,FR,[GLCLC text removed],好,DISP,,
S_I_M_AGL_BF,AGL_BF,S,L2,BF,FR,[GLCLC text removed],好,DISP,,
S_I_M_BTLK_TG_3,BTLK_TG,S,L2,TG,EN,[GLCLC text removed],好,DISP,,
S_I_M_BTLK_TG_3,BTLK_TG,S,L2,TG,EN,[GLCLC text removed],好,DISP,,
S_I_M_LMA_PT,LMA_PT,S,L2,PT,PT,[GLCLC text removed],好,DISP,,
S_I_M_MENG_TH,MENG_TH,S,L2,TH,TH,[GLCLC text removed],好,DISP,,
S_I_M_MW_RU,MW_RU,S,L2,RU,RU,[GLCLC text removed],好,DISP,,
S_I_M_MW_RU,MW_RU,S,L2,RU,RU,[GLCLC text removed],好,DISP,,
S_I_F_CAMLG_TH_2,CAMLG_TH,S,L2,TH,TH,[GLCLC text removed],好,DISP,,
S_I_F_CAMLG_TH_2,CAMLG_TH,S,L2,TH,TH,[GLCLC text removed],好,DISP,,
S_I_F_JA_KR_3,JA_KR,S,L2,KR,KR,[GLCLC text removed],好,EVAL,,
S_I_F_JZE_KR,JZE_KR,S,L2,KR,KR,[GLCLC text removed],好,EVAL,,
S_I_F_JZE_KR,JZE_KR,S,L2,KR,KR,[GLCLC text removed],好,EVAL,,
S_I_F_JZE_KR,JZE_KR,S,L2,KR,KR,[GLCLC text removed],好,EVAL,,
S_I_F_LCL_KR_2,LCL_KR,S,L2,KR,KR,[GLCLC text removed],好,DISP,,
S_I_F_MLY_RU_2,MLY_RU,S,L2,RU,RU,[GLCLC text removed],好,EVAL,,
S_I_F_MLY_RU_2,MLY_RU,S,L2,RU,RU,[GLCLC text removed],好,EVAL,,
S_I_F_MLY_RU_2,MLY_RU,S,L2,RU,RU,[GLCLC text removed],好,EVAL,,
S_I_F_ZLYE_RU_3,ZLYE_RU,S,L2,RU,RU,[GLCLC text removed],好,EVAL,,
S_I_M_DCYY_JP_3,DCYY_JP,S,L2,JP,JP,[GLCLC text removed],好,EVAL,,
S_I_M_LC_TH_3,LC_TH,S,L2,TH,TH,[GLCLC text removed],好,EVAL,,
S_I_M_LC_TH_3,LC_TH,S,L2,TH,TH,[GLCLC text removed],好,EVAL,,
S_I_M_LIF_RU_3,LIF_RU,S,L2,RU,RU,[GLCLC text removed],好,EVAL,,
S_I_M_MWH_VE_2,MWH_VE,S,L2,VE,ES,[GLCLC text removed],好,EVAL,,
S_I_M_QFS_KR,QFS_KR,S,L2,KR,KR,[GLCLC text removed],好,EVAL,,
S_I_M_QFS_KR,QFS_KR,S,L2,KR,KR,[GLCLC text removed],好,EVAL,,
S_I_M_WGZE_VN_3,WGZE_VN,S,L2,VN,VN,[GLCLC text removed],好,EVAL,,
S_I_M_WYMU_SD_4,WYMU_SD,S,L2,SD,AR,[GLCLC text removed],好,EVAL,,
W_I_M_SXD_KR,SXD_KR,W,L2,KR,KR,[GLCLC text removed],好,EVAL,,
W_I_M_SXD_KR,SXD_KR,W,L2,KR,KR,[GLCLC text removed],好,EVAL,,
W_I_F_CXYA_KR_1,CXYA_KR,W,L2,KR,KR,[GLCLC text removed],好,EVAL,,
W_I_F_CXYA_KR_1,CXYA_KR,W,L2,KR,KR,[GLCLC text removed],好,EVAL,,
W_I_F_JXJ_KR_1,JXJ_KR,W,L2,KR,KR,[GLCLC text removed],好,EVAL,,
W_I_F_JXJ_KR_1,JXJ_KR,W,L2,KR,KR,[GLCLC text removed],好,EVAL,,
W_I_F_MX_CS,MX_CS,W,L2,CS,Other,[GLCLC text removed],好,EVAL,,
W_I_F_MX_CS,MX_CS,W,L2,CS,Other,[GLCLC text removed],好,EVAL,,
W_I_F_YZX_KR_1,YZX_KR,W,L2,KR,KR,[GLCLC text removed],好,EVAL,,
W_I_F_PZY_KR_1,PZY_KR,W,L2,KR,KR,[GLCLC text removed],好,DISP,,
W_I_F_CLY_KR_1,CLY_KR,W,L2,KR,KR,[GLCLC text removed],好,EVAL,,
W_I_F_ZJJ_KR,ZJJ_KR,W,L2,KR,KR,[GLCLC text removed],好,EVAL,,
W_I_F_ZSM_KR_3,ZSM_KR,W,L2,KR,KR,[GLCLC text removed],好,DISP,,
W_I_M_NE_KZ_1,NE_KZ,W,L2,KZ,TK,[GLCLC text removed],好,EVAL,,
W_I_F_ZSM_KR_1,ZSM_KR,W,L2,KR,KR,[GLCLC text removed],好,EVAL,,
W_I_F_CQM_TH,CQM_TH,W,L2,TH,TH,[GLCLC text removed],好,DISP,,
W_I_F_JRY_KR_3,JRY_KR,W,L2,KR,KR,[GLCLC text removed],好,EVAL,,
W_I_F_OMLI_TH,OMLI_TH,W,L2,TH,TH,[GLCLC text removed],好,DISP,,
W_I_F_OMLI_TH,OMLI_TH,W,L2,TH,TH,[GLCLC text removed],好,EVAL,,
W_I_M_BJM_AO_2,BJM_AO,W,L2,AO,PT,[GLCLC text removed],好,EVAL,,
W_I_M_WJS_MU,WJS_MU,W,L2,MU,Other,[GLCLC text removed],好,EVAL,,
W_I_F_KYC_RU_1,KYC_RU,W,L2,RU,RU,[GLCLC text removed],好,EVAL,,
W_I_F_LLS_TH_1,LLS_TH,W,L2,TH,TH,[GLCLC text removed],好,DISP,,
W_I_M_HLH_TH_5,HLH_TH,W,L2,TH,TH,[GLCLC text removed],好,DISP,,
W_I_F_YYQH_JP_2,YYQH_JP,W,L2,JP,JP,[GLCLC text removed],好,DISP,,
W_I_F_GB_MX,GB_MX,W,L2,MX,ES,[GLCLC text removed],好,DISP,,
W_I_F_GB_MX,GB_MX,W,L2,MX,ES,[GLCLC text removed],好,DISP,,
W_I_F_GB_MX,GB_MX,W,L2,MX,ES,[GLCLC text removed],好,DISP,,
W_I_F_MELI_KG,MELI_KG,W,L2,KG,TK,[GLCLC text removed],好,DISP,,
W_I_M_LWC_TH_2,LWC_TH,W,L2,TH,TH,[GLCLC text removed],好,DISP,,
W_I_M_MHMAD_TJ_2,MHMAD_TJ,W,L2,TJ,Other,[GLCLC text removed],好,DISP,,
W_I_F_JA_KR_4,JA_KR,W,L2,KR,KR,[GLCLC text removed],好,EVAL,,
W_I_F_MLY_RU_3,MLY_RU,W,L2,RU,RU,[GLCLC text removed],好,EVAL,,
W_I_M_LIF_RU_2,LIF_RU,W,L2,RU,RU,[GLCLC text removed],好,DISP,,
W_I_F_SSXI_KR_2,SSXI_KR,W,L2,KR,KR,[GLCLC text removed],好,DISP,,
W_I_F_CAMLG_TH_1,CAMLG_TH,W,L2,TH,TH,[GLCLC text removed],好,DISP,,
W_I_F_HPL_TH_3,HPL_TH,W,L2,TH,TH,[GLCLC text removed],好,DISP,,
W_I_F_HPL_TH_8,HPL_TH,W,L2,TH,TH,[GLCLC text removed],好,DISP,,
W_I_M_LWC_TH_9,LWC_TH,W,L2,TH,TH,[GLCLC text removed],好,DISP,,
W_I_M_MLIK_TJ,MLIK_TJ,W,L2,TJ,Other,[GLCLC text removed],好,DISP,,
W_I_F_PZY_KR_2,PZY_KR,W,L2,KR,KR,[GLCLC text removed],好,DISP,,
W_I_F_LZLA_CD_7,LZLA_CD,W,L2,CD,FR,[GLCLC text removed],好,DISP,,
W_I_F_CAMLG_TH_1,CAMLG_TH,W,L2,TH,TH,[GLCLC text removed],好,DISP,,
W_I_M_LMA_PT_1,LMA_PT,W,L2,PT,PT,[GLCLC text removed],好,DISP,,
W_I_F_CAMLG_TH_6,CAMLG_TH,W,L2,TH,TH,[GLCLC text removed],好,DISP,,
W_I_F_ZSYI_TH_7,ZSYI_TH,W,L2,TH,TH,[GLCLC text removed],好,DISP,,
W_I_M_LWC_TH_7,LWC_TH,W,L2,TH,TH,[GLCLC text removed],好,DISP,,
W_I_F_DNY_RU_13,DNY_RU,W,L2,RU,RU,[GLCLC text removed],好,DISP,,
W_I_F_LWL_ID_14,LWL_ID,W,L2,ID,Other,[GLCLC text removed],好,EVAL,,
W_I_F_JZUE_KR_7,JZUE_KR,W,L2,KR,KR,[GLCLC text removed],好,EVAL,,
W_I_F_JZUE_KR_7,JZUE_KR,W,L2,KR,KR,[GLCLC text removed],好,EVAL,,
W_I_F_JZUE_KR_7,JZUE_KR,W,L2,KR,KR,[GLCLC text removed],好,EVAL,,
W_I_F_JZUE_KR_7,JZUE_KR,W,L2,KR,KR,[GLCLC text removed],好,EVAL,,
W_I_F_JZUE_KR_7,JZUE_KR,W,L2,KR,KR,[GLCLC text removed],好,EVAL,,
W_I_F_JZUE_KR_7,JZUE_KR,W,L2,KR,KR,[GLCLC text removed],好,EVAL,,
W_I_M_DCYY_JP_1,DCYY_JP,W,L2,JP,JP,[GLCLC text removed],好,EVAL,,
W_I_M_BALID_GN_2,BALID_GN,W,L2,GN,EN,[GLCLC text removed],好,EVAL,,
W_I_F_LYZI_KR_1,LYZI_KR,W,L2,KR,KR,[GLCLC text removed],好,EVAL,,
W_I_F_QBYZ_JP_7,QBYZ_JP,W,L2,JP,JP,[GLCLC text removed],好,EVAL,,
W_I_F_QBYZ_JP_7,QBYZ_JP,W,L2,JP,JP,[GLCLC text removed],好,EVAL,,
W_I_M_MWH_VE_2,MWH_VE,W,L2,VE,ES,[GLCLC text removed],好,DISP,,
W_I_M_ABL_UZ_2,ABL_UZ,W,L2,UZ,TK,[GLCLC text removed],好,DISP,,
W_I_M_ABL_UZ_2,ABL_UZ,W,L2,UZ,TK,[GLCLC text removed],好,EVAL,,
W_I_M_BALID_GN_1,BALID_GN,W,L2,GN,EN,[GLCLC text removed],好,EVAL,,
W_I_F_LZYA_KR_5,LZYA_KR,W,L2,KR,KR,[GLCLC text removed],好,EVAL,,
W_I_F_HPL_TH_9,HPL_TH,W,L2,TH,TH,[GLCLC text removed],好,DISP,,
W_I_F_BYL_BR_3,BYL_BR,W,L2,BR,PT,[GLCLC text removed],好,EVAL,,
W_I_F_AYN_RU_3,AYN_RU,W,L2,RU,RU,[GLCLC text removed],好奇,MS,,
W_I_F_JZXIU_KR_1,JZXIU_KR,W,L2,KR,KR,[GLCLC text removed],好奇,MS,,
W_I_F_LZYA_KR_8,LZYA_KR,W,L2,KR,KR,[GLCLC text removed],好奇,MS,,
W_I_F_MRN_BR_6,MRN_BR,W,L2,BR,PT,[GLCLC text removed],好奇,MS,,
W_I_F_SSXI_KR_6,SSXI_KR,W,L2,KR,KR,[GLCLC text removed],好奇,MS,,
W_I_F_WDLY_RU_16,WDLY_RU,W,L2,RU,RU,[GLCLC text removed],好奇,MS,,
W_I_F_YIL_BR_2,YIL_BR,W,L2,BR,PT,[GLCLC text removed],好奇,MS,,
W_I_F_YLSB_PE_2,YLSB_PE,W,L2,PE,ES,[GLCLC text removed],好奇,MS,,
W_I_F_ZHH_TH_3,ZHH_TH,W,L2,TH,TH,[GLCLC text removed],好奇,MS,,
W_I_F_ZYY_VE_2,ZYY_VE,W,L2,VE,ES,[GLCLC text removed],好奇,MS,,
W_I_M_BALID_GN_6,BALID_GN,W,L2,GN,EN,[GLCLC text removed],好奇,MS,,
W_I_M_LBK_VE_9,LBK_VE,W,L2,VE,ES,[GLCLC text removed],好奇,MS,,
W_I_M_LMN_TH_2,LMN_TH,W,L2,TH,TH,[GLCLC text removed],好奇,MS,,
W_I_M_LTQ_PE_2,LTQ_PE,W,L2,PE,ES,[GLCLC text removed],好奇,MS,,
W_I_M_SMER_KZ_8,SMER_KZ,W,L2,KZ,TK,[GLCLC text removed],好奇,MS,,
W_I_M_XCYH_JP_2,XCYH_JP,W,L2,JP,JP,[GLCLC text removed],好奇,MS,,
W_I_M_ZYG_VE_2,ZYG_VE,W,L2,VE,ES,[GLCLC text removed],好奇,MS,,
W_I_M_LBK_VE_8,LBK_VE,W,L2,VE,ES,[GLCLC text removed],好奇,MS,,
W_I_F_BYL_BR_6,BYL_BR,W,L2,BR,PT,[GLCLC text removed],实行,SI,,
W_I_F_CAMLG_TH_3,CAMLG_TH,W,L2,TH,TH,[GLCLC text removed],尊重,DISP,,
W_I_M_ZCYT_JP_2,ZCYT_JP,W,L2,JP,JP,[GLCLC text removed],影响,EVAL,,
W_I_F_CRHI_KR_1,CRHI_KR,W,L2,KR,KR,[GLCLC text removed],影响,EVAL,,
W_I_F_AMI_GN_5,AMI_GN,W,L2,GN,EN,[GLCLC text removed],微笑,DA,,
W_I_F_JZP_CN_1,JZP_CN,W,L2,CN,Other,[GLCLC text removed],微笑,DA,,
W_I_M_HSE_PK_14,HSE_PK,W,L2,PK,Other,[GLCLC text removed],微笑,EVAL,,
S_I_F_CSQS_VN,CSQS_VN,S,L2,VN,VN,[GLCLC text removed],好,DISP,,
S_I_F_JTN_GQ,JTN_GQ,S,L2,GQ,ES,[GLCLC text removed],好,DISP,,
S_I_F_LCL_KR_3,LCL_KR,S,L2,KR,KR,[GLCLC text removed],好,DISP,,
S_I_M_LBK_VE_5,LBK_VE,S,L2,VE,ES,[GLCLC text removed],好,DISP,,
S_I_M_LMA_PT,LMA_PT,S,L2,PT,PT,[GLCLC text removed],好,DISP,,
S_I_M_XJ_RU,XJ_RU,S,L2,RU,RU,[GLCLC text removed],好,DISP,,
S_I_M_XMJ_FR,XMJ_FR,S,L2,FR,FR,[GLCLC text removed],好,DISP,,
W_I_M_HYH_KR_4,HYH_KR,W,L2,KR,KR,[GLCLC text removed],怨愤,MS,,
S_I_M_CJR_TH_2,CJR_TH,S,L2,TH,TH,[GLCLC text removed],感,MS,,
S_I_M_HAS_CU_1,HAS_CU,S,L2,CU,ES,[GLCLC text removed],感,MS,,
S_I_F_WUYM_CR_1,WUYM_CR,S,L2,CR,ES,[GLCLC text removed],感,MS,,
S_I_M_DYSR_JP+I_,DYSR_JP,S,L2,JP,JP,[GLCLC text removed],感,MS,,
S_I_F_WDLY_RU,WDLY_RU,S,L2,RU,RU,[GLCLC text removed],感,EVAL,,
S_I_F_YYQ_CH,YYQ_CH,S,L2,CH,Other,[GLCLC text removed],感,MS,,
S_I_F_AHL_PE_1,AHL_PE,S,L2,PE,ES,[GLCLC text removed],感,MS,,
S_I_M_WYMU_SD_3,WYMU_SD,S,L2,SD,AR,[GLCLC text removed],感,MS,,
S_I_F_JXZ_KR_1,JXZ_KR,S,L2,KR,KR,[GLCLC text removed],感,MS,,
W_I_F_JHXU_KR_2,JHXU_KR,W,L2,KR,KR,[GLCLC text removed],感,MS,,
W_I_F_WYS_TH_2,WYS_TH,W,L2,TH,TH,[GLCLC text removed],感,MS,,
W_I_F_WYS_TH_2,WYS_TH,W,L2,TH,TH,[GLCLC text removed],感,MS,,
W_I_F_YSLI_PE_3,YSLI_PE,W,L2,PE,ES,[GLCLC text removed],感,MS,,
W_I_F_ZSZ_KR,ZSZ_KR,W,L2,KR,KR,[GLCLC text removed],感,MS,,
W_I_F_ZTT_TH_3,ZTT_TH,W,L2,TH,TH,[GLCLC text removed],感,MS,,
W_I_M_BAOLUO_CL_,BAOLUO_CL,W,L2,CL,ES,[GLCLC text removed],感,MS,,
W_I_F_HNN_PE_3,HNN_PE,W,L2,PE,ES,[GLCLC text removed],感,MS,,
W_I_F_JHXI_KR_1,JHXI_KR,W,L2,KR,KR,[GLCLC text removed],感,MS,,
W_I_M_GQQG_JP_3,GQQG_JP,W,L2,JP,JP,[GLCLC text removed],感,MS,,
W_I_F_JAL_KR_2,JAL_KR,W,L2,KR,KR,[GLCLC text removed],感,MS,,
W_I_F_YLSB_PE_1,YLSB_PE,W,L2,PE,ES,[GLCLC text removed],感,MS,,
W_I_F_AHL_PE,AHL_PE,W,L2,PE,ES,[GLCLC text removed],感,MS,,
W_I_F_HPL_TH_2,HPL_TH,W,L2,TH,TH,[GLCLC text removed],感,MS,,
W_I_F_JZIE_KR_1,JZIE_KR,W,L2,KR,KR,[GLCLC text removed],感,MS,,
W_I_F_PL_KR,PL_KR,W,L2,KR,KR,[GLCLC text removed],感,MS,,
W_I_F_ZXLI_TH_2,ZXLI_TH,W,L2,TH,TH,[GLCLC text removed],感,MS,,
W_I_M_WJL_VE,WJL_VE,W,L2,VE,ES,[GLCLC text removed],感,MS,,
W_I_F_YESE_KZ_1,YESE_KZ,W,L2,KZ,TK,[GLCLC text removed],感,MS,,
W_I_F_WAL_EE_2,WAL_EE,W,L2,EE,Other,[GLCLC text removed],感,MS,,
W_I_F_WDLY_RU_2,WDLY_RU,W,L2,RU,RU,[GLCLC text removed],感,MS,,
W_I_F_GBQ_TH_7,GBQ_TH,W,L2,TH,TH,[GLCLC text removed],感,MS,,
W_I_F_QY_TH_2,QY_TH,W,L2,TH,TH,[GLCLC text removed],感,MS,,
W_I_F_WDLY_RU_1,WDLY_RU,W,L2,RU,RU,[GLCLC text removed],感,MS,,
W_I_F_SSXI_KR_2,SSXI_KR,W,L2,KR,KR,[GLCLC text removed],感,MS,,
W_I_F_SSXI_KR_2,SSXI_KR,W,L2,KR,KR,[GLCLC text removed],感,MS,,
W_I_F_BBXL_JP,BBXL_JP,W,L2,JP,JP,[GLCLC text removed],感,MS,,
W_I_F_BBXL_JP,BBXL_JP,W,L2,JP,JP,[GLCLC text removed],感,MS,,
W_I_F_BBXL_JP,BBXL_JP,W,L2,JP,JP,[GLCLC text removed],好奇,MS,,
W_I_F_FSFQ_VN_5,FSFQ_VN,W,L2,VN,VN,[GLCLC text removed],感,MS,,
W_I_F_JZIE_KR_3,JZIE_KR,W,L2,KR,KR,[GLCLC text removed],感,MS,,
W_I_F_JZXIU_KR_1,JZXIU_KR,W,L2,KR,KR,[GLCLC text removed],感,MS,,
W_I_F_LHYI_VN_2,LHYI_VN,W,L2,VN,VN,[GLCLC text removed],感,MS,,
W_I_F_LZYA_KR_8,LZYA_KR,W,L2,KR,KR,[GLCLC text removed],感,MS,,
W_I_F_PQY_KR,PQY_KR,W,L2,KR,KR,[GLCLC text removed],有,MS,,
W_I_F_QFM_KR_2,QFM_KR,W,L2,KR,KR,[GLCLC text removed],感,MS,,
W_I_F_WUYM_CR_2,WUYM_CR,W,L2,CR,ES,[GLCLC text removed],感,MS,,
W_I_F_YIL_BR_2,YIL_BR,W,L2,BR,PT,[GLCLC text removed],感,MS,,
W_I_F_ZHH_TH_3,ZHH_TH,W,L2,TH,TH,[GLCLC text removed],感,MS,,
W_I_F_ZYY_VE_2,ZYY_VE,W,L2,VE,ES,[GLCLC text removed],感,MS,,
W_I_M_BALID_GN_6,BALID_GN,W,L2,GN,EN,[GLCLC text removed],感,MS,,
W_I_M_EI_RU_8,EI_RU,W,L2,RU,RU,[GLCLC text removed],感,MS,,
W_I_M_LBK_VE_9,LBK_VE,W,L2,VE,ES,[GLCLC text removed],感,MS,,
W_I_M_LTQ_PE_2,LTQ_PE,W,L2,PE,ES,[GLCLC text removed],感,MS,,
W_I_M_SMER_KZ_8,SMER_KZ,W,L2,KZ,TK,[GLCLC text removed],感,MS,,
W_I_M_XCYH_JP_2,XCYH_JP,W,L2,JP,JP,[GLCLC text removed],感,MS,,
W_I_F_JJL_KR_2,JJL_KR,W,L2,KR,KR,[GLCLC text removed],感,MS,,
W_I_F_JJL_KR_2,JJL_KR,W,L2,KR,KR,[GLCLC text removed],感,MS,,
W_I_F_PZY_KR_2,PZY_KR,W,L2,KR,KR,[GLCLC text removed],感,MS,,
W_I_M_HDY_KR_3,HDY_KR,W,L2,KR,KR,[GLCLC text removed],感,MS,,
W_I_F_JZXIU_KR_1,JZXIU_KR,W,L2,KR,KR,[GLCLC text removed],感,MS,,
W_I_F_QBYZ_JP_12,QBYZ_JP,W,L2,JP,JP,[GLCLC text removed],感,MS,,
W_I_M_CJR_TH_7,CJR_TH,W,L2,TH,TH,[GLCLC text removed],感,MS,,
W_I_M_LBK_VE_8,LBK_VE,W,L2,VE,ES,[GLCLC text removed],感,MS,,
W_I_F_WDLY_RU_13,WDLY_RU,W,L2,RU,RU,[GLCLC text removed],感,MS,,
W_I_F_WUYM_CR_11,WUYM_CR,W,L2,CR,ES,[GLCLC text removed],感,MS,,
W_I_F_WDLY_RU_4,WDLY_RU,W,L2,RU,RU,[GLCLC text removed],感,MS,,
W_I_F_WDLY_RU_4,WDLY_RU,W,L2,RU,RU,[GLCLC text removed],感,MS,,
W_I_F_WDLY_RU_4,WDLY_RU,W,L2,RU,RU,[GLCLC text removed],感,MS,,
W_I_F_AYN_RU_4,AYN_RU,W,L2,RU,RU,[GLCLC text removed],感,MS,,
W_I_F_JHF_KR_2,JHF_KR,W,L2,KR,KR,[GLCLC text removed],感,MS,,
W_I_F_JHF_KR_2,JHF_KR,W,L2,KR,KR,[GLCLC text removed],感,EVAL,,
W_I_F_ZYY_VE_3,ZYY_VE,W,L2,VE,ES,[GLCLC text removed],感,MS,,
W_I_F_YYQH_JP_5,YYQH_JP,W,L2,JP,JP,[GLCLC text removed],感,EVAL,,
W_I_F_QYX_KR_3,QYX_KR,W,L2,KR,KR,[GLCLC text removed],感,MS,,
W_I_F_LHYI_VN_14,LHYI_VN,W,L2,VN,VN,[GLCLC text removed],感,MS,,
W_I_F_WDLY_RU_5,WDLY_RU,W,L2,RU,RU,[GLCLC text removed],感,MS,,
W_I_F_WDLY_RU_6,WDLY_RU,W,L2,RU,RU,[GLCLC text removed],感,MS,,
W_I_M_BALID_GN_1,BALID_GN,W,L2,GN,EN,[GLCLC text removed],感,MS,,
W_I_M_LMN_TH_14,LMN_TH,W,L2,TH,TH,[GLCLC text removed],感,MS,,
W_I_M_SMER_KZ_14,SMER_KZ,W,L2,KZ,TK,[GLCLC text removed],感,MS,,
W_I_M_SMER_KZ_14,SMER_KZ,W,L2,KZ,TK,[GLCLC text removed],感,MS,,
W_I_F_GBQ_TH_9,GBQ_TH,W,L2,TH,TH,[GLCLC text removed],感,MS,,
W_I_F_HPL_TH_5,HPL_TH,W,L2,TH,TH,[GLCLC text removed],感,MS,,
W_I_F_LJN_RU,LJN_RU,W,L2,RU,RU,[GLCLC text removed],感到,MS,,
W_I_F_SJZB_JP_2,SJZB_JP,W,L2,JP,JP,[GLCLC text removed],感到,MS,,
W_I_F_LZHY_KR,LZHY_KR,W,L2,KR,KR,[GLCLC text removed],感到,MS,,
W_I_F_GKA_TH_3,GKA_TH,W,L2,TH,TH,[GLCLC text removed],感到,MS,,
W_I_M_NJX_KR_3,NJX_KR,W,L2,KR,KR,[GLCLC text removed],感到,MS,,
W_I_M_GQQG_JP_2,GQQG_JP,W,L2,JP,JP,[GLCLC text removed],感到,MS,,
W_I_F_BYL_BR_7,BYL_BR,W,L2,BR,PT,[GLCLC text removed],感激,MS,,
W_I_F_YR_ES_14,YR_ES,W,L2,ES,ES,[GLCLC text removed],感觉,MS,,
W_I_M_ZCYT_JP_1,ZCYT_JP,W,L2,JP,JP,[GLCLC text removed],感谢,MS,,
W_I_F_HHC_KR_3,HHC_KR,W,L2,KR,KR,[GLCLC text removed],批评,DA,,
W_I_F_CQH_VN,CQH_VN,W,L2,VN,VN,[GLCLC text removed],指示,DA,,
W_I_F_LZSA_KR_1,LZSA_KR,W,L2,KR,KR,[GLCLC text removed],支持,DISP,,
S_I_M_ZLO_RU_2+I,ZLO_RU,S,L2,RU,RU,[GLCLC text removed],方便,EVAL,,
W_I_F_YZX_KR_1,YZX_KR,W,L2,KR,KR,[GLCLC text removed],无益,EVAL,,
S_I_F_DLYH_RU_3,DLYH_RU,S,L2,RU,RU,[GLCLC text removed],必不可少,EVAL,,
S_I_F_DLYH_RU_3,DLYH_RU,S,L2,RU,RU,[GLCLC text removed],是,EVAL,,
S_I_F_MLY_RU_2,MLY_RU,S,L2,RU,RU,[GLCLC text removed],是,EVAL,,
S_I_F_NSJK_UA_3,NSJK_UA,S,L2,UA,Other,[GLCLC text removed],是,EVAL,,
S_I_F_NSJK_UA_3,NSJK_UA,S,L2,UA,Other,[GLCLC text removed],是,EVAL,,
S_I_M_MSE_RU,MSE_RU,S,L2,RU,RU,[GLCLC text removed],是,EVAL,,
S_I_M_MSE_RU,MSE_RU,S,L2,RU,RU,[GLCLC text removed],是,EVAL,,
W_I_M_BAOLUO_CL_,BAOLUO_CL,W,L2,CL,ES,[GLCLC text removed],是,EVAL,,
W_I_F_LLS_TH_1,LLS_TH,W,L2,TH,TH,[GLCLC text removed],是,EVAL,,
W_I_F_LXJ_KR_1,LXJ_KR,W,L2,KR,KR,[GLCLC text removed],是,EVAL,,
W_I_F_LNA_KZ_3,LNA_KZ,W,L2,KZ,TK,[GLCLC text removed],是,EVAL,,
W_I_F_LNA_KZ_3,LNA_KZ,W,L2,KZ,TK,[GLCLC text removed],是,EVAL,,
W_I_F_YR_ES_14,YR_ES,W,L2,ES,ES,[GLCLC text removed],是,EVAL,,
S_I_M_HRZ_MG,HRZ_MG,S,L2,MG,Other,[GLCLC text removed],有,EVAL,,
S_I_F_QZY_KR_4,QZY_KR,S,L2,KR,KR,[GLCLC text removed],有,EVAL,,
W_I_F_LXHU_KR_2,LXHU_KR,W,L2,KR,KR,[GLCLC text removed],有,EVAL,,
W_I_F_CMY_VN,CMY_VN,W,L2,VN,VN,[GLCLC text removed],有,EVAL,,
W_I_F_WAL_EE_8,WAL_EE,W,L2,EE,Other,[GLCLC text removed],有,MS,,
S_I_M_LZL_GB_1,LZL_GB,S,L2,GB,EN,[GLCLC text removed],有,MS,,
S_I_F_YIL_BR_2,YIL_BR,S,L2,BR,PT,[GLCLC text removed],有,MS,,
S_I_F_YIL_BR_2,YIL_BR,S,L2,BR,PT,[GLCLC text removed],有,MS,,
S_I_F_ZYY_VE_2,ZYY_VE,S,L2,VE,ES,[GLCLC text removed],有,MS,,
S_I_F_LXB_KR_1,LXB_KR,S,L2,KR,KR,[GLCLC text removed],有,MS,,
S_I_F_HRC_DE+I_F,HRC_DE,S,L2,DE,Other,[GLCLC text removed],有,MS,,
S_I_M_ZR_CA,ZR_CA,S,L2,CA,EN,[GLCLC text removed],有,MS,,
W_I_F_MX_CS,MX_CS,W,L2,CS,Other,[GLCLC text removed],有,MS,,
W_I_F_QY_TH_1,QY_TH,W,L2,TH,TH,[GLCLC text removed],有,MS,,
W_I_F_JZHX_KR_2,JZHX_KR,W,L2,KR,KR,[GLCLC text removed],有,MS,,
W_I_F_NM_KZ_1,NM_KZ,W,L2,KZ,TK,[GLCLC text removed],有,MS,,
W_I_F_YSLI_PE_2,YSLI_PE,W,L2,PE,ES,[GLCLC text removed],有,MS,,
W_I_M_TZH_IT,TZH_IT,W,L2,IT,Other,[GLCLC text removed],有,MS,,
W_I_F_YIL_BR_5,YIL_BR,W,L2,BR,PT,[GLCLC text removed],有,MS,,
W_I_F_YSLI_PE_4,YSLI_PE,W,L2,PE,ES,[GLCLC text removed],有,MS,,
W_I_F_JXY_KR_2,JXY_KR,W,L2,KR,KR,[GLCLC text removed],有,MS,,
W_I_F_YIL_BR_9,YIL_BR,W,L2,BR,PT,[GLCLC text removed],有,MS,,
W_I_F_JJB_KR_3,JJB_KR,W,L2,KR,KR,[GLCLC text removed],有,MS,,
W_I_M_LWC_TH_3,LWC_TH,W,L2,TH,TH,[GLCLC text removed],有,MS,,
W_I_M_LWC_TH_3,LWC_TH,W,L2,TH,TH,[GLCLC text removed],有,MS,,
W_I_F_ZYJA_TH_8,ZYJA_TH,W,L2,TH,TH,[GLCLC text removed],有,EVAL,,
W_I_F_YYQ_CH_1,YYQ_CH,W,L2,CH,Other,[GLCLC text removed],有,MS,,
W_I_F_BYL_BR_6,BYL_BR,W,L2,BR,PT,[GLCLC text removed],有,EVAL,,
S_I_F_MLY_RU_1,MLY_RU,S,L2,RU,RU,[GLCLC text removed],有,EVAL,,
S_I_F_ZYY_VE_3,ZYY_VE,S,L2,VE,ES,[GLCLC text removed],有,EVAL,,
S_I_M_YGEU_UZ_3,YGEU_UZ,S,L2,UZ,TK,[GLCLC text removed],有,EVAL,,
S_I_M_YGEU_UZ_3,YGEU_UZ,S,L2,UZ,TK,[GLCLC text removed],有,EVAL,,
S_I_M_YGEU_UZ_3,YGEU_UZ,S,L2,UZ,TK,[GLCLC text removed],有,EVAL,,
S_I_M_YGEU_UZ_3,YGEU_UZ,S,L2,UZ,TK,[GLCLC text removed],有,EVAL,,
S_I_M_YGEU_UZ_3,YGEU_UZ,S,L2,UZ,TK,[GLCLC text removed],有,EVAL,,
W_I_M_RKHF_VN_1,RKHF_VN,W,L2,VN,VN,[GLCLC text removed],有,EVAL,,
W_I_M_DYSR_JP,DYSR_JP,W,L2,JP,JP,[GLCLC text removed],有,EVAL,,
W_I_F_MDN_KZ_1,MDN_KZ,W,L2,KZ,TK,[GLCLC text removed],有,EVAL,,
W_I_M_HLH_TH_5,HLH_TH,W,L2,TH,TH,[GLCLC text removed],有,EVAL,,
W_I_M_HLH_TH_5,HLH_TH,W,L2,TH,TH,[GLCLC text removed],有,EVAL,,
W_I_M_CHAL_ID,CHAL_ID,W,L2,ID,Other,[GLCLC text removed],有,EVAL,,
W_I_M_MWH_VE_1,MWH_VE,W,L2,VE,ES,[GLCLC text removed],有,EVAL,,
W_I_M_ZYG_VE_4,ZYG_VE,W,L2,VE,ES,[GLCLC text removed],有,EVAL,,
W_I_M_LDYI_KR_4,LDYI_KR,W,L2,KR,KR,[GLCLC text removed],有,MS,,
W_I_F_ZYJA_TH_8,ZYJA_TH,W,L2,TH,TH,[GLCLC text removed],有,EVAL,,
W_I_F_SZYI_KR_3,SZYI_KR,W,L2,KR,KR,[GLCLC text removed],有,EVAL,,
W_I_F_QYX_KR_5,QYX_KR,W,L2,KR,KR,[GLCLC text removed],有,EVAL,,
W_I_F_CAMLG_TH_1,CAMLG_TH,W,L2,TH,TH,[GLCLC text removed],有,EVAL,,
W_I_F_NLSA_KG_3,NLSA_KG,W,L2,KG,TK,[GLCLC text removed],有,EVAL,,
W_I_F_BYL_BR_3,BYL_BR,W,L2,BR,PT,[GLCLC text removed],有,EVAL,,
W_I_F_LCL_KR_4,LCL_KR,W,L2,KR,KR,[GLCLC text removed],有,EVAL,,
W_I_F_PRL_KR_3,PRL_KR,W,L2,KR,KR,[GLCLC text removed],有,EVAL,,
W_I_F_QYX_KR_4,QYX_KR,W,L2,KR,KR,[GLCLC text removed],有,EVAL,,
W_I_F_ZXLI_TH_8,ZXLI_TH,W,L2,TH,TH,[GLCLC text removed],有,EVAL,,
W_I_F_CHL_TH_1,CHL_TH,W,L2,TH,TH,[GLCLC text removed],有,EVAL,,
S_I_F_JDYI_KR+I_,JDYI_KR,S,L2,KR,KR,[GLCLC text removed],有,EVAL,,
S_I_F_MLY_RU_2,MLY_RU,S,L2,RU,RU,[GLCLC text removed],有,EVAL,,
S_I_F_MLY_RU_2,MLY_RU,S,L2,RU,RU,[GLCLC text removed],有,EVAL,,
S_I_F_MLY_RU_2,MLY_RU,S,L2,RU,RU,[GLCLC text removed],有,EVAL,,
S_I_F_SF_RU_6,SF_RU,S,L2,RU,RU,[GLCLC text removed],有,EVAL,,
S_I_F_SF_RU_6,SF_RU,S,L2,RU,RU,[GLCLC text removed],有,EVAL,,
S_I_F_ZYY_VE_3,ZYY_VE,S,L2,VE,ES,[GLCLC text removed],有,EVAL,,
W_I_M_ZZY_KR_2,ZZY_KR,W,L2,KR,KR,[GLCLC text removed],有,EVAL,,
W_I_M_PDL_BR,PDL_BR,W,L2,BR,PT,[GLCLC text removed],有,EVAL,,
W_I_F_CMY_VN,CMY_VN,W,L2,VN,VN,[GLCLC text removed],有,EVAL,,
W_I_M_LMHA_TH,LMHA_TH,W,L2,TH,TH,[GLCLC text removed],有,EVAL,,
W_I_M_LC_TH_1,LC_TH,W,L2,TH,TH,[GLCLC text removed],有,EVAL,,
W_I_F_JZUE_KR_4,JZUE_KR,W,L2,KR,KR,[GLCLC text removed],有,EVAL,,
W_I_F_SZYI_KR_1,SZYI_KR,W,L2,KR,KR,[GLCLC text removed],有,EVAL,,
W_I_F_JRY_KR_2,JRY_KR,W,L2,KR,KR,[GLCLC text removed],有,EVAL,,
S_I_M_MHMAD_TJ,MHMAD_TJ,S,L2,TJ,Other,[GLCLC text removed],有,EVAL,,
W_I_F_JZUE_KR_1,JZUE_KR,W,L2,KR,KR,[GLCLC text removed],有,EVAL,,
W_I_F_NDS_RU_3,NDS_RU,W,L2,RU,RU,[GLCLC text removed],有,EVAL,,
S_I_F_LXB_KR_3,LXB_KR,S,L2,KR,KR,[GLCLC text removed],有,EVAL,,
W_I_F_QFM_KR_13,QFM_KR,W,L2,KR,KR,[GLCLC text removed],有,EVAL,,
W_I_M_SSXN_KR,SSXN_KR,W,L2,KR,KR,[GLCLC text removed],有,EVAL,,
W_I_F_DFH_TH_5,DFH_TH,W,L2,TH,TH,[GLCLC text removed],有,EVAL,,
W_I_F_ZTT_TH_3,ZTT_TH,W,L2,TH,TH,[GLCLC text removed],有,EVAL,,
W_I_F_CQH_VN,CQH_VN,W,L2,VN,VN,[GLCLC text removed],有,EVAL,,
S_I_F_LLX_KR,LLX_KR,S,L2,KR,KR,[GLCLC text removed],有,EVAL,,
W_I_M_LC_TH_1,LC_TH,W,L2,TH,TH,[GLCLC text removed],有,EVAL,,
W_I_M_ADH_RU_2,ADH_RU,W,L2,RU,RU,[GLCLC text removed],有,EVAL,,
W_I_F_SJZB_JP_3,SJZB_JP,W,L2,JP,JP,[GLCLC text removed],有,MS,,
W_I_F_PRL_KR_3,PRL_KR,W,L2,KR,KR,[GLCLC text removed],有,MS,,
W_I_F_JRY_KR_3,JRY_KR,W,L2,KR,KR,[GLCLC text removed],有,MS,,
W_I_F_JJB_KR_7,JJB_KR,W,L2,KR,KR,[GLCLC text removed],有,EVAL,,
W_I_F_LZSA_KR_4,LZSA_KR,W,L2,KR,KR,[GLCLC text removed],有,MS,,
W_I_F_WAL_EE_2,WAL_EE,W,L2,EE,Other,[GLCLC text removed],有,MS,,
W_I_F_LZYI_KR_3,LZYI_KR,W,L2,KR,KR,[GLCLC text removed],有,ABT,,
W_I_F_JML_KR_2,JML_KR,W,L2,KR,KR,[GLCLC text removed],有,MS,,
W_I_F_JZUE_KR_5,JZUE_KR,W,L2,KR,KR,[GLCLC text removed],有,MS,,
S_I_F_JAML_TH,JAML_TH,S,L2,TH,TH,[GLCLC text removed],有,EVAL,,
S_I_M_KD_EG_3,KD_EG,S,L2,EG,AR,[GLCLC text removed],有,EVAL,,
W_I_F_JYU_KZ_1,JYU_KZ,W,L2,KZ,TK,[GLCLC text removed],说,DA,,
W_I_M_MSA_RU,MSA_RU,W,L2,RU,RU,[GLCLC text removed],清楚,MS,,
W_I_M_MSA_RU,MSA_RU,W,L2,RU,RU,[GLCLC text removed],清楚,MS,,
W_I_M_CXD_KR_1,CXD_KR,W,L2,KR,KR,[GLCLC text removed],温和,DISP,,
W_I_M_WJH_TH_1,WJH_TH,W,L2,TH,TH,[GLCLC text removed],满意,MS,,
S_I_M_ADH_RU_3,ADH_RU,S,L2,RU,RU,[GLCLC text removed],满意,MS,,
S_I_M_ADH_RU_3,ADH_RU,S,L2,RU,RU,[GLCLC text removed],满意,MS,,
S_I_M_WYMU_SD_3,WYMU_SD,S,L2,SD,AR,[GLCLC text removed],满意,MS,,
W_I_M_ZCS_TH,ZCS_TH,W,L2,TH,TH,[GLCLC text removed],满意,MS,,
W_I_F_NSJB_RU_2,NSJB_RU,W,L2,RU,RU,[GLCLC text removed],满意,MS,,
W_I_M_WJH_TH_1,WJH_TH,W,L2,TH,TH,[GLCLC text removed],满意,MS,,
W_I_F_LXHU_KR_6,LXHU_KR,W,L2,KR,KR,[GLCLC text removed],满意,MS,,
W_I_F_MDN_KZ_1,MDN_KZ,W,L2,KZ,TK,[GLCLC text removed],满意,MS,,
W_I_F_WHY_TH,WHY_TH,W,L2,TH,TH,[GLCLC text removed],满意,MS,,
W_I_F_YTQZ_JP_1,YTQZ_JP,W,L2,JP,JP,[GLCLC text removed],满意,MS,,
W_I_F_LZSA_KR_1,LZSA_KR,W,L2,KR,KR,[GLCLC text removed],满意,MS,,
W_I_F_JZIE_KR_1,JZIE_KR,W,L2,KR,KR,[GLCLC text removed],满意,MS,,
W_I_F_JZJN_KR,JZJN_KR,W,L2,KR,KR,[GLCLC text removed],满意,MS,,
W_I_F_PL_KR,PL_KR,W,L2,KR,KR,[GLCLC text removed],满意,MS,,
W_I_M_ADH_RU_3,ADH_RU,W,L2,RU,RU,[GLCLC text removed],满意,MS,,
W_I_F_MDN_KZ_3,MDN_KZ,W,L2,KZ,TK,[GLCLC text removed],满意,MS,,
W_I_F_XH_KG_2,XH_KG,W,L2,KG,TK,[GLCLC text removed],满意,MS,,
W_I_M_ADH_RU_5,ADH_RU,W,L2,RU,RU,[GLCLC text removed],满意,MS,,
W_I_F_HHC_KR_1,HHC_KR,W,L2,KR,KR,[GLCLC text removed],烦恼,MS,,
W_I_F_CLY_KR_2,CLY_KR,W,L2,KR,KR,[GLCLC text removed],热心,DISP,,
W_I_F_CLY_KR_2,CLY_KR,W,L2,KR,KR,[GLCLC text removed],热心,DISP,,
W_I_F_JHXI_KR_1,JHXI_KR,W,L2,KR,KR,[GLCLC text removed],热情,DISP,,
W_I_F_KELA_PE_1,KELA_PE,W,L2,PE,ES,[GLCLC text removed],热情,DISP,,
W_I_F_ZXLI_TH_6,ZXLI_TH,W,L2,TH,TH,[GLCLC text removed],热情,DISP,,
W_I_M_BJM_AO_2,BJM_AO,W,L2,AO,PT,[GLCLC text removed],熟悉,MS,,
W_I_M_SMER_KZ_15,SMER_KZ,W,L2,KZ,TK,[GLCLC text removed],熟悉,MS,,
W_I_M_ZJX_VE_4,ZJX_VE,W,L2,VE,ES,[GLCLC text removed],熟悉,MS,,
W_I_F_PRL_KR_3,PRL_KR,W,L2,KR,KR,[GLCLC text removed],熟悉,MS,,
W_I_F_QFM_KR_8,QFM_KR,W,L2,KR,KR,[GLCLC text removed],特别,EVAL,,
W_I_F_QFM_KR_8,QFM_KR,W,L2,KR,KR,[GLCLC text removed],特别,EVAL,,
S_I_M_WYMU_SD_4,WYMU_SD,S,L2,SD,AR,[GLCLC text removed],不理,DISP,,
S_I_M_AMT_TJ,AMT_TJ,S,L2,TJ,Other,[GLCLC text removed],理解,MS,,
S_I_M_LMA_PT,LMA_PT,S,L2,PT,PT,[GLCLC text removed],理解,MS,,
W_I_M_SZB_KR,SZB_KR,W,L2,KR,KR,[GLCLC text removed],理解,MS,,
W_I_F_YLLY_RU_1,YLLY_RU,W,L2,RU,RU,[GLCLC text removed],留意,MS,,
W_I_F_ZTT_TH_3,ZTT_TH,W,L2,TH,TH,[GLCLC text removed],知道,MS,,
W_I_F_JZP_CN_1,JZP_CN,W,L2,CN,Other,[GLCLC text removed],笑,DA,,
W_I_F_JZP_CN_2,JZP_CN,W,L2,CN,Other,[GLCLC text removed],笑,DA,,
W_I_F_KELA_PE_3,KELA_PE,W,L2,PE,ES,[GLCLC text removed],耐心,DISP,,
S_I_F_PRL_KR_2,PRL_KR,S,L2,KR,KR,[GLCLC text removed],表白,DA,,
W_I_F_JZXIU_KR_1,JZXIU_KR,W,L2,KR,KR,[GLCLC text removed],表示,DA,,
W_I_F_LQQ_TH_1,LQQ_TH,W,L2,TH,TH,[GLCLC text removed],表示,DA,,
W_I_F_JHXI_KR_2,JHXI_KR,W,L2,KR,KR,[GLCLC text removed],要求,DA,,
W_I_F_KLSDN_RU,KLSDN_RU,W,L2,RU,RU,[GLCLC text removed],严格,DISP,,
S_I_F_AMI_GN_5,AMI_GN,S,L2,GN,EN,[GLCLC text removed],说,DA,,
S_I_F_AMI_GN_5,AMI_GN,S,L2,GN,EN,[GLCLC text removed],说,DA,,
S_I_F_ASHA_CG_4,ASHA_CG,S,L2,CG,FR,[GLCLC text removed],说,DA,,
S_I_F_ASHA_CG_4,ASHA_CG,S,L2,CG,FR,[GLCLC text removed],说,DA,,
S_I_F_FLS_GQ,FLS_GQ,S,L2,GQ,ES,[GLCLC text removed],说,DA,,
S_I_F_FLS_GQ,FLS_GQ,S,L2,GQ,ES,[GLCLC text removed],说,DA,,
S_I_F_FLS_GQ,FLS_GQ,S,L2,GQ,ES,[GLCLC text removed],说,DA,,
S_I_F_KLDY_CO_3,KLDY_CO,S,L2,CO,ES,[GLCLC text removed],说,DA,,
S_I_F_KLDY_CO_3,KLDY_CO,S,L2,CO,ES,[GLCLC text removed],说,DA,,
S_I_F_LCL_KR_3,LCL_KR,S,L2,KR,KR,[GLCLC text removed],说,DA,,
S_I_F_LZA_KR,LZA_KR,S,L2,KR,KR,[GLCLC text removed],说,DA,,
S_I_F_LZA_KR,LZA_KR,S,L2,KR,KR,[GLCLC text removed],说,DA,,
S_I_F_LZA_KR,LZA_KR,S,L2,KR,KR,[GLCLC text removed],说,DA,,
S_I_F_LZA_KR,LZA_KR,S,L2,KR,KR,[GLCLC text removed],说,DA,,
S_I_F_LZM_KR,LZM_KR,S,L2,KR,KR,[GLCLC text removed],说,DA,,
S_I_F_LZM_KR,LZM_KR,S,L2,KR,KR,[GLCLC text removed],说,DA,,
S_I_F_NLSA_KG_1,NLSA_KG,S,L2,KG,TK,[GLCLC text removed],说,DA,,
S_I_F_PML_CG_2,PML_CG,S,L2,CG,FR,[GLCLC text removed],说,DA,,
S_I_F_PML_CG_2,PML_CG,S,L2,CG,FR,[GLCLC text removed],说,DA,,
S_I_F_PML_CG_2,PML_CG,S,L2,CG,FR,[GLCLC text removed],说,DA,,
S_I_F_PSY_KR,PSY_KR,S,L2,KR,KR,[GLCLC text removed],说,DA,,
S_I_M_AILAN_PK_3,AILAN_PK,S,L2,PK,Other,[GLCLC text removed],说,DA,,
S_I_M_AMU_YE,AMU_YE,S,L2,YE,AR,[GLCLC text removed],说,DA,,
S_I_M_GQQG_JP_2,GQQG_JP,S,L2,JP,JP,[GLCLC text removed],说,DA,,
S_I_M_GQQG_JP_2,GQQG_JP,S,L2,JP,JP,[GLCLC text removed],说,DA,,
S_I_M_HRZ_MG,HRZ_MG,S,L2,MG,Other,[GLCLC text removed],说,DA,,
S_I_M_HRZ_MG,HRZ_MG,S,L2,MG,Other,[GLCLC text removed],说,DA,,
S_I_M_KD_EG_3,KD_EG,S,L2,EG,AR,[GLCLC text removed],说,DA,,
S_I_M_KD_EG_3,KD_EG,S,L2,EG,AR,[GLCLC text removed],说,DA,,
S_I_M_KD_EG_3,KD_EG,S,L2,EG,AR,[GLCLC text removed],说,DA,,
S_I_M_XLH_TJ,XLH_TJ,S,L2,TJ,Other,[GLCLC text removed],说,DA,,
S_I_M_XR_JP,XR_JP,S,L2,JP,JP,[GLCLC text removed],说,EVAL,,
S_I_F_AHY_KR_3,AHY_KR,S,L2,KR,KR,[GLCLC text removed],说,DA,,
S_I_F_AHY_KR_3,AHY_KR,S,L2,KR,KR,[GLCLC text removed],说,DA,,
S_I_F_CLY_KR,CLY_KR,S,L2,KR,KR,[GLCLC text removed],说,DA,,
S_I_F_CLY_KR,CLY_KR,S,L2,KR,KR,[GLCLC text removed],说,DA,,
S_I_F_DLYH_RU_3,DLYH_RU,S,L2,RU,RU,[GLCLC text removed],说,DA,,
S_I_F_DLYH_RU_3,DLYH_RU,S,L2,RU,RU,[GLCLC text removed],说,DA,,
S_I_F_JHXI_KR_4,JHXI_KR,S,L2,KR,KR,[GLCLC text removed],说,DA,,
S_I_F_JHXI_KR_4,JHXI_KR,S,L2,KR,KR,[GLCLC text removed],说,DA,,
S_I_F_LXB_KR_3,LXB_KR,S,L2,KR,KR,[GLCLC text removed],说,DA,,
S_I_F_LXB_KR_3,LXB_KR,S,L2,KR,KR,[GLCLC text removed],说,DA,,
S_I_F_NSJP_RU_3,NSJP_RU,S,L2,RU,RU,[GLCLC text removed],说,DA,,
S_I_F_NSJP_RU_3,NSJP_RU,S,L2,RU,RU,[GLCLC text removed],说,DA,,
S_I_F_NSJP_RU_3,NSJP_RU,S,L2,RU,RU,[GLCLC text removed],说,DA,,
S_I_F_QZY_KR_4,QZY_KR,S,L2,KR,KR,[GLCLC text removed],说,DA,,
S_I_F_QZY_KR_4,QZY_KR,S,L2,KR,KR,[GLCLC text removed],说,DA,,
S_I_F_SF_RU_6,SF_RU,S,L2,RU,RU,[GLCLC text removed],说,EVAL,,
S_I_F_SF_RU_6,SF_RU,S,L2,RU,RU,[GLCLC text removed],说,DA,,
S_I_F_TSI_ET_5,TSI_ET,S,L2,ET,Other,[GLCLC text removed],说,DA,,
S_I_F_TSI_ET_5,TSI_ET,S,L2,ET,Other,[GLCLC text removed],说,DA,,
S_I_F_TSI_ET_5,TSI_ET,S,L2,ET,Other,[GLCLC text removed],说,DA,,
S_I_F_XYY_TH_4,XYY_TH,S,L2,TH,TH,[GLCLC text removed],说,DA,,
S_I_F_XYY_TH_4,XYY_TH,S,L2,TH,TH,[GLCLC text removed],说,DA,,
S_I_F_ZLYE_RU_3,ZLYE_RU,S,L2,RU,RU,[GLCLC text removed],说,DA,,
S_I_M_WYMU_SD_3,WYMU_SD,S,L2,SD,AR,[GLCLC text removed],说,DA,,
S_I_M_WYMU_SD_3,WYMU_SD,S,L2,SD,AR,[GLCLC text removed],说,DA,,
S_I_M_WYMU_SD_4,WYMU_SD,S,L2,SD,AR,[GLCLC text removed],说,DA,,
S_I_M_WYMU_SD_4,WYMU_SD,S,L2,SD,AR,[GLCLC text removed],说,DA,,
S_I_M_WYMU_SD_4,WYMU_SD,S,L2,SD,AR,[GLCLC text removed],说,DA,,
W_I_F_YYQH_JP_1,YYQH_JP,W,L2,JP,JP,[GLCLC text removed],说,DA,,
W_I_M_ZHX_VE,ZHX_VE,W,L2,VE,ES,[GLCLC text removed],说,EVAL,,
W_I_F_ALI_EE,ALI_EE,W,L2,EE,Other,[GLCLC text removed],说,DA,,
W_I_F_JZUE_KR_1,JZUE_KR,W,L2,KR,KR,[GLCLC text removed],说,EVAL,,
W_I_F_JEL_KR_4,JEL_KR,W,L2,KR,KR,[GLCLC text removed],说,DA,,
W_I_F_KYC_RU_2,KYC_RU,W,L2,RU,RU,[GLCLC text removed],说,DA,,
W_I_F_LWEN_TH_2,LWEN_TH,W,L2,TH,TH,[GLCLC text removed],说,EVAL,,
W_I_F_CXYA_KR_3,CXYA_KR,W,L2,KR,KR,[GLCLC text removed],说,DA,,
W_I_F_CXYA_KR_3,CXYA_KR,W,L2,KR,KR,[GLCLC text removed],说,DA,,
W_I_F_CXYA_KR_3,CXYA_KR,W,L2,KR,KR,[GLCLC text removed],说,DA,,
W_I_F_JXJ_KR_3,JXJ_KR,W,L2,KR,KR,[GLCLC text removed],说,DA,,
W_I_F_JXJ_KR_3,JXJ_KR,W,L2,KR,KR,[GLCLC text removed],说,DA,,
W_I_F_SHZ_KR_2,SHZ_KR,W,L2,KR,KR,[GLCLC text removed],说,DA,,
W_I_M_ZJX_VE_3,ZJX_VE,W,L2,VE,ES,[GLCLC text removed],说,DA,,
W_I_M_ZJX_VE_3,ZJX_VE,W,L2,VE,ES,[GLCLC text removed],说,DA,,
W_I_M_ZJX_VE_3,ZJX_VE,W,L2,VE,ES,[GLCLC text removed],说,DA,,
W_I_F_AHY_KR_1,AHY_KR,W,L2,KR,KR,[GLCLC text removed],说,DA,,
W_I_F_AHY_KR_1,AHY_KR,W,L2,KR,KR,[GLCLC text removed],说,DA,,
W_I_F_AMI_GN_5,AMI_GN,W,L2,GN,EN,[GLCLC text removed],说,DA,,
W_I_F_JHXI_KR_3,JHXI_KR,W,L2,KR,KR,[GLCLC text removed],说,DA,,
W_I_F_SF_RU_5,SF_RU,W,L2,RU,RU,[GLCLC text removed],说,DA,,
W_I_F_ZJJ_KR,ZJJ_KR,W,L2,KR,KR,[GLCLC text removed],说,DA,,
W_I_M_PZH_KR,PZH_KR,W,L2,KR,KR,[GLCLC text removed],说,DA,,
W_I_M_YTHZ_JP,YTHZ_JP,W,L2,JP,JP,[GLCLC text removed],说,DA,,
W_I_F_CHL_TH_3,CHL_TH,W,L2,TH,TH,[GLCLC text removed],说,DA,,
W_I_F_ZSM_KR_3,ZSM_KR,W,L2,KR,KR,[GLCLC text removed],说,DA,,
W_I_M_NE_KZ_1,NE_KZ,W,L2,KZ,TK,[GLCLC text removed],说,EVAL,,
W_I_F_AMI_GN_3,AMI_GN,W,L2,GN,EN,[GLCLC text removed],说,DA,,
W_I_F_AMI_GN_3,AMI_GN,W,L2,GN,EN,[GLCLC text removed],说,DA,,
W_I_F_AMI_GN_3,AMI_GN,W,L2,GN,EN,[GLCLC text removed],说,DA,,
W_I_F_HRC_DE,HRC_DE,W,L2,DE,Other,[GLCLC text removed],说,DA,,
W_I_M_LZL_ES,LZL_ES,W,L2,ES,ES,[GLCLC text removed],说,DA,,
W_I_M_MZ_GN,MZ_GN,W,L2,GN,EN,[GLCLC text removed],说,DA,,
W_I_F_JML_KR_1,JML_KR,W,L2,KR,KR,[GLCLC text removed],说,DA,,
W_I_F_JXZ_KR_1,JXZ_KR,W,L2,KR,KR,[GLCLC text removed],说,DA,,
W_I_F_LXJ_KR_1,LXJ_KR,W,L2,KR,KR,[GLCLC text removed],说,DA,,
W_I_F_PZP_KR_1,PZP_KR,W,L2,KR,KR,[GLCLC text removed],说,DA,,
W_I_F_QJZU_KR_1,QJZU_KR,W,L2,KR,KR,[GLCLC text removed],说,DA,,
W_I_F_WML_KR_1,WML_KR,W,L2,KR,KR,[GLCLC text removed],说,DA,,
W_I_F_JYS_KR,JYS_KR,W,L2,KR,KR,[GLCLC text removed],说,DA,,
W_I_F_JYS_KR,JYS_KR,W,L2,KR,KR,[GLCLC text removed],说,DA,,
W_I_F_ZML_TH_1,ZML_TH,W,L2,TH,TH,[GLCLC text removed],说,DA,,
W_I_M_LWC_TH_1,LWC_TH,W,L2,TH,TH,[GLCLC text removed],说,DA,,
W_I_F_JDYI_KR_2,JDYI_KR,W,L2,KR,KR,[GLCLC text removed],说,DA,,
W_I_F_LNA_KZ_2,LNA_KZ,W,L2,KZ,TK,[GLCLC text removed],说,DA,,
W_I_F_MELA_TJ,MELA_TJ,W,L2,TJ,Other,[GLCLC text removed],说,DA,,
W_I_F_PML_CG_3,PML_CG,W,L2,CG,FR,[GLCLC text removed],说,DA,,
W_I_F_RXBHZ_JP,RXBHZ_JP,W,L2,JP,JP,[GLCLC text removed],说,DA,,
W_I_M_CYD_TH,CYD_TH,W,L2,TH,TH,[GLCLC text removed],说,DA,,
W_I_M_LCY_TH_1,LCY_TH,W,L2,TH,TH,[GLCLC text removed],说,DA,,
W_I_F_JZUE_KR_5,JZUE_KR,W,L2,KR,KR,[GLCLC text removed],说,DA,,
W_I_F_JZP_CN_1,JZP_CN,W,L2,CN,Other,[GLCLC text removed],说,DA,,
W_I_F_LHYI_VN_11,LHYI_VN,W,L2,VN,VN,[GLCLC text removed],说,DA,,
W_I_F_JZXIU_KR_7,JZXIU_KR,W,L2,KR,KR,[GLCLC text removed],说,DA,,
W_I_F_LWL_ID_4,LWL_ID,W,L2,ID,Other,[GLCLC text removed],说,DA,,
W_I_F_LZYA_KR_10,LZYA_KR,W,L2,KR,KR,[GLCLC text removed],说,DA,,
W_I_F_QBYZ_JP_1,QBYZ_JP,W,L2,JP,JP,[GLCLC text removed],说,DA,,
W_I_F_YR_ES_4,YR_ES,W,L2,ES,ES,[GLCLC text removed],说,DA,,
W_I_M_ABL_UZ_1,ABL_UZ,W,L2,UZ,TK,[GLCLC text removed],说,DA,,
W_I_M_SMER_KZ_5,SMER_KZ,W,L2,KZ,TK,[GLCLC text removed],说,DA,,
W_I_M_SMER_KZ_5,SMER_KZ,W,L2,KZ,TK,[GLCLC text removed],说,DA,,
W_I_M_SMER_KZ_5,SMER_KZ,W,L2,KZ,TK,[GLCLC text removed],说,DA,,
W_I_F_LZLA_CD_4,LZLA_CD,W,L2,CD,FR,[GLCLC text removed],说,EVAL,,
W_I_F_LZLA_CD_4,LZLA_CD,W,L2,CD,FR,[GLCLC text removed],说,DA,,
W_I_F_QYX_KR_5,QYX_KR,W,L2,KR,KR,[GLCLC text removed],说,EVAL,,
W_I_M_BALID_GN_7,BALID_GN,W,L2,GN,EN,[GLCLC text removed],说,DA,,
W_I_M_SMER_KZ_8,SMER_KZ,W,L2,KZ,TK,[GLCLC text removed],说,DA,,
W_I_F_BYL_BR_7,BYL_BR,W,L2,BR,PT,[GLCLC text removed],说,DA,,
W_I_M_BAOLUO_CL_,BAOLUO_CL,W,L2,CL,ES,[GLCLC text removed],说,DA,,
W_I_F_JZUE_KR_2,JZUE_KR,W,L2,KR,KR,[GLCLC text removed],说,DA,,
W_I_F_LZLA_CD_6,LZLA_CD,W,L2,CD,FR,[GLCLC text removed],说,DA,,
W_I_F_LZLA_CD_6,LZLA_CD,W,L2,CD,FR,[GLCLC text removed],说,DA,,
W_I_F_JZXIU_KR_1,JZXIU_KR,W,L2,KR,KR,[GLCLC text removed],说,DA,,
W_I_F_LHYI_VN_15,LHYI_VN,W,L2,VN,VN,[GLCLC text removed],说,DA,,
W_I_F_SSXI_KR_9,SSXI_KR,W,L2,KR,KR,[GLCLC text removed],说,DA,,
W_I_F_PZY_KR_3,PZY_KR,W,L2,KR,KR,[GLCLC text removed],说,DA,,
W_I_F_MRN_BR_9,MRN_BR,W,L2,BR,PT,[GLCLC text removed],说,DA,,
W_I_F_WUYM_CR_13,WUYM_CR,W,L2,CR,ES,[GLCLC text removed],说,DA,,
W_I_F_WUYM_CR_13,WUYM_CR,W,L2,CR,ES,[GLCLC text removed],说,EVAL,,
W_I_F_WUYM_CR_13,WUYM_CR,W,L2,CR,ES,[GLCLC text removed],说,DA,,
W_I_M_HSE_PK_10,HSE_PK,W,L2,PK,Other,[GLCLC text removed],说,DA,,
W_I_F_XAW_ML_3,XAW_ML,W,L2,ML,FR,[GLCLC text removed],说,DA,,
W_I_F_JZXIU_KR_9,JZXIU_KR,W,L2,KR,KR,[GLCLC text removed],说,DA,,
W_I_M_LWC_TH_8,LWC_TH,W,L2,TH,TH,[GLCLC text removed],说,DA,,
W_I_F_PML_CG_1,PML_CG,W,L2,CG,FR,[GLCLC text removed],说,EVAL,,
W_I_F_DFH_TH_2,DFH_TH,W,L2,TH,TH,[GLCLC text removed],说,DA,,
W_I_F_LZLA_CD_8,LZLA_CD,W,L2,CD,FR,[GLCLC text removed],说,DA,,
W_I_F_LZLA_CD_8,LZLA_CD,W,L2,CD,FR,[GLCLC text removed],说,DA,,
W_I_F_LZLA_CD_8,LZLA_CD,W,L2,CD,FR,[GLCLC text removed],说,DA,,
W_I_F_LZLA_CD_9,LZLA_CD,W,L2,CD,FR,[GLCLC text removed],说,DA,,
W_I_M_LMN_TH_16,LMN_TH,W,L2,TH,TH,[GLCLC text removed],说,DA,,
W_I_M_SMER_KZ_3,SMER_KZ,W,L2,KZ,TK,[GLCLC text removed],说,DA,,
W_I_M_SMER_KZ_3,SMER_KZ,W,L2,KZ,TK,[GLCLC text removed],说,DA,,
W_I_F_SSXI_KR_7,SSXI_KR,W,L2,KR,KR,[GLCLC text removed],说,DA,,
W_I_F_WUYM_CR_8,WUYM_CR,W,L2,CR,ES,[GLCLC text removed],说,DA,,
W_I_F_YR_ES_7,YR_ES,W,L2,ES,ES,[GLCLC text removed],说,DA,,
W_I_F_YR_ES_7,YR_ES,W,L2,ES,ES,[GLCLC text removed],说,DA,,
W_I_M_ZJX_VE_4,ZJX_VE,W,L2,VE,ES,[GLCLC text removed],说,DA,,
W_I_F_JZUE_KR_6,JZUE_KR,W,L2,KR,KR,[GLCLC text removed],说,DA,,
W_I_M_MWH_VE_5,MWH_VE,W,L2,VE,ES,[GLCLC text removed],说,DA,,
W_I_M_SMER_KZ_11,SMER_KZ,W,L2,KZ,TK,[GLCLC text removed],说,DA,,
W_I_F_AMEI_MU_3,AMEI_MU,W,L2,MU,Other,[GLCLC text removed],说,DA,,
W_I_F_AMEI_MU_3,AMEI_MU,W,L2,MU,Other,[GLCLC text removed],说,DA,,
W_I_F_JZUE_KR_8,JZUE_KR,W,L2,KR,KR,[GLCLC text removed],说,DA,,
W_I_M_MWH_VE_2,MWH_VE,W,L2,VE,ES,[GLCLC text removed],说,DA,,
W_I_F_LZYA_KR_3,LZYA_KR,W,L2,KR,KR,[GLCLC text removed],说,DA,,
W_I_F_LZYA_KR_3,LZYA_KR,W,L2,KR,KR,[GLCLC text removed],说,EVAL,,
W_I_F_DFH_TH_9,DFH_TH,W,L2,TH,TH,[GLCLC text removed],说,DA,,
W_I_F_YY_TH_2,YY_TH,W,L2,TH,TH,[GLCLC text removed],说,DA,,
W_I_F_JXJ_KR_3,JXJ_KR,W,L2,KR,KR,[GLCLC text removed],说,DA,,
W_I_F_XYY_TH_2,XYY_TH,W,L2,TH,TH,[GLCLC text removed],起,EVAL,,
S_I_M_ABM_CM,ABM_CM,S,L2,CM,EN,[GLCLC text removed],这样,DISP,,
W_I_F_LHYI_VN_1,LHYI_VN,W,L2,VN,VN,[GLCLC text removed],适应,MS,,
W_I_F_SSXI_KR_1,SSXI_KR,W,L2,KR,KR,[GLCLC text removed],适应,MS,,
W_I_M_ZCS_TH,ZCS_TH,W,L2,TH,TH,[GLCLC text removed],造成,EVAL,,
W_I_F_SHSA_KR,SHSA_KR,W,L2,KR,KR,[GLCLC text removed],道歉,DA,,
W_I_F_CXYA_KR_3,CXYA_KR,W,L2,KR,KR,[GLCLC text removed],道歉,DA,,
W_I_F_CXYA_KR_3,CXYA_KR,W,L2,KR,KR,[GLCLC text removed],道歉,DA,,
W_I_F_QYX_KR_1,QYX_KR,W,L2,KR,KR,[GLCLC text removed],道歉,DA,,
W_I_F_WHY_TH,WHY_TH,W,L2,TH,TH,[GLCLC text removed],那样,DISP,,
W_I_F_LQQ_TH_3,LQQ_TH,W,L2,TH,TH,[GLCLC text removed],重视,MS,,
S_I_F_AMEI_MU_3,AMEI_MU,S,L2,MU,Other,[GLCLC text removed],重要,EVAL,,
S_I_F_CLY_KR,CLY_KR,S,L2,KR,KR,[GLCLC text removed],重要,EVAL,,
S_I_F_LXHU_KR_3,LXHU_KR,S,L2,KR,KR,[GLCLC text removed],重要,EVAL,,
S_I_M_HJ_RU_2,HJ_RU,S,L2,RU,RU,[GLCLC text removed],重要,EVAL,,
W_I_F_YZX_KR_1,YZX_KR,W,L2,KR,KR,[GLCLC text removed],重要,EVAL,,
W_I_F_GKA_TH_2,GKA_TH,W,L2,TH,TH,[GLCLC text removed],重要,EVAL,,
W_I_M_GQQG_JP_1,GQQG_JP,W,L2,JP,JP,[GLCLC text removed],重要,EVAL,,
W_I_M_MHMAD_TJ_3,MHMAD_TJ,W,L2,TJ,Other,[GLCLC text removed],重要,EVAL,,
W_I_F_CXZ_TH,CXZ_TH,W,L2,TH,TH,[GLCLC text removed],重要,EVAL,,
W_I_F_SF_RU_3,SF_RU,W,L2,RU,RU,[GLCLC text removed],重要,EVAL,,
W_I_F_LXJ_KR_1,LXJ_KR,W,L2,KR,KR,[GLCLC text removed],重要,EVAL,,
W_I_M_AJ_KZ_1,AJ_KZ,W,L2,KZ,TK,[GLCLC text removed],重要,EVAL,,
W_I_F_LZYA_KR_7,LZYA_KR,W,L2,KR,KR,[GLCLC text removed],重要,EVAL,,
W_I_F_DFH_TH_2,DFH_TH,W,L2,TH,TH,[GLCLC text removed],重要,EVAL,,
W_I_F_DFH_TH_2,DFH_TH,W,L2,TH,TH,[GLCLC text removed],重要,EVAL,,
W_I_F_DFH_TH_2,DFH_TH,W,L2,TH,TH,[GLCLC text removed],重要,EVAL,,
W_I_F_LQQ_TH_8,LQQ_TH,W,L2,TH,TH,[GLCLC text removed],重要,EVAL,,
W_I_F_ZSYI_TH_7,ZSYI_TH,W,L2,TH,TH,[GLCLC text removed],重要,EVAL,,
W_I_F_ZSYI_TH_7,ZSYI_TH,W,L2,TH,TH,[GLCLC text removed],重要,EVAL,,
W_I_F_YR_ES_14,YR_ES,W,L2,ES,ES,[GLCLC text removed],重要,EVAL,,
W_I_M_ZYG_VE_7,ZYG_VE,W,L2,VE,ES,[GLCLC text removed],重要,EVAL,,
W_I_F_JZIE_KR_2,JZIE_KR,W,L2,KR,KR,[GLCLC text removed],重要,EVAL,,
W_I_F_JXJ_KR_3,JXJ_KR,W,L2,KR,KR,[GLCLC text removed],好,DISP,,
W_I_F_CZJ_KR_2,CZJ_KR,W,L2,KR,KR,[GLCLC text removed],没大没小,DISP,,
W_A_F_YLN_RU_6,YLN_RU,W,L3,RU,RU,[GLCLC text removed],严格,SI,,
S_A_F_CAMLG_TH_1,CAMLG_TH,S,L3,TH,TH,[GLCLC text removed],习惯,MS,,
W_A_M_ZCY_KR_2,ZCY_KR,W,L3,KR,KR,[GLCLC text removed],亲切,DISP,,
W_A_F_JMZJ_KR,JMZJ_KR,W,L3,KR,KR,[GLCLC text removed],介绍,SI,,
W_A_F_DFH_TH_5,DFH_TH,W,L3,TH,TH,[GLCLC text removed],付出,DA,,
S_A_M_DBL_BF_4,DBL_BF,S,L3,BF,FR,[GLCLC text removed],佩服,MS,,
W_A_F_ALX_KZ_7,ALX_KZ,W,L3,KZ,TK,[GLCLC text removed],做,DA,,
W_A_F_HPL_TH_3,HPL_TH,W,L3,TH,TH,[GLCLC text removed],停止,SI,,
W_A_F_ZXLI_TH_3,ZXLI_TH,W,L3,TH,TH,[GLCLC text removed],停止,SI,,
W_A_M_YWD_VE_1,YWD_VE,W,L3,VE,ES,[GLCLC text removed],停止,SI,,
S_A_M_MHJY_JP_2,MHJY_JP,S,L3,JP,JP,[GLCLC text removed],兴致勃勃,MS,,
W_A_F_JYS_KR_1,JYS_KR,W,L3,KR,KR,[GLCLC text removed],冷酷,DISP,,
W_A_F_ZYJA_TH_3,ZYJA_TH,W,L3,TH,TH,[GLCLC text removed],凶,DISP,,
W_A_F_MQH_VN_5,MQH_VN,W,L3,VN,VN,[GLCLC text removed],加深,ABT,,
W_A_M_FZLD_UZ_1,FZLD_UZ,W,L3,UZ,TK,[GLCLC text removed],又恨又爱,MS,,
S_A_F_AM_GN_3,AM_GN,S,L3,GN,EN,[GLCLC text removed],友好,DISP,,
S_A_F_AM_GN_3,AM_GN,S,L3,GN,EN,[GLCLC text removed],友好,DISP,,
W_A_M_CL_TR,CL_TR,W,L3,TR,TK,[GLCLC text removed],友好,DISP,,
W_A_M_ZCY_KR_2,ZCY_KR,W,L3,KR,KR,[GLCLC text removed],和蔼,DISP,,
W_A_F_HYW_TH_1,HYW_TH,W,L3,TH,TH,[GLCLC text removed],哭,DA,,
W_A_F_JJB_KR_2,JJB_KR,W,L3,KR,KR,[GLCLC text removed],失望,MS,,
W_A_F_JJB_KR_2,JJB_KR,W,L3,KR,KR,[GLCLC text removed],感到,MS,,
W_A_F_JJB_KR_2,JJB_KR,W,L3,KR,KR,[GLCLC text removed],失望,MS,,
W_A_F_CQH_VN_7,CQH_VN,W,L3,VN,VN,[GLCLC text removed],失望,MS,,
S_A_F_AM_GN_3,AM_GN,S,L3,GN,EN,[GLCLC text removed],好,DISP,,
S_A_F_AM_GN_3,AM_GN,S,L3,GN,EN,[GLCLC text removed],好,DISP,,
S_A_F_AM_GN_3,AM_GN,S,L3,GN,EN,[GLCLC text removed],好,DISP,,
S_A_F_DJM_KR,DJM_KR,S,L3,KR,KR,[GLCLC text removed],好,DISP,,
S_A_F_GB_MX,GB_MX,S,L3,MX,ES,[GLCLC text removed],好,DISP,,
S_A_F_GB_MX,GB_MX,S,L3,MX,ES,[GLCLC text removed],好,DISP,,
S_A_F_GB_MX,GB_MX,S,L3,MX,ES,[GLCLC text removed],好,DISP,,
S_A_F_GSJ_TH,GSJ_TH,S,L3,TH,TH,[GLCLC text removed],好,DISP,,
S_A_F_GSJ_TH,GSJ_TH,S,L3,TH,TH,[GLCLC text removed],好,DISP,,
S_A_F_LZG_KR,LZG_KR,S,L3,KR,KR,[GLCLC text removed],好,DISP,,
S_A_F_MQH_VN,MQH_VN,S,L3,VN,VN,[GLCLC text removed],好,DISP,,
S_A_F_MQH_VN,MQH_VN,S,L3,VN,VN,[GLCLC text removed],好,DISP,,
S_A_F_MQH_VN,MQH_VN,S,L3,VN,VN,[GLCLC text removed],好,DISP,,
S_A_F_MQH_VN,MQH_VN,S,L3,VN,VN,[GLCLC text removed],好,DISP,,
S_A_F_ZQC_MX,ZQC_MX,S,L3,MX,ES,[GLCLC text removed],好,DISP,,
S_A_F_ZSY_TH_3,ZSY_TH,S,L3,TH,TH,[GLCLC text removed],好,DISP,,
S_A_F_ZSY_TH_3,ZSY_TH,S,L3,TH,TH,[GLCLC text removed],好,DISP,,
S_A_F_ZSY_TH_3,ZSY_TH,S,L3,TH,TH,[GLCLC text removed],好,DISP,,
S_A_M_AM_AZ,AM_AZ,S,L3,AZ,TK,[GLCLC text removed],好,DISP,,
S_A_M_HSMH_JP,HSMH_JP,S,L3,JP,JP,[GLCLC text removed],好,DISP,,
S_A_M_ZCY_KR_3,ZCY_KR,S,L3,KR,KR,[GLCLC text removed],好,DISP,,
S_A_M_DBL_BF_3,DBL_BF,S,L3,BF,FR,[GLCLC text removed],好,DISP,,
S_A_F_AM_GN_1,AM_GN,S,L3,GN,EN,[GLCLC text removed],好,DISP,,
S_A_F_HPL_TH_1,HPL_TH,S,L3,TH,TH,[GLCLC text removed],好,DISP,,
W_A_F_HJQ_TH_6,HJQ_TH,W,L3,TH,TH,[GLCLC text removed],好,DISP,,
W_A_F_YCHG_VN_1,YCHG_VN,W,L3,VN,VN,[GLCLC text removed],好,DISP,,
W_A_F_YCHG_VN_1,YCHG_VN,W,L3,VN,VN,[GLCLC text removed],好,DISP,,
W_A_F_HYW_TH_2,HYW_TH,W,L3,TH,TH,[GLCLC text removed],好,DISP,,
W_A_F_HYW_TH_2,HYW_TH,W,L3,TH,TH,[GLCLC text removed],好,DISP,,
W_A_F_HPL_TH_2,HPL_TH,W,L3,TH,TH,[GLCLC text removed],好,DISP,,
W_A_F_HPL_TH_2,HPL_TH,W,L3,TH,TH,[GLCLC text removed],好,DISP,,
W_A_F_HPL_TH_2,HPL_TH,W,L3,TH,TH,[GLCLC text removed],好,DISP,,
W_A_F_ZSYA_TH_2,ZSYA_TH,W,L3,TH,TH,[GLCLC text removed],好,DISP,,
W_A_F_ZSYA_TH_2,ZSYA_TH,W,L3,TH,TH,[GLCLC text removed],好,DISP,,
W_A_F_CLB_TH_4,CLB_TH,W,L3,TH,TH,[GLCLC text removed],好,DISP,,
W_A_F_ZSYA_TH_4,ZSYA_TH,W,L3,TH,TH,[GLCLC text removed],好,DISP,,
W_A_F_ALN_RU,ALN_RU,W,L3,RU,RU,[GLCLC text removed],好,DISP,,
W_A_F_MLK_KG,MLK_KG,W,L3,KG,TK,[GLCLC text removed],好,DISP,,
W_A_F_RHF_VN_4,RHF_VN,W,L3,VN,VN,[GLCLC text removed],好,DISP,,
W_A_M_ZY_UZ,ZY_UZ,W,L3,UZ,TK,[GLCLC text removed],好,DISP,,
W_A_M_FLUS_RU_4,FLUS_RU,W,L3,RU,RU,[GLCLC text removed],好,DISP,,
W_A_F_ZML_TH_3,ZML_TH,W,L3,TH,TH,[GLCLC text removed],好,DISP,,
W_A_F_DLY_RU_1,DLY_RU,W,L3,RU,RU,[GLCLC text removed],实行,SI,,
W_A_F_GBQ_TH_3,GBQ_TH,W,L3,TH,TH,[GLCLC text removed],实行,SI,,
W_A_F_LSJ_KR_1,LSJ_KR,W,L3,KR,KR,[GLCLC text removed],实行,SI,,
W_A_F_LSJ_KR_1,LSJ_KR,W,L3,KR,KR,[GLCLC text removed],实行,SI,,
W_A_F_QYX_KR_1,QYX_KR,W,L3,KR,KR,[GLCLC text removed],实行,SI,,
W_A_F_QYX_KR_1,QYX_KR,W,L3,KR,KR,[GLCLC text removed],实行,SI,,
W_A_F_XYY_TH,XYY_TH,W,L3,TH,TH,[GLCLC text removed],实行,SI,,
W_A_M_LAQ_MG_1,LAQ_MG,W,L3,MG,Other,[GLCLC text removed],实行,SI,,
S_A_M_HH_SD_5,HH_SD,S,L3,SD,AR,[GLCLC text removed],带来,EVAL,,
S_A_M_HH_SD_5,HH_SD,S,L3,SD,AR,[GLCLC text removed],带来,EVAL,,
W_A_M_AJX_KR_5,AJX_KR,W,L3,KR,KR,[GLCLC text removed],帮助,EVAL,,
S_A_F_TLL_UA,TLL_UA,S,L3,UA,Other,[GLCLC text removed],怎么样,DISP,,
W_A_M_LWC_TH_4,LWC_TH,W,L3,TH,TH,[GLCLC text removed],怎么样,DISP,,
W_A_M_ZYK_VE_5,ZYK_VE,W,L3,VE,ES,[GLCLC text removed],恨,MS,,
W_A_F_JZHX_KR_2,JZHX_KR,W,L3,KR,KR,[GLCLC text removed],打招呼,DA,,
S_A_M_JTL_KR_2,JTL_KR,S,L3,KR,KR,[GLCLC text removed],教育,SI,,
W_A_M_ZLB_RU_1,ZLB_RU,W,L3,RU,RU,[GLCLC text removed],做,SI,,
W_A_M_ZYK_VE_7,ZYK_VE,W,L3,VE,ES,[GLCLC text removed],有,MS,,
W_A_F_RBZ_VN_3,RBZ_VN,W,L3,VN,VN,[GLCLC text removed],有,MS,,
S_A_M_OY_TJ,OY_TJ,S,L3,TJ,Other,[GLCLC text removed],有,MS,,
S_A_M_OY_TJ,OY_TJ,S,L3,TJ,Other,[GLCLC text removed],有,MS,,
S_A_M_CGL_MG,CGL_MG,S,L3,MG,Other,[GLCLC text removed],有,DISP,,
W_A_F_AYD_KG_5,AYD_KG,W,L3,KG,TK,[GLCLC text removed],欢迎,DISP,,
W_A_F_FSHY_VN_5,FSHY_VN,W,L3,VN,VN,[GLCLC text removed],欢迎,DISP,,
W_A_M_WPY_VN_4,WPY_VN,W,L3,VN,VN,[GLCLC text removed],欢迎,DISP,,
W_A_M_XT_UZ_3,XT_UZ,W,L3,UZ,TK,[GLCLC text removed],欢迎,DISP,,
S_A_F_AYD_KG,AYD_KG,S,L3,KG,TK,[GLCLC text removed],有,MS,,
W_A_F_JDHN_KR,JDHN_KR,W,L3,KR,KR,[GLCLC text removed],温柔,DISP,,
W_A_F_ZYJA_TH_3,ZYJA_TH,W,L3,TH,TH,[GLCLC text removed],温柔,DISP,,
W_A_M_QTGTL_JP,QTGTL_JP,W,L3,JP,JP,[GLCLC text removed],满意,MS,,
W_A_F_DLY_RU_1,DLY_RU,W,L3,RU,RU,[GLCLC text removed],漠不关心,DISP,,
W_A_F_ZSYA_TH_2,ZSYA_TH,W,L3,TH,TH,[GLCLC text removed],热心,DISP,,
S_A_F_GSJ_TH,GSJ_TH,S,L3,TH,TH,[GLCLC text removed],热情,DISP,,
S_A_F_GSJ_TH,GSJ_TH,S,L3,TH,TH,[GLCLC text removed],热情,DISP,,
S_A_F_DFH_TH_1,DFH_TH,S,L3,TH,TH,[GLCLC text removed],热情,DISP,,
S_A_F_ZXL_TH_1,ZXL_TH,S,L3,TH,TH,[GLCLC text removed],热情,DISP,,
W_A_F_QJZE_KR_1,QJZE_KR,W,L3,KR,KR,[GLCLC text removed],热情,DISP,,
W_A_F_YTQZ_JP_2,YTQZ_JP,W,L3,JP,JP,[GLCLC text removed],热情,DISP,,
W_A_M_JLB_KZ_3,JLB_KZ,W,L3,KZ,TK,[GLCLC text removed],热情,DISP,,
W_A_F_ZXLI_TH_2,ZXLI_TH,W,L3,TH,TH,[GLCLC text removed],热情,DISP,,
W_A_M_ZYK_VE_5,ZYK_VE,W,L3,VE,ES,[GLCLC text removed],生气,MS,,
S_A_M_JTL_KR_2,JTL_KR,S,L3,KR,KR,[GLCLC text removed],用,SI,,
S_A_F_ZSY_TH_1,ZSY_TH,S,L3,TH,TH,[GLCLC text removed],积极,DISP,,
W_A_M_RYQ_VN_3,RYQ_VN,W,L3,VN,VN,[GLCLC text removed],给予,ABT,,
W_A_M_ADHK_KZ_2,ADHK_KZ,W,L3,KZ,TK,[GLCLC text removed],给予,ABT,,
W_A_M_JBY_KR_2,JBY_KR,W,L3,KR,KR,[GLCLC text removed],给予,ABT,,
W_A_F_CAMLG_TH_4,CAMLG_TH,W,L3,TH,TH,[GLCLC text removed],表白,DA,,
W_A_M_QS_US_1,QS_US,W,L3,US,EN,[GLCLC text removed],表示,ABT,,
W_A_M_RYQ_VN_2,RYQ_VN,W,L3,VN,VN,[GLCLC text removed],表示,ABT,,
W_A_F_CQH_VN_5,CQH_VN,W,L3,VN,VN,[GLCLC text removed],表示,ABT,,
W_A_F_LHYA_TH_5,LHYA_TH,W,L3,TH,TH,[GLCLC text removed],表示,DA,,
W_A_F_MEQ_TH_5,MEQ_TH,W,L3,TH,TH,[GLCLC text removed],表示,ABT,,
W_A_F_WLY_RU_5,WLY_RU,W,L3,RU,RU,[GLCLC text removed],表示,ABT,,
W_A_F_WLY_RU_5,WLY_RU,W,L3,RU,RU,[GLCLC text removed],表示,ABT,,
W_A_F_WSNA_KR_1,WSNA_KR,W,L3,KR,KR,[GLCLC text removed],表示,ABT,,
W_A_F_WSNA_KR_1,WSNA_KR,W,L3,KR,KR,[GLCLC text removed],表示,ABT,,
W_A_F_ZAZ_TH_5,ZAZ_TH,W,L3,TH,TH,[GLCLC text removed],表示,ABT,,
W_A_F_ZZ_KZ_4,ZZ_KZ,W,L3,KZ,TK,[GLCLC text removed],表示,ABT,,
W_A_M_FZLD_UZ_5,FZLD_UZ,W,L3,UZ,TK,[GLCLC text removed],表示,ABT,,
W_A_M_YYM_VN_2,YYM_VN,W,L3,VN,VN,[GLCLC text removed],表示,ABT,,
W_A_F_LMR_TH_3,LMR_TH,W,L3,TH,TH,[GLCLC text removed],表示,DA,,
W_A_F_LMR_TH_3,LMR_TH,W,L3,TH,TH,[GLCLC text removed],表示,ABT,,
W_A_F_LSYI_TH_2,LSYI_TH,W,L3,TH,TH,[GLCLC text removed],表示,ABT,,
W_A_F_YLN_RU_2,YLN_RU,W,L3,RU,RU,[GLCLC text removed],表示,ABT,,
W_A_M_AJX_KR_4,AJX_KR,W,L3,KR,KR,[GLCLC text removed],表示,DA,,
W_A_F_JXY_KR_2,JXY_KR,W,L3,KR,KR,[GLCLC text removed],表示,ABT,,
W_A_F_WLNA_RU,WLNA_RU,W,L3,RU,RU,[GLCLC text removed],表示,ABT,,
W_A_M_FLUS_RU_4,FLUS_RU,W,L3,RU,RU,[GLCLC text removed],尊重,DISP,,
W_A_F_SNY_KZ_2,SNY_KZ,W,L3,KZ,TK,[GLCLC text removed],要求,ABT,,
W_A_F_ZSYI_TH_3,ZSYI_TH,W,L3,TH,TH,[GLCLC text removed],讲,DA,,
S_A_F_ZFH_TH,ZFH_TH,S,L3,TH,TH,[GLCLC text removed],说,DA,,
S_A_F_XYY_TH_1,XYY_TH,S,L3,TH,TH,[GLCLC text removed],说,DA,,
S_A_F_ZYJ_TH_1,ZYJ_TH,S,L3,TH,TH,[GLCLC text removed],说,DA,,
S_A_M_HH_SD_4,HH_SD,S,L3,SD,AR,[GLCLC text removed],说,DA,,
S_A_M_HH_SD_4,HH_SD,S,L3,SD,AR,[GLCLC text removed],说,DA,,
S_A_M_HH_SD_4,HH_SD,S,L3,SD,AR,[GLCLC text removed],说,DA,,
W_A_M_QS_US_1,QS_US,W,L3,US,EN,[GLCLC text removed],说,DA,,
W_A_F_LZHY_KR_1,LZHY_KR,W,L3,KR,KR,[GLCLC text removed],说,DA,,
W_A_F_LZHY_KR_1,LZHY_KR,W,L3,KR,KR,[GLCLC text removed],说,DA,,
W_A_F_JDHN_KR,JDHN_KR,W,L3,KR,KR,[GLCLC text removed],说,DA,,
W_A_F_JDHN_KR,JDHN_KR,W,L3,KR,KR,[GLCLC text removed],说,DA,,
W_A_F_JNX_KR_1,JNX_KR,W,L3,KR,KR,[GLCLC text removed],说,DA,,
W_A_M_LWC_TH_1,LWC_TH,W,L3,TH,TH,[GLCLC text removed],说,DA,,
W_A_F_HYW_TH_1,HYW_TH,W,L3,TH,TH,[GLCLC text removed],说,DA,,
W_A_F_MCWX_JP_4,MCWX_JP,W,L3,JP,JP,[GLCLC text removed],说,DA,,
W_A_F_ZXW_KR_1,ZXW_KR,W,L3,KR,KR,[GLCLC text removed],说,DA,,
W_A_F_ZXW_KR_1,ZXW_KR,W,L3,KR,KR,[GLCLC text removed],说,DA,,
W_A_F_ZXW_KR_1,ZXW_KR,W,L3,KR,KR,[GLCLC text removed],说,DA,,
W_A_F_JYS_KR_1,JYS_KR,W,L3,KR,KR,[GLCLC text removed],说,DA,,
W_A_F_SJNS_JP_2,SJNS_JP,W,L3,JP,JP,[GLCLC text removed],说,DA,,
W_A_F_SJNS_JP_2,SJNS_JP,W,L3,JP,JP,[GLCLC text removed],说,DA,,
W_A_F_JML_KR_2,JML_KR,W,L3,KR,KR,[GLCLC text removed],说,DA,,
W_A_F_JZHX_KR_2,JZHX_KR,W,L3,KR,KR,[GLCLC text removed],说,DA,,
W_A_M_TYSR_JP_2,TYSR_JP,W,L3,JP,JP,[GLCLC text removed],说,DA,,
W_A_M_TYSR_JP_2,TYSR_JP,W,L3,JP,JP,[GLCLC text removed],说,DA,,
W_A_M_TYSR_JP_2,TYSR_JP,W,L3,JP,JP,[GLCLC text removed],说,DA,,
W_A_M_KME_UZ_1,KME_UZ,W,L3,UZ,TK,[GLCLC text removed],说,DA,,
W_A_F_JMT_KR_2,JMT_KR,W,L3,KR,KR,[GLCLC text removed],说,EVAL,,
W_A_F_AM_GN_2,AM_GN,W,L3,GN,EN,[GLCLC text removed],说,DA,,
W_A_F_AM_GN_2,AM_GN,W,L3,GN,EN,[GLCLC text removed],说,DA,,
W_A_F_JJB_KR_2,JJB_KR,W,L3,KR,KR,[GLCLC text removed],说,DA,,
W_A_F_LY_SK_2,LY_SK,W,L3,SK,Other,[GLCLC text removed],说,DA,,
W_A_F_QYX_KR_2,QYX_KR,W,L3,KR,KR,[GLCLC text removed],说,DA,,
W_A_F_CLB_TH_1,CLB_TH,W,L3,TH,TH,[GLCLC text removed],说,DA,,
W_A_F_XMX_KR_2,XMX_KR,W,L3,KR,KR,[GLCLC text removed],说,DA,,
W_A_M_SMR_TH_4,SMR_TH,W,L3,TH,TH,[GLCLC text removed],说,DA,,
W_A_M_ZYK_VE_8,ZYK_VE,W,L3,VE,ES,[GLCLC text removed],说,EVAL,,
W_A_F_ALU_KG_2,ALU_KG,W,L3,KG,TK,[GLCLC text removed],说,DA,,
W_A_M_AJX_KR_5,AJX_KR,W,L3,KR,KR,[GLCLC text removed],说,DA,,
W_A_F_ZML_TH_3,ZML_TH,W,L3,TH,TH,[GLCLC text removed],说,DA,,
S_A_M_DBL_BF_5,DBL_BF,S,L3,BF,FR,[GLCLC text removed],说,DA,,
W_A_F_JZHX_KR_2,JZHX_KR,W,L3,KR,KR,[GLCLC text removed],说,DA,,
W_A_M_WCG_TH_1,WCG_TH,W,L3,TH,TH,[GLCLC text removed],负,ABT,,
W_A_F_CLB_TH_3,CLB_TH,W,L3,TH,TH,[GLCLC text removed],过分,DISP,,
W_A_M_LDYU_KR_4,LDYU_KR,W,L3,KR,KR,[GLCLC text removed],过奖,ABT,,
W_A_F_JYS_KR_1,JYS_KR,W,L3,KR,KR,[GLCLC text removed],这样,DISP,,
W_A_F_WLN_KZ_6,WLN_KZ,W,L3,KZ,TK,[GLCLC text removed],进行,SI,,
W_A_F_DFH_TH_3,DFH_TH,W,L3,TH,TH,[GLCLC text removed],进行,SI,,
S_A_M_NE_KZ,NE_KZ,S,L3,KZ,TK,[GLCLC text removed],适应,MS,,
W_A_F_XMX_KR_1,XMX_KR,W,L3,KR,KR,[GLCLC text removed],造成,EVAL,,
W_A_M_LWC_TH_1,LWC_TH,W,L3,TH,TH,[GLCLC text removed],道歉,DA,,
S_A_F_YYQH_JP,YYQH_JP,S,L3,JP,JP,[GLCLC text removed],合适,EVAL,,
S_A_F_LRY_KR,LRY_KR,S,L3,KR,KR,[GLCLC text removed],合适,EVAL,,
W_A_F_RHF_VN_3,RHF_VN,W,L3,VN,VN,[GLCLC text removed],合适,EVAL,,
W_A_M_ABR_UZ_1,ABR_UZ,W,L3,UZ,TK,[GLCLC text removed],合适,EVAL,,
W_A_M_WJL_VE_6,WJL_VE,W,L3,VE,ES,[GLCLC text removed],合适,EVAL,,
W_A_M_JBY_KR_1,JBY_KR,W,L3,KR,KR,[GLCLC text removed],合适,EVAL,,
W_A_F_QYX_KR_1,QYX_KR,W,L3,KR,KR,[GLCLC text removed],好,EVAL,,
S_A_M_BL_CL_2,BL_CL,S,L3,CL,ES,[GLCLC text removed],是,EVAL,,
S_A_F_JJB_KR,JJB_KR,S,L3,KR,KR,[GLCLC text removed],是,EVAL,,
S_A_F_NSJ_RU,NSJ_RU,S,L3,RU,RU,[GLCLC text removed],是,EVAL,,
W_A_F_JMT_KR_2,JMT_KR,W,L3,KR,KR,[GLCLC text removed],是,EVAL,,
W_A_F_XMX_KR_1,XMX_KR,W,L3,KR,KR,[GLCLC text removed],是,EVAL,,
W_A_M_FLS_RU_6,FLS_RU,W,L3,RU,RU,[GLCLC text removed],是,EVAL,,
W_A_F_HPL_TH_3,HPL_TH,W,L3,TH,TH,[GLCLC text removed],是,EVAL,,
W_A_F_LXQ_ID_1,LXQ_ID,W,L3,ID,Other,[GLCLC text removed],有,EVAL,,
W_A_F_SHL_TH,SHL_TH,W,L3,TH,TH,[GLCLC text removed],有,EVAL,,
W_A_M_HSHU_ID_1,HSHU_ID,W,L3,ID,Other,[GLCLC text removed],有,EVAL,,
W_A_F_SNME_KR_1,SNME_KR,W,L3,KR,KR,[GLCLC text removed],有,EVAL,,
W_A_M_WPY_VN_4,WPY_VN,W,L3,VN,VN,[GLCLC text removed],是,EVAL,,
W_A_M_YK_TR_1,YK_TR,W,L3,TR,TK,[GLCLC text removed],没用,EVAL,,
W_A_F_TLL_UA_3,TLL_UA,W,L3,UA,Other,[GLCLC text removed],是,EVAL,,
W_A_F_LJ_RU_3,LJ_RU,W,L3,RU,RU,[GLCLC text removed],简单,EVAL,,
W_A_F_ZSYA_TH_2,ZSYA_TH,W,L3,TH,TH,[GLCLC text removed],重要,EVAL,,
W_A_M_WHY_TH_1,WHY_TH,W,L3,TH,TH,[GLCLC text removed],重要,EVAL,,
W_A_F_LHL_ID_3,LHL_ID,W,L3,ID,Other,[GLCLC text removed],一无所知,MS,,
S_A_F_LHL_ID,LHL_ID,S,L3,ID,Other,[GLCLC text removed],了解,MS,,
S_A_F_CAMLG_TH_1,CAMLG_TH,S,L3,TH,TH,[GLCLC text removed],了解,MS,,
W_A_M_PWL_AU_2,PWL_AU,W,L3,AU,EN,[GLCLC text removed],了解,MS,,
W_A_F_KELA_PE_2,KELA_PE,W,L3,PE,ES,[GLCLC text removed],了解,MS,,
W_A_M_ZHX_VE_10,ZHX_VE,W,L3,VE,ES,[GLCLC text removed],了解,MS,,
W_A_F_JBLU_KR_3,JBLU_KR,W,L3,KR,KR,[GLCLC text removed],了解,MS,,
W_A_F_CQH_VN_6,CQH_VN,W,L3,VN,VN,[GLCLC text removed],产生,EVAL,,
W_A_F_YENY_KZ_5,YENY_KZ,W,L3,KZ,TK,[GLCLC text removed],产生,EVAL,,
W_A_M_JXX_KR,JXX_KR,W,L3,KR,KR,[GLCLC text removed],产生,EVAL,,
W_A_F_DFH_TH_5,DFH_TH,W,L3,TH,TH,[GLCLC text removed],产生,MS,,
W_A_F_ANA_RU,ANA_RU,W,L3,RU,RU,[GLCLC text removed],充满,MS,,
W_A_M_TMEW_UZ_6,TMEW_UZ,W,L3,UZ,TK,[GLCLC text removed],充满,MS,,
W_A_M_ALFA_YE_1,ALFA_YE,W,L3,YE,AR,[GLCLC text removed],充满,MS,,
W_A_F_YLN_RU_5,YLN_RU,W,L3,RU,RU,[GLCLC text removed],失去,MS,,
S_A_F_JZHX_KR_1,JZHX_KR,S,L3,KR,KR,[GLCLC text removed],好,EVAL,,
S_A_F_AYD_KG,AYD_KG,S,L3,KG,TK,[GLCLC text removed],好,EVAL,,
S_A_F_DJM_KR,DJM_KR,S,L3,KR,KR,[GLCLC text removed],好,EVAL,,
S_A_M_BL_CL_2,BL_CL,S,L3,CL,ES,[GLCLC text removed],好,EVAL,,
S_A_M_DL_TG_5,DL_TG,S,L3,TG,EN,[GLCLC text removed],好,EVAL,,
S_A_M_NE_KZ,NE_KZ,S,L3,KZ,TK,[GLCLC text removed],好,EVAL,,
S_A_F_DFH_TH_2,DFH_TH,S,L3,TH,TH,[GLCLC text removed],好,EVAL,,
S_A_F_HTYJ_JP,HTYJ_JP,S,L3,JP,JP,[GLCLC text removed],好,EVAL,,
S_A_F_XLNS_JP,XLNS_JP,S,L3,JP,JP,[GLCLC text removed],好,EVAL,,
S_A_M_GQ_TJ,GQ_TJ,S,L3,TJ,Other,[GLCLC text removed],好,EVAL,,
S_A_M_GQ_TJ,GQ_TJ,S,L3,TJ,Other,[GLCLC text removed],好,EVAL,,
W_A_F_QSQ_KR,QSQ_KR,W,L3,KR,KR,[GLCLC text removed],好,EVAL,,
W_A_F_QSQ_KR,QSQ_KR,W,L3,KR,KR,[GLCLC text removed],好,EVAL,,
W_A_F_JZHX_KR_1,JZHX_KR,W,L3,KR,KR,[GLCLC text removed],好,EVAL,,
W_A_F_ZYJA_TH_1,ZYJA_TH,W,L3,TH,TH,[GLCLC text removed],好,EVAL,,
W_A_M_JCXI_KR,JCXI_KR,W,L3,KR,KR,[GLCLC text removed],好,EVAL,,
W_A_F_LQQ_TH_3,LQQ_TH,W,L3,TH,TH,[GLCLC text removed],是,EVAL,,
W_A_F_DLY_RU_1,DLY_RU,W,L3,RU,RU,[GLCLC text removed],存在,MS,,
W_A_F_HPL_TH_3,HPL_TH,W,L3,TH,TH,[GLCLC text removed],实行,SI,,
S_A_F_QJY_KR,QJY_KR,S,L3,KR,KR,[GLCLC text removed],容易,EVAL,,
S_A_M_HH_SD_3,HH_SD,S,L3,SD,AR,[GLCLC text removed],影响,EVAL,,
W_A_M_LWP_TH_3,LWP_TH,W,L3,TH,TH,[GLCLC text removed],影响,EVAL,,
W_A_M_LK_FR_4,LK_FR,W,L3,FR,FR,[GLCLC text removed],影响,EVAL,,
W_A_M_ZCY_KR_2,ZCY_KR,W,L3,KR,KR,[GLCLC text removed],影响,EVAL,,
W_A_M_ZCY_KR_2,ZCY_KR,W,L3,KR,KR,[GLCLC text removed],亲切,DISP,,
W_A_M_QAL_KZ_5,QAL_KZ,W,L3,KZ,TK,[GLCLC text removed],念念不忘,MS,,
W_A_F_JBLU_KR_4,JBLU_KR,W,L3,KR,KR,[GLCLC text removed],想,MS,,
S_A_F_GSJ_TH,GSJ_TH,S,L3,TH,TH,[GLCLC text removed],感,MS,,
S_A_F_GSJ_TH,GSJ_TH,S,L3,TH,TH,[GLCLC text removed],感,MS,,
S_A_F_YYQH_JP,YYQH_JP,S,L3,JP,JP,[GLCLC text removed],感,MS,,
W_A_F_MQH_VN_1,MQH_VN,W,L3,VN,VN,[GLCLC text removed],感,MS,,
W_A_F_WLN_KZ_3,WLN_KZ,W,L3,KZ,TK,[GLCLC text removed],感,MS,,
W_A_F_YENY_KZ_1,YENY_KZ,W,L3,KZ,TK,[GLCLC text removed],感,MS,,
W_A_F_ZZ_KZ_1,ZZ_KZ,W,L3,KZ,TK,[GLCLC text removed],感,MS,,
W_A_M_XIW_RU_1,XIW_RU,W,L3,RU,RU,[GLCLC text removed],感,MS,,
W_A_M_ZJM_IR_1,ZJM_IR,W,L3,IR,Other,[GLCLC text removed],感,MS,,
W_A_F_DAJM_RU,DAJM_RU,W,L3,RU,RU,[GLCLC text removed],感,MS,,
W_A_F_FSHY_VN_6,FSHY_VN,W,L3,VN,VN,[GLCLC text removed],感,MS,,
W_A_F_MQH_VN_6,MQH_VN,W,L3,VN,VN,[GLCLC text removed],感,MS,,
W_A_M_CGL_MG_5,CGL_MG,W,L3,MG,Other,[GLCLC text removed],感,MS,,
W_A_M_DLST_UZ_1,DLST_UZ,W,L3,UZ,TK,[GLCLC text removed],感,MS,,
W_A_M_DLST_UZ_1,DLST_UZ,W,L3,UZ,TK,[GLCLC text removed],感,MS,,
W_A_M_HANL_KZ,HANL_KZ,W,L3,KZ,TK,[GLCLC text removed],感,MS,,
W_A_M_QS_US_1,QS_US,W,L3,US,EN,[GLCLC text removed],感,MS,,
W_A_M_WHY_TH_3,WHY_TH,W,L3,TH,TH,[GLCLC text removed],感,MS,,
W_A_M_YLYA_RU_1,YLYA_RU,W,L3,RU,RU,[GLCLC text removed],感,MS,,
W_A_F_LUJ_PA_2,LUJ_PA,W,L3,PA,ES,[GLCLC text removed],感,MS,,
W_A_F_FSHY_VN_5,FSHY_VN,W,L3,VN,VN,[GLCLC text removed],感,MS,,
W_A_F_LUJ_PA_1,LUJ_PA,W,L3,PA,ES,[GLCLC text removed],感,MS,,
W_A_M_RYQ_VN_1,RYQ_VN,W,L3,VN,VN,[GLCLC text removed],感,MS,,
W_A_M_ZLB_RU_1,ZLB_RU,W,L3,RU,RU,[GLCLC text removed],感,MS,,
W_A_F_LYN_RU_1,LYN_RU,W,L3,RU,RU,[GLCLC text removed],感,MS,,
W_A_M_HSHU_ID_2,HSHU_ID,W,L3,ID,Other,[GLCLC text removed],感,MS,,
W_A_M_HSHU_ID_2,HSHU_ID,W,L3,ID,Other,[GLCLC text removed],感,MS,,
W_A_F_JMZJ_KR,JMZJ_KR,W,L3,KR,KR,[GLCLC text removed],感,MS,,
W_A_F_MCWX_JP_1,MCWX_JP,W,L3,JP,JP,[GLCLC text removed],感,MS,,
W_A_M_CRHU_KR,CRHU_KR,W,L3,KR,KR,[GLCLC text removed],感,MS,,
W_A_M_TMEH_KZ_1,TMEH_KZ,W,L3,KZ,TK,[GLCLC text removed],感,MS,,
W_A_F_YTQZ_JP_2,YTQZ_JP,W,L3,JP,JP,[GLCLC text removed],感,MS,,
W_A_F_KELA_PE_2,KELA_PE,W,L3,PE,ES,[GLCLC text removed],感,MS,,
W_A_F_DOJM_KR_7,DOJM_KR,W,L3,KR,KR,[GLCLC text removed],感,MS,,
W_A_F_FSHY_VN_8,FSHY_VN,W,L3,VN,VN,[GLCLC text removed],感,MS,,
W_A_F_WLN_KZ_8,WLN_KZ,W,L3,KZ,TK,[GLCLC text removed],感,MS,,
W_A_M_HSMH_JP_8,HSMH_JP,W,L3,JP,JP,[GLCLC text removed],感,MS,,
W_A_M_QAL_KZ_6,QAL_KZ,W,L3,KZ,TK,[GLCLC text removed],感,MS,,
W_A_M_WPY_VN_6,WPY_VN,W,L3,VN,VN,[GLCLC text removed],感,MS,,
W_A_M_WWY_VN_5,WWY_VN,W,L3,VN,VN,[GLCLC text removed],感,MS,,
W_A_M_ZJM_IR_5,ZJM_IR,W,L3,IR,Other,[GLCLC text removed],感,MS,,
W_A_F_JBLU_KR_4,JBLU_KR,W,L3,KR,KR,[GLCLC text removed],感,MS,,
W_A_F_JBLU_KR_4,JBLU_KR,W,L3,KR,KR,[GLCLC text removed],感,MS,,
W_A_F_LMHU_BR,LMHU_BR,W,L3,BR,PT,[GLCLC text removed],感,MS,,
W_A_M_LK_FR_2,LK_FR,W,L3,FR,FR,[GLCLC text removed],感,MS,,
W_A_F_GB_MX_6,GB_MX,W,L3,MX,ES,[GLCLC text removed],感,MS,,
W_A_F_GB_MX_4,GB_MX,W,L3,MX,ES,[GLCLC text removed],感,MS,,
W_A_F_YLN_RU_5,YLN_RU,W,L3,RU,RU,[GLCLC text removed],感,MS,,
W_A_F_JBLU_KR_3,JBLU_KR,W,L3,KR,KR,[GLCLC text removed],感,MS,,
W_A_F_JML_KR_3,JML_KR,W,L3,KR,KR,[GLCLC text removed],感,MS,,
W_A_F_MQH_VN_5,MQH_VN,W,L3,VN,VN,[GLCLC text removed],感到,MS,,
W_A_F_YLN_RU_1,YLN_RU,W,L3,RU,RU,[GLCLC text removed],感到,MS,,
W_A_M_PWL_AU_3,PWL_AU,W,L3,AU,EN,[GLCLC text removed],感到,MS,,
W_A_F_HJQ_TH_4,HJQ_TH,W,L3,TH,TH,[GLCLC text removed],感到,MS,,
W_A_F_YLN_RU_5,YLN_RU,W,L3,RU,RU,[GLCLC text removed],感到,MS,,
W_A_M_KME_UZ_4,KME_UZ,W,L3,UZ,TK,[GLCLC text removed],打折,ABT,,
W_A_M_FZLD_UZ_5,FZLD_UZ,W,L3,UZ,TK,[GLCLC text removed],提出,ABT,,
W_A_F_KJ_RU_1,KJ_RU,W,L3,RU,RU,[GLCLC text removed],敏感,MS,,
W_A_F_MLT_TJ,MLT_TJ,W,L3,TJ,Other,[GLCLC text removed],是,EVAL,,
W_A_F_LY_SK_1,LY_SK,W,L3,SK,Other,[GLCLC text removed],是,EVAL,,
S_A_F_AYD_KG,AYD_KG,S,L3,KG,TK,[GLCLC text removed],有,ABT,,
S_A_F_DJM_KR,DJM_KR,S,L3,KR,KR,[GLCLC text removed],有,EVAL,,
S_A_M_DBL_BF_3,DBL_BF,S,L3,BF,FR,[GLCLC text removed],有,MS,,
S_A_M_BAOLUO_CL_3,BAOLUO_CL,S,L3,CL,ES,[GLCLC text removed],有,EVAL,,
S_A_M_HH_SD_2,HH_SD,S,L3,SD,AR,[GLCLC text removed],有,MS,,
W_A_M_LDYU_KR_1,LDYU_KR,W,L3,KR,KR,[GLCLC text removed],有,MS,,
W_A_F_AM_GN_2,AM_GN,W,L3,GN,EN,[GLCLC text removed],有,MS,,
W_A_M_CYJ_KR_1,CYJ_KR,W,L3,KR,KR,[GLCLC text removed],有,MS,,
W_A_M_HJY_JP,HJY_JP,W,L3,JP,JP,[GLCLC text removed],有,MS,,
W_A_F_LHL_ID_3,LHL_ID,W,L3,ID,Other,[GLCLC text removed],有,MS,,
W_A_M_ADY_SE_4,ADY_SE,W,L3,SE,Other,[GLCLC text removed],有,MS,,
W_A_M_YLYA_RU_3,YLYA_RU,W,L3,RU,RU,[GLCLC text removed],有,MS,,
W_A_F_CLY_KR,CLY_KR,W,L3,KR,KR,[GLCLC text removed],有,ABT,,
W_A_F_KLN_RU_1,KLN_RU,W,L3,RU,RU,[GLCLC text removed],有,MS,,
W_A_M_FZLD_UZ_6,FZLD_UZ,W,L3,UZ,TK,[GLCLC text removed],有,MS,,
W_A_M_AJX_KR_6,AJX_KR,W,L3,KR,KR,[GLCLC text removed],有,ABT,,
W_A_M_CGL_MG_3,CGL_MG,W,L3,MG,Other,[GLCLC text removed],有,MS,,
W_A_M_LDYU_KR_2,LDYU_KR,W,L3,KR,KR,[GLCLC text removed],有,MS,,
S_A_F_JXY_KR,JXY_KR,S,L3,KR,KR,[GLCLC text removed],有,MS,,
S_A_F_TLL_UA,TLL_UA,S,L3,UA,Other,[GLCLC text removed],有,MS,,
S_A_M_ADY_SE,ADY_SE,S,L3,SE,Other,[GLCLC text removed],有,MS,,
S_A_M_CGL_MG,CGL_MG,S,L3,MG,Other,[GLCLC text removed],有,MS,,
W_A_F_YLN_RU_3,YLN_RU,W,L3,RU,RU,[GLCLC text removed],有,MS,,
W_A_M_NG_KZ_4,NG_KZ,W,L3,KZ,TK,[GLCLC text removed],有,MS,,
W_A_M_SSH_KZ_2,SSH_KZ,W,L3,KZ,TK,[GLCLC text removed],有,MS,,
W_A_F_JDHN_KR,JDHN_KR,W,L3,KR,KR,[GLCLC text removed],有,MS,,
W_A_F_MCWX_JP_1,MCWX_JP,W,L3,JP,JP,[GLCLC text removed],有,MS,,
W_A_F_MYS_BR,MYS_BR,W,L3,BR,PT,[GLCLC text removed],有,MS,,
W_A_F_ZEH_KR,ZEH_KR,W,L3,KR,KR,[GLCLC text removed],有,MS,,
W_A_F_KLN_RU_5,KLN_RU,W,L3,RU,RU,[GLCLC text removed],有,MS,,
W_A_F_ZZ_KZ_6,ZZ_KZ,W,L3,KZ,TK,[GLCLC text removed],有,MS,,
W_A_M_RJF_VN,RJF_VN,W,L3,VN,VN,[GLCLC text removed],有,MS,,
W_A_M_ZHX_VE_10,ZHX_VE,W,L3,VE,ES,[GLCLC text removed],有,MS,,
W_A_M_ZHX_VE_9,ZHX_VE,W,L3,VE,ES,[GLCLC text removed],有,MS,,
W_A_M_ZYK_VE_6,ZYK_VE,W,L3,VE,ES,[GLCLC text removed],有,MS,,
W_A_F_YESE_KZ_2,YESE_KZ,W,L3,KZ,TK,[GLCLC text removed],有,MS,,
W_A_M_HSMH_JP_7,HSMH_JP,W,L3,JP,JP,[GLCLC text removed],有,MS,,
S_A_M_HH_SD_3,HH_SD,S,L3,SD,AR,[GLCLC text removed],有利,EVAL,,
W_A_M_FZLD_UZ_1,FZLD_UZ,W,L3,UZ,TK,[GLCLC text removed],有利,EVAL,,
W_A_F_ASL_KZ_2,ASL_KZ,W,L3,KZ,TK,[GLCLC text removed],有,MS,,
W_A_F_JBLU_KR_1,JBLU_KR,W,L3,KR,KR,[GLCLC text removed],有,MS,,
S_A_F_LSJ_KR,LSJ_KR,S,L3,KR,KR,[GLCLC text removed],有,EVAL,,
S_A_F_KAL_PE,KAL_PE,S,L3,PE,ES,[GLCLC text removed],有,EVAL,,
S_A_M_HH_SD_7,HH_SD,S,L3,SD,AR,[GLCLC text removed],有,EVAL,,
W_A_F_ALU_KG_1,ALU_KG,W,L3,KG,TK,[GLCLC text removed],有,EVAL,,
W_A_F_XEY_MM_7,XEY_MM,W,L3,MM,Other,[GLCLC text removed],有,EVAL,,
W_A_F_HJQ_TH_4,HJQ_TH,W,L3,TH,TH,[GLCLC text removed],有,EVAL,,
S_A_M_ZCY_KR_1,ZCY_KR,S,L3,KR,KR,[GLCLC text removed],有,MS,,
S_A_M_ZCY_KR_1,ZCY_KR,S,L3,KR,KR,[GLCLC text removed],有,MS,,
W_A_F_LHL_ID_1,LHL_ID,W,L3,ID,Other,[GLCLC text removed],有,EVAL,,
W_A_F_YAL_KZ_4,YAL_KZ,W,L3,KZ,TK,[GLCLC text removed],有,EVAL,,
S_A_F_LJ_RU,LJ_RU,S,L3,RU,RU,[GLCLC text removed],有,EVAL,,
W_A_M_ZSD_RU_3,ZSD_RU,W,L3,RU,RU,[GLCLC text removed],有,EVAL,,
W_A_F_ZSY_TH_5,ZSY_TH,W,L3,TH,TH,[GLCLC text removed],有,EVAL,,
W_A_M_DBL_BF_2,DBL_BF,W,L3,BF,FR,[GLCLC text removed],有,EVAL,,
W_A_F_GB_MX_4,GB_MX,W,L3,MX,ES,[GLCLC text removed],有,EVAL,,
S_A_M_DBL_BF_5,DBL_BF,S,L3,BF,FR,[GLCLC text removed],有,MS,,
W_A_F_ALX_KZ_5,ALX_KZ,W,L3,KZ,TK,[GLCLC text removed],有,EVAL,,
W_A_F_JIN_RU_2,JIN_RU,W,L3,RU,RU,[GLCLC text removed],有,EVAL,,
W_A_M_PWL_AU_2,PWL_AU,W,L3,AU,EN,[GLCLC text removed],有,MS,,
W_A_F_SXX_KR,SXX_KR,W,L3,KR,KR,[GLCLC text removed],有,MS,,
W_A_F_YAL_KZ_5,YAL_KZ,W,L3,KZ,TK,[GLCLC text removed],有,ABT,,
W_A_F_JBLU_KR_4,JBLU_KR,W,L3,KR,KR,[GLCLC text removed],有,MS,,
S_A_M_WGT_LT_2,WGT_LT,S,L3,LT,Other,[GLCLC text removed],有,MS,,
S_A_M_BJDG_JP,BJDG_JP,S,L3,JP,JP,[GLCLC text removed],有,MS,,
S_A_F_JML_KR_3,JML_KR,S,L3,KR,KR,[GLCLC text removed],有,MS,,
W_A_F_LYN_RU_1,LYN_RU,W,L3,RU,RU,[GLCLC text removed],有,MS,,
W_A_F_DLY_RU_1,DLY_RU,W,L3,RU,RU,[GLCLC text removed],有,MS,,
S_A_F_JXY_KR,JXY_KR,S,L3,KR,KR,[GLCLC text removed],满意,MS,,
S_A_M_WGT_LT_3,WGT_LT,S,L3,LT,Other,[GLCLC text removed],满意,MS,,
W_A_F_YESE_KZ_3,YESE_KZ,W,L3,KZ,TK,[GLCLC text removed],满意,MS,,
W_A_F_ASL_KZ_1,ASL_KZ,W,L3,KZ,TK,[GLCLC text removed],满意,MS,,
W_A_F_SNME_KR_1,SNME_KR,W,L3,KR,KR,[GLCLC text removed],满足,MS,,
W_A_F_WSNA_KR_2,WSNA_KR,W,L3,KR,KR,[GLCLC text removed],烂熟于心,MS,,
W_A_F_LJW_VE_1,LJW_VE,W,L3,VE,ES,[GLCLC text removed],熟悉,MS,,
W_A_F_HPL_TH_4,HPL_TH,W,L3,TH,TH,[GLCLC text removed],熟悉,MS,,
W_A_F_ZXLI_TH_4,ZXLI_TH,W,L3,TH,TH,[GLCLC text removed],熟悉,MS,,
W_A_F_FSHY_VN_7,FSHY_VN,W,L3,VN,VN,[GLCLC text removed],熟悉,MS,,
W_A_F_XMX_KR_4,XMX_KR,W,L3,KR,KR,[GLCLC text removed],熟悉,MS,,
W_A_F_MLK_KG,MLK_KG,W,L3,KG,TK,[GLCLC text removed],熟悉,MS,,
S_A_F_LYL_KR,LYL_KR,S,L3,KR,KR,[GLCLC text removed],理解,MS,,
W_A_F_LY_SK_2,LY_SK,W,L3,SK,Other,[GLCLC text removed],理解,MS,,
W_A_M_WHY_TH_1,WHY_TH,W,L3,TH,TH,[GLCLC text removed],理解,MS,,
W_A_F_FSHY_VN_5,FSHY_VN,W,L3,VN,VN,[GLCLC text removed],留下,MS,,
S_A_F_QYX_KR_2,QYX_KR,S,L3,KR,KR,[GLCLC text removed],相信,MS,,
S_A_F_QYX_KR_2,QYX_KR,S,L3,KR,KR,[GLCLC text removed],相信,MS,,
W_A_M_FZLD_UZ_7,FZLD_UZ,W,L3,UZ,TK,[GLCLC text removed],知道,MS,,
W_A_M_AJX_KR_5,AJX_KR,W,L3,KR,KR,[GLCLC text removed],知道,MS,,
W_A_M_AJ_KZ_1,AJ_KZ,W,L3,KZ,TK,[GLCLC text removed],糊涂,MS,,
W_A_M_WHY_TH_1,WHY_TH,W,L3,TH,TH,[GLCLC text removed],自豪,MS,,
W_A_F_YLN_RU_5,YLN_RU,W,L3,RU,RU,[GLCLC text removed],茫然,MS,,
W_A_F_XEY_MM_5,XEY_MM,W,L3,MM,Other,[GLCLC text removed],表示,ABT,,
W_A_M_PWL_AU_3,PWL_AU,W,L3,AU,EN,[GLCLC text removed],觉得,MS,,
W_A_F_MCWX_JP_3,MCWX_JP,W,L3,JP,JP,[GLCLC text removed],负,ABT,,
W_A_F_ZXW_KR_2,ZXW_KR,W,L3,KR,KR,[GLCLC text removed],负,ABT,,
W_A_M_CFX_TH_2,CFX_TH,W,L3,TH,TH,[GLCLC text removed],负,ABT,,
W_A_M_ZCS_TH_2,ZCS_TH,W,L3,TH,TH,[GLCLC text removed],负,ABT,,
W_A_F_CAMLG_TH_2,CAMLG_TH,W,L3,TH,TH,[GLCLC text removed],赞同,MS,,
W_A_F_JXZI_KR,JXZI_KR,W,L3,KR,KR,[GLCLC text removed],重要,EVAL,,
W_A_F_FSHY_VN_7,FSHY_VN,W,L3,VN,VN,[GLCLC text removed],陌生,MS,,
W_A_F_CSXQ_VN_2,CSXQ_VN,W,L3,VN,VN,[GLCLC text removed],陌生,MS,,
W_A_M_QAL_KZ_5,QAL_KZ,W,L3,KZ,TK,[GLCLC text removed],难,MS,,
W_A_F_DLY_RU_2,DLY_RU,W,L3,RU,RU,[GLCLC text removed],忘怀,MS,,
W_A_F_DLY_RU_3,DLY_RU,W,L3,RU,RU,[GLCLC text removed],忘怀,MS,,
W_A_F_ZSYA_TH_1,ZSYA_TH,W,L3,TH,TH,[GLCLC text removed],骄傲,MS,,
W_I_F_LHYI_VN_7,LHYI_VN,W,L2,VN,VN,[GLCLC text removed],开心,MS,,Collocation
S_I_F_LXHU_KR_3,LXHU_KR,S,L2,KR,KR,[GLCLC text removed],讲,ABT,,
W_A_F_CLY_KR,CLY_KR,W,L3,KR,KR,[GLCLC text removed],是,EVAL,,
W_I_F_JXJ_KR_3,JXJ_KR,W,L2,KR,KR,[GLCLC text removed],感谢,MS,Error,Collocation
W_I_F_JXJ_KR_3,JXJ_KR,W,L2,KR,KR,[GLCLC text removed],感谢,MS,Error,Collocation
W_I_F_TKLS_JP,TKLS_JP,W,L2,JP,JP,[GLCLC text removed],感谢,MS,Error,Collocation
W_I_F_YTJ_JP,YTJ_JP,W,L2,JP,JP,[GLCLC text removed],感谢,MS,Error,Collocation
W_I_F_JDR_KR_4,JDR_KR,W,L2,KR,KR,[GLCLC text removed],感谢,MS,Error,Collocation
W_I_M_ABM_CM,ABM_CM,W,L2,CM,EN,[GLCLC text removed],感谢,MS,Error,Collocation
W_I_M_GAXZ_JP_1,GAXZ_JP,W,L2,JP,JP,[GLCLC text removed],感谢,MS,Error,Collocation
W_I_F_YLC_TH,YLC_TH,W,L2,TH,TH,[GLCLC text removed],开玩笑,DA,Error,Collocation
W_I_M_CYD_TH,CYD_TH,W,L2,TH,TH,[GLCLC text removed],开玩笑,DA,Error,Collocation
W_I_F_YYL_TH_1,YYL_TH,W,L2,TH,TH,[GLCLC text removed],觉得,EVAL,Error,Non-dui-construction
S_I_F_QYX_KR_2,QYX_KR,S,L2,KR,KR,[GLCLC text removed],难,EVAL,Error,Non-dui-construction
W_I_M_SGY_KR_3,SGY_KR,W,L2,KR,KR,[GLCLC text removed],难,EVAL,Error,Non-dui-construction
W_I_F_WDLY_RU_18,WDLY_RU,W,L2,RU,RU,[GLCLC text removed],难,EVAL,Error,Non-dui-construction
W_I_F_WDLY_RU_14,WDLY_RU,W,L2,RU,RU,[GLCLC text removed],难,EVAL,Error,Non-dui-construction
S_I_M_ZLO_RU_2+I,ZLO_RU,S,L2,RU,RU,[GLCLC text removed],方便,EVAL,Error,Non-dui-construction
W_I_F_CAMLG_TH_1,CAMLG_TH,W,L2,TH,TH,[GLCLC text removed],骂,DA,Error,Non-dui-construction
W_I_F_YYZ_KR_4,YYZ_KR,W,L2,KR,KR,[GLCLC text removed],鼓励,DA,Error,Collocation
W_A_F_JMZJ_KR,JMZJ_KR,W,L3,KR,KR,[GLCLC text removed],产生,MS,Error,Collocation
S_B_M_ABD_YE,ABD_YE,S,L1,YE,AR,[GLCLC text removed],了解,ABT,Error,Word-Order
W_B_F_RFM_VN,RFM_VN,W,L1,VN,VN,[GLCLC text removed],好玩,EVAL,Error,Non-dui-construction
W_B_F_OMLI_TH_1,OMLI_TH,W,L1,TH,TH,[GLCLC text removed],*,EVAL,Error,Omission
S_B_F_WJS_RU,WJS_RU,S,L1,RU,RU,[GLCLC text removed],是,EVAL,Error,Non-dui-construction
W_B_F_OMLI_TH_1,OMLI_TH,W,L1,TH,TH,[GLCLC text removed],*,EVAL,Error,Omission
W_B_F_OMLI_TH_1,OMLI_TH,W,L1,TH,TH,[GLCLC text removed],*,EVAL,Error,Omission
S_B_M_ADL_YE,ADL_YE,S,L1,YE,AR,[GLCLC text removed],*,MS,Error,Omission
S_B_F_JXJ_KR,JXJ_KR,S,L1,KR,KR,[GLCLC text removed],有,MS,Error,Insertion
S_B_F_LX_RU,LX_RU,S,L1,RU,RU,[GLCLC text removed],*,EVAL,Error,Non-dui-construction
S_B_F_RSHF_VN,RSHF_VN,S,L1,VN,VN,[GLCLC text removed],有意思,EVAL,Error,Non-dui-construction
S_B_F_JXY_KR+B_F_NEE_KR,NEE_KR,S,L1,KR,KR,[GLCLC text removed],送,DA,Error,Collocation
W_B_F_JXZU_KR,JXZU_KR,W,L1,KR,KR,[GLCLC text removed],有意思,EVAL,Error,Non-dui-construction
W_B_F_ALUN_RU,ALUN_RU,W,L1,RU,RU,[GLCLC text removed],舒服,EVAL,Error,Non-dui-construction
S_B_M_LMN_TH_3,LMN_TH,S,L1,TH,TH,[GLCLC text removed],辛苦,EVAL,Error,Non-dui-construction
W_B_F_JAN_RU,JAN_RU,W,L1,RU,RU,[GLCLC text removed],热衷,MS,Error,Collocation
S_B_M_AYO_TG,AYO_TG,S,L1,TG,EN,[GLCLC text removed],理解,MS,Error,Collocation
S_B_M_CMX_VN,CMX_VN,S,L1,VN,VN,[GLCLC text removed],一样,EVAL,Error,Non-dui-construction
S_B_F_JZY_KR,JZY_KR,S,L1,KR,KR,[GLCLC text removed],聊天,DA,Error,Collocation
W_B_F_YRS_KR,YRS_KR,W,L1,KR,KR,[GLCLC text removed],说,DA,Error,Word-Order
W_B_M_JJXH_JP,JJXH_JP,W,L1,JP,JP,[GLCLC text removed],说,DA,Error,Collocation
W_B_F_YRS_KR,YRS_KR,W,L1,KR,KR,[GLCLC text removed],问,DA,Error,Collocation
W_I_F_CZJ_KR_1,CZJ_KR,W,L2,KR,KR,[GLCLC text removed],*,EVAL,Error,Non-dui-construction
W_I_F_SSXI_KR_3,SSXI_KR,W,L2,KR,KR,[GLCLC text removed],*,EVAL,Error,Non-dui-construction
W_I_F_WUYM_CR_16,WUYM_CR,W,L2,CR,ES,[GLCLC text removed],*,EVAL,Error,Omission
W_I_F_SZYI_KR_3,SZYI_KR,W,L2,KR,KR,[GLCLC text removed],*,EVAL,Error,Omission
W_I_F_JRY_KR_3,JRY_KR,W,L2,KR,KR,[GLCLC text removed],*,EVAL,Error,Omission
W_I_F_HZJ_KR_1,HZJ_KR,W,L2,KR,KR,[GLCLC text removed],*,DISP,Error,Omission
W_I_F_JHXU_KR_1,JHXU_KR,W,L2,KR,KR,[GLCLC text removed],不好意思,MS,Error,Omission
W_I_M_LDYI_KR_3,LDYI_KR,W,L2,KR,KR,[GLCLC text removed],不好意思,MS,Error,Omission
S_I_F_JDYI_KR+I_,JDYI_KR+I_,S,L2,KR,KR,[GLCLC text removed],产生,MS,Error,Non-dui-construction
S_I_F_GDX_KR_2,GDX_KR,S,L2,KR,KR,[GLCLC text removed],介绍,SI,Error,Collocation
W_I_M_EI_RU_1,EI_RU,W,L2,RU,RU,[GLCLC text removed],介绍,SI,Error,Collocation
W_I_F_XX_TH,XX_TH,W,L2,TH,TH,[GLCLC text removed],伤心,MS,Error,Omission
W_I_F_SSXI_KR_9,SSXI_KR,W,L2,KR,KR,[GLCLC text removed],伤心,MS,Error,Omission
S_I_F_JA_KR_3,JA_KR,S,L2,KR,KR,[GLCLC text removed],健康,EVAL,Error,Collocation
W_I_M_LMN_TH_14,LMN_TH,W,L2,TH,TH,[GLCLC text removed],健康,EVAL,Error,Collocation
W_I_F_QSY_KR_1,QSY_KR,W,L2,KR,KR,[GLCLC text removed],印象,MS,Error,Non-dui-construction
W_I_F_LLS_TH_1,LLS_TH,W,L2,TH,TH,[GLCLC text removed],发生,SI,Error,Non-dui-construction
W_I_F_LLS_TH_3,LLS_TH,W,L2,TH,TH,[GLCLC text removed],发生,SI,Error,Non-dui-construction
W_I_F_CAMLG_TH_7,CAMLG_TH,W,L2,TH,TH,[GLCLC text removed],受,DISP,Error,Collocation
S_I_M_AHA_ID_1,AHA_ID,S,L2,ID,Other,[GLCLC text removed],听,EVAL,Error,Non-dui-construction
S_I_F_NSJP_RU_3,NSJP_RU,S,L2,RU,RU,[GLCLC text removed],可靠,MS,Error,Collocation
W_I_M_MHMAD_TJ_3,MHMAD_TJ,W,L2,TJ,Other,[GLCLC text removed],同意,MS,Error,Collocation
S_I_F_XSM_KR,XSM_KR,S,L2,KR,KR,[GLCLC text removed],告诉,DA,Error,Collocation
W_I_F_JHXI_KR_3,JHXI_KR,W,L2,KR,KR,[GLCLC text removed],告诉,DA,Error,Collocation
W_I_F_GKA_TH_2,GKA_TH,W,L2,TH,TH,[GLCLC text removed],喜欢,MS,Error,Collocation
W_I_F_LWL_ID_14,LWL_ID,W,L2,ID,Other,[GLCLC text removed],多,EVAL,Error,Non-dui-construction
W_I_F_JZXU_KR_4,JZXU_KR,W,L2,KR,KR,[GLCLC text removed],套近乎,DA,Error,Collocation
W_I_M_BJM_AO_2,BJM_AO,W,L2,AO,PT,[GLCLC text removed],好,MS,Error,Collocation
W_I_F_JZNA_KR_3,JZNA_KR,W,L2,KR,KR,[GLCLC text removed],好,EVAL,Error,Omission
W_I_F_JZUE_KR_5,JZUE_KR,W,L2,KR,KR,[GLCLC text removed],*,EVAL,Error,Non-dui-construction
W_I_F_WDLY_RU_4,WDLY_RU,W,L2,RU,RU,[GLCLC text removed],*,EVAL,Error,Omission
W_I_F_YR_ES_8,YR_ES,W,L2,ES,ES,[GLCLC text removed],感谢,ABT,Error,Non-dui-construction
W_I_F_LZSA_KR_3,LZSA_KR,W,L2,KR,KR,[GLCLC text removed],对不起,MS,Error,Omission
W_I_F_PML_CG_2,PML_CG,W,L2,CG,FR,[GLCLC text removed],小心翼翼,DISP,Error,Collocation
W_I_F_NJ_RU_2,NJ_RU,W,L2,RU,RU,[GLCLC text removed],开心,EVAL,Error,Non-dui-construction
W_I_F_JZHX_KR_2,JZHX_KR,W,L2,KR,KR,[GLCLC text removed],影响,EVAL,Error,Collocation
W_I_F_HNN_PE_3,HNN_PE,W,L2,PE,ES,[GLCLC text removed],辣,EVAL,Error,Non-dui-construction
W_I_F_MX_CS,MX_CS,W,L2,CS,Other,[GLCLC text removed],舒服,EVAL,Error,Non-dui-construction
W_I_F_CAMLG_TH_3,CAMLG_TH,W,L2,TH,TH,[GLCLC text removed],快乐,MS,Error,Collocation
W_I_F_CZJ_KR_1,CZJ_KR,W,L2,KR,KR,[GLCLC text removed],怕,EVAL,Error,Non-dui-construction
S_I_F_DLYH_RU_1,DLYH_RU,S,L2,RU,RU,[GLCLC text removed],感,EVAL,Error,Non-dui-construction
W_I_F_HHC_KR_2,HHC_KR,W,L2,KR,KR,[GLCLC text removed],感到,MS,Error,Collocation
S_I_F_NS_ML_2,NS_ML,S,L2,ML,FR,[GLCLC text removed],愿意,MS,Error,Collocation
W_I_F_HLM_KR_1,HLM_KR,W,L2,KR,KR,[GLCLC text removed],成为,EVAL,Error,Non-dui-construction
W_I_F_QZY_KR_2,QZY_KR,W,L2,KR,KR,[GLCLC text removed],打,SI,Error,Collocation
W_I_F_YY_KR_2,YY_KR,W,L2,KR,KR,[GLCLC text removed],推荐,SI,Error,Collocation
W_I_F_YTQZ_JP_3,YTQZ_JP,W,L2,JP,JP,[GLCLC text removed],教,SI,Error,Collocation
W_I_F_ZJJ_KR,ZJJ_KR,W,L2,KR,KR,[GLCLC text removed],教,SI,Error,Collocation
W_I_M_YTHZ_JP,YTHZ_JP,W,L2,JP,JP,[GLCLC text removed],教,SI,Error,Collocation
W_I_M_YTHZ_JP,YTHZ_JP,W,L2,JP,JP,[GLCLC text removed],教,SI,Error,Collocation
W_I_F_YYZ_KR_4,YYZ_KR,W,L2,KR,KR,[GLCLC text removed],新奇,EVAL,Error,Non-dui-construction
S_I_F_JHF_KR,JHF_KR,S,L2,KR,KR,[GLCLC text removed],是,EVAL,Error,Non-dui-construction
W_I_M_MHMAD_TJ_3,MHMAD_TJ,W,L2,TJ,Other,[GLCLC text removed],是,EVAL,Error,Non-dui-construction
W_I_M_MHMAD_TJ_3,MHMAD_TJ,W,L2,TJ,Other,[GLCLC text removed],好,EVAL,Error,Non-dui-construction
W_I_F_YIL_BR_8,YIL_BR,W,L2,BR,PT,[GLCLC text removed],*,EVAL,Error,Non-dui-construction
W_I_F_JHXI_KR_2,JHXI_KR,W,L2,KR,KR,[GLCLC text removed],感受,MS,Error,Non-dui-construction
W_I_F_JJB_KR_4,JJB_KR,W,L2,KR,KR,[GLCLC text removed],有,MS,Error,Collocation
W_I_F_JHXU_KR_1,JHXU_KR,W,L2,KR,KR,[GLCLC text removed],有,MS,Error,Collocation
W_I_M_ADH_RU_3,ADH_RU,W,L2,RU,RU,[GLCLC text removed],有,MS,Error,Non-dui-construction
S_I_F_JZUE_KR_2,JZUE_KR,S,L2,KR,KR,[GLCLC text removed],*,EVAL,Error,Omission
W_I_F_SF_RU_2,SF_RU,W,L2,RU,RU,[GLCLC text removed],有,EVAL,Error,Non-dui-construction
W_I_M_NJX_KR_1,NJX_KR,W,L2,KR,KR,[GLCLC text removed],有意思,EVAL,Error,Omission
W_I_F_TKLS_JP,TKLS_JP,W,L2,JP,JP,[GLCLC text removed],有,MS,Error,Insertion
W_I_F_SJNS_JP,SJNS_JP,W,L2,JP,JP,[GLCLC text removed],有,MS,Error,Insertion
W_I_F_ZLE_KR,ZLE_KR,W,L2,KR,KR,[GLCLC text removed],有,MS,Error,Insertion
W_I_F_JYU_KZ_2,JYU_KZ,W,L2,KZ,TK,[GLCLC text removed],有,MS,Error,Insertion
W_I_F_YYL_TH_3,YYL_TH,W,L2,TH,TH,[GLCLC text removed],有,MS,Error,Insertion
W_I_F_GBQ_TH_5,GBQ_TH,W,L2,TH,TH,[GLCLC text removed],有,MS,Error,Insertion
W_I_F_JYN_KR,JYN_KR,W,L2,KR,KR,[GLCLC text removed],有,MS,Error,Insertion
W_I_F_ZXLI_TH_5,ZXLI_TH,W,L2,TH,TH,[GLCLC text removed],有趣,EVAL,Error,Non-dui-construction
W_I_F_LYSU_KR_1,LYSU_KR,W,L2,KR,KR,[GLCLC text removed],有,EVAL,Error,Non-dui-construction
W_I_F_CZJ_KR_1,CZJ_KR,W,L2,KR,KR,[GLCLC text removed],怕,MS,Error,Collocation
W_I_F_LWL_ID_7,LWL_ID,W,L2,ID,Other,[GLCLC text removed],沮丧,MS,Error,Word-Order
S_I_F_JZNA_KR+I_,JZNA_KR+I_,S,L2,KR,KR,[GLCLC text removed],深刻,EVAL,Error,Non-dui-construction
W_I_F_JZXU_KR_4,JZXU_KR,W,L2,KR,KR,[GLCLC text removed],深刻,MS,Error,Omission
W_I_F_JZXU_KR_4,JZXU_KR,W,L2,KR,KR,[GLCLC text removed],深刻,EVAL,Error,Non-dui-construction
W_I_F_ANA_RU_3,ANA_RU,W,L2,RU,RU,[GLCLC text removed],满足,EVAL,Error,Non-dui-construction
W_I_F_YY_KR_1,YY_KR,W,L2,KR,KR,[GLCLC text removed],熟,EVAL,Error,Non-dui-construction
W_I_F_YZX_KR_2,YZX_KR,W,L2,KR,KR,[GLCLC text removed],熟悉,EVAL,Error,Non-dui-construction
W_I_F_YZX_KR_2,YZX_KR,W,L2,KR,KR,[GLCLC text removed],熟悉,EVAL,Error,Non-dui-construction
W_I_M_YCHI_VN,YCHI_VN,W,L2,VN,VN,[GLCLC text removed],熟悉,EVAL,Error,Non-dui-construction
W_I_F_PRL_KR_2,PRL_KR,W,L2,KR,KR,[GLCLC text removed],特别,EVAL,Error,Non-dui-construction
W_I_F_JZXIU_KR_1,JZXIU_KR,W,L2,KR,KR,[GLCLC text removed],珍惜,EVAL,Error,Collocation
W_I_F_JJB_KR_6,JJB_KR,W,L2,KR,KR,[GLCLC text removed],生疏,EVAL,Error,Non-dui-construction
W_I_M_LK_FR_2,LK_FR,W,L2,FR,FR,[GLCLC text removed],留下,MS,Error,Non-dui-construction
S_I_M_SUZY_KR_2,SUZY_KR,S,L2,KR,KR,[GLCLC text removed],留下,MS,Error,Non-dui-construction
S_I_M_SUZY_KR_2,SUZY_KR,S,L2,KR,KR,[GLCLC text removed],留下,MS,Error,Non-dui-construction
W_I_M_SUZY_KR,SUZY_KR,W,L2,KR,KR,[GLCLC text removed],留下,MS,Error,Non-dui-construction
W_I_F_JDR_KR_4,JDR_KR,W,L2,KR,KR,[GLCLC text removed],留下,MS,Error,Non-dui-construction
W_I_F_SSXI_KR_8,SSXI_KR,W,L2,KR,KR,[GLCLC text removed],感动,MS,Error,Non-dui-construction
S_I_M_AILAN_PK_3,AILAN_PK,S,L2,PK,Other,[GLCLC text removed],知道,MS,Error,Non-dui-construction
S_I_M_MW_RU,MW_RU,S,L2,RU,RU,[GLCLC text removed],知道,MS,Error,Collocation
W_I_F_QFM_KR_1,QFM_KR,W,L2,KR,KR,[GLCLC text removed],给,DA,Error,Collocation
W_I_F_YR_ES_14,YR_ES,W,L2,ES,ES,[GLCLC text removed],是,EVAL,Error,Word-Order
W_I_F_NSJB_RU_1,NSJB_RU,W,L2,RU,RU,[GLCLC text removed],行,DA,Error,Collocation
W_I_F_JYU_KZ_5,JYU_KZ,W,L2,KZ,TK,[GLCLC text removed],好,DA,Error,Collocation
W_I_M_MHMAD_TJ_3,MHMAD_TJ,W,L2,TJ,Other,[GLCLC text removed],送,SI,Error,Collocation
W_I_F_KELA_PE_1,KELA_PE,W,L2,PE,ES,[GLCLC text removed],重要,EVAL,Error,Non-dui-construction
W_I_F_LCL_KR_1,LCL_KR,W,L2,KR,KR,[GLCLC text removed],问,DA,Error,Collocation
W_I_F_JJB_KR_9,JJB_KR,W,L2,KR,KR,[GLCLC text removed],问,DA,Error,Collocation
W_I_F_HLM_KR_1,HLM_KR,W,L2,KR,KR,[GLCLC text removed],问,DA,Error,Collocation
W_I_F_XAW_ML_4,XAW_ML,W,L2,ML,FR,[GLCLC text removed],陌生,MS,Error,Omission
W_I_F_TKLS_JP,TKLS_JP,W,L2,JP,JP,[GLCLC text removed],难,EVAL,Error,Non-dui-construction
W_I_F_WML_KR_3,WML_KR,W,L2,KR,KR,[GLCLC text removed],难,EVAL,Error,Non-dui-construction
W_I_M_MLIK_TJ,MLIK_TJ,W,L2,TJ,Other,[GLCLC text removed],难,EVAL,Error,Word-Order
S_I_F_JZUE_KR_2,JZUE_KR,S,L2,KR,KR,[GLCLC text removed],*,EVAL,Error,Omission
S_I_F_JZUE_KR_2,JZUE_KR,S,L2,KR,KR,[GLCLC text removed],*,EVAL,Error,Omission
W_I_F_CZJ_KR_1,CZJ_KR,W,L2,KR,KR,[GLCLC text removed],难忘,EVAL,Error,Non-dui-construction
W_I_F_HZJ_KR_2,HZJ_KR,W,L2,KR,KR,[GLCLC text removed],*,EVAL,Error,Omission
W_I_F_RXBHZ_JP,RXBHZ_JP,W,L2,JP,JP,[GLCLC text removed],难忘,EVAL,Error,Non-dui-construction
W_I_F_SZXY_KR,SZXY_KR,W,L2,KR,KR,[GLCLC text removed],难忘,EVAL,Error,Omission
W_I_M_SGY_KR_3,SGY_KR,W,L2,KR,KR,[GLCLC text removed],难忘,EVAL,Error,Non-dui-construction
W_I_F_JA_KR_5,JA_KR,W,L2,KR,KR,[GLCLC text removed],顽皮,EVAL,Error,Non-dui-construction
W_I_F_LHYI_VN_12,LHYI_VN,W,L2,VN,VN,[GLCLC text removed],骂,DA,Error,Collocation
W_I_M_HYH_KR_1,HYH_KR,W,L2,KR,KR,[GLCLC text removed],骗,DISP,Error,Collocation
S_I_F_NS_ML_1,NS_ML,S,L2,ML,FR,[GLCLC text removed],高兴,MS,Error,Non-dui-construction
S_I_M_ALFD_GN_3,ALFD_GN,S,L2,GN,EN,[GLCLC text removed],高兴,MS,Error,Non-dui-construction
W_I_F_LZYO_KR,LZYO_KR,W,L2,KR,KR,[GLCLC text removed],鼓起,EVAL,Error,Collocation
S_I_M_DYSR_JP+I_,DYSR_JP+I_,S,L2,JP,JP,[GLCLC text removed],*,ABT,Error,Non-dui-construction
S_I_M_MALK_TJ,MALK_TJ,S,L2,TJ,Other,[GLCLC text removed],*,ABT,Error,Non-dui-construction
W_I_F_YZX_KR_1,YZX_KR,W,L2,KR,KR,[GLCLC text removed],帮,DISP,Error,Uncodable
W_I_F_SXX_KR_2,SXX_KR,W,L2,KR,KR,[GLCLC text removed],发生,EVAL,Error,Non-dui-construction
W_I_F_YY_TH_3,YY_TH,W,L2,TH,TH,[GLCLC text removed],幸福,MS,Error,Non-dui-construction
W_I_F_YY_TH_3,YY_TH,W,L2,TH,TH,[GLCLC text removed],讨厌,MS,Error,Omission
W_I_F_BYL_BR_3,BYL_BR,W,L2,BR,PT,[GLCLC text removed],不如,EVAL,Error,Non-dui-construction
W_I_F_SCYS_JP_2,SCYS_JP,W,L2,JP,JP,[GLCLC text removed],好用,EVAL,Error,Non-dui-construction
W_I_F_PRL_KR_4,PRL_KR,W,L2,KR,KR,[GLCLC text removed],扔,DA,Error,Collocation
W_I_F_JZUE_KR_2,JZUE_KR,W,L2,KR,KR,[GLCLC text removed],难忘,EVAL,Error,Non-dui-construction
W_I_F_JZUE_KR_2,JZUE_KR,W,L2,KR,KR,[GLCLC text removed],难忘,EVAL,Error,Non-dui-construction
W_I_F_QBYZ_JP_6,QBYZ_JP,W,L2,JP,JP,[GLCLC text removed],难忘,EVAL,Error,Omission
W_I_M_ZCYT_JP_1,ZCYT_JP,W,L2,JP,JP,[GLCLC text removed],带来,EVAL,Error,Collocation
W_I_F_LXJ_KR_2,LXJ_KR,W,L2,KR,KR,[GLCLC text removed],*,EVAL,Error,Omission
W_I_M_LTT_KR,LTT_KR,W,L2,KR,KR,[GLCLC text removed],吃,SI,Error,Non-dui-construction
S_I_M_CL_GN,CL_GN,S,L2,GN,EN,[GLCLC text removed],想,EVAL,Error,Non-dui-construction
W_I_F_WAL_EE_4,WAL_EE,W,L2,EE,Other,[GLCLC text removed],感觉,MS,Error,Collocation
S_I_M_QFS_KR,QFS_KR,S,L2,KR,KR,[GLCLC text removed],*,EVAL,Error,Non-dui-construction
W_I_M_YCHI_VN,YCHI_VN,W,L2,VN,VN,[GLCLC text removed],不错,EVAL,Error,Non-dui-construction
S_I_M_QFS_KR,QFS_KR,S,L2,KR,KR,[GLCLC text removed],健康,EVAL,Error,Collocation
W_I_M_LDYI_KR_4,LDYI_KR,W,L2,KR,KR,[GLCLC text removed],兴奋,MS,Error,Collocation
W_I_M_MHMAD_TJ_3,MHMAD_TJ,W,L2,TJ,Other,[GLCLC text removed],有,EVAL,Error,Non-dui-construction
S_I_M_AMT_TJ,AMT_TJ,S,L2,TJ,Other,[GLCLC text removed],友好,DISP,Error,Collocation
W_I_F_YYQH_JP_1,YYQH_JP,W,L2,JP,JP,[GLCLC text removed],应该,EVAL,Error,Collocation
W_I_F_CXYA_KR_1,CXYA_KR,W,L2,KR,KR,[GLCLC text removed],变,EVAL,Error,Non-dui-construction
W_I_F_WLLY_RU_3,WLLY_RU,W,L2,RU,RU,[GLCLC text removed],好,EVAL,Error,Non-dui-construction
W_I_F_SF_RU_1,SF_RU,W,L2,RU,RU,[GLCLC text removed],好,EVAL,Error,Word-Order
W_I_F_JA_KR_4,JA_KR,W,L2,KR,KR,[GLCLC text removed],*,EVAL,Error,Omission
W_I_M_HSE_PK_6,HSE_PK,W,L2,PK,Other,[GLCLC text removed],好,DISP,Error,Non-dui-construction
W_I_F_BYL_BR_3,BYL_BR,W,L2,BR,PT,[GLCLC text removed],好,EVAL,Error,Collocation
W_I_F_LXHU_KR_6,LXHU_KR,W,L2,KR,KR,[GLCLC text removed],*,EVAL,Error,Omission
W_I_M_SGY_KR_3,SGY_KR,W,L2,KR,KR,[GLCLC text removed],建议,DA,Error,Collocation
S_I_F_CLY_KR,CLY_KR,S,L2,KR,KR,[GLCLC text removed],放开,ABT,Error,Non-dui-construction
W_I_F_LXHU_KR_2,LXHU_KR,W,L2,KR,KR,[GLCLC text removed],*,EVAL,Error,Omission
S_I_M_HAS_CU_1,HAS_CU,S,L2,CU,ES,[GLCLC text removed],有,MS,Error,Insertion
S_I_F_PML_CG_2,PML_CG,S,L2,CG,FR,[GLCLC text removed],有,MS,Error,Insertion
S_I_F_YYQ_CH,YYQ_CH,S,L2,CH,Other,[GLCLC text removed],感,MS,Error,Collocation
W_I_F_SJNS_JP,SJNS_JP,W,L2,JP,JP,[GLCLC text removed],有,MS,Error,Insertion
W_I_M_ZYK_VE,ZYK_VE,W,L2,VE,ES,[GLCLC text removed],感,MS,Error,Non-dui-construction
W_I_F_JDR_KR_1,JDR_KR,W,L2,KR,KR,[GLCLC text removed],感到,MS,Error,Insertion
W_I_F_QY_TH_2,QY_TH,W,L2,TH,TH,[GLCLC text removed],感,MS,Error,Insertion
W_I_M_HSE_PK_1,HSE_PK,W,L2,PK,Other,[GLCLC text removed],感,MS,Error,Collocation
W_I_F_LWL_ID_12,LWL_ID,W,L2,ID,Other,[GLCLC text removed],滋长,MS,Error,Insertion
W_I_F_JJL_KR_2,JJL_KR,W,L2,KR,KR,[GLCLC text removed],感,MS,Error,Collocation
W_I_F_ZYY_VE_9,ZYY_VE,W,L2,VE,ES,[GLCLC text removed],感,MS,Error,Collocation
W_I_F_QBYZ_JP_11,QBYZ_JP,W,L2,JP,JP,[GLCLC text removed],感,MS,Error,Non-dui-construction
W_I_F_LCL_KR_1,LCL_KR,W,L2,KR,KR,[GLCLC text removed],投,SI,Error,Collocation
S_I_F_NSJP_RU_3,NSJP_RU,S,L2,RU,RU,[GLCLC text removed],可靠,EVAL,Error,Non-dui-construction
S_I_M_LBO_SE,LBO_SE,S,L2,SE,Other,[GLCLC text removed],有,MS,Error,Non-dui-construction
S_I_M_QFS_KR,QFS_KR,S,L2,KR,KR,[GLCLC text removed],有,EVAL,Error,Uncodable
S_I_M_QFS_KR,QFS_KR,S,L2,KR,KR,[GLCLC text removed],有,EVAL,Error,Uncodable
W_I_F_LXHU_KR_2,LXHU_KR,W,L2,KR,KR,[GLCLC text removed],有,MS,Error,Collocation
W_I_F_YTJ_JP,YTJ_JP,W,L2,JP,JP,[GLCLC text removed],有,SI,Error,Collocation
W_I_F_LMY_TH_1,LMY_TH,W,L2,TH,TH,[GLCLC text removed],有,EVAL,Error,Non-dui-construction
W_I_M_ABL_UZ_3,ABL_UZ,W,L2,UZ,TK,[GLCLC text removed],有,DA,Error,Word-Order
W_I_F_DFH_TH_3,DFH_TH,W,L2,TH,TH,[GLCLC text removed],有,EVAL,Error,Non-dui-construction
W_I_F_TKLS_JP,TKLS_JP,W,L2,JP,JP,[GLCLC text removed],有意思,EVAL,Error,Non-dui-construction
W_I_M_SUZY_KR,SUZY_KR,W,L2,KR,KR,[GLCLC text removed],*,EVAL,Error,Omission
W_I_M_MLIK_TJ,MLIK_TJ,W,L2,TJ,Other,[GLCLC text removed],有意思,EVAL,Error,Non-dui-construction
S_I_F_AMEI_MU_3,AMEI_MU,S,L2,MU,Other,[GLCLC text removed],有,EVAL,Error,Collocation
S_I_M_LC_TH_3,LC_TH,S,L2,TH,TH,[GLCLC text removed],有用,EVAL,Error,Insertion
W_I_M_PZH_KR,PZH_KR,W,L2,KR,KR,[GLCLC text removed],有,DA,Error,Uncodable
W_I_F_PMG_KR_2,PMG_KR,W,L2,KR,KR,[GLCLC text removed],有,EVAL,Error,Non-dui-construction
W_I_F_NLSA_KG_3,NLSA_KG,W,L2,KG,TK,[GLCLC text removed],热衷,MS,Error,Collocation
W_I_M_WJS_MU,WJS_MU,W,L2,MU,Other,[GLCLC text removed],熟悉,EVAL,Error,Non-dui-construction
W_I_M_LMA_PT_2,LMA_PT,W,L2,PT,PT,[GLCLC text removed],熟悉,EVAL,Error,Non-dui-construction
W_I_F_YSLI_PE_3,YSLI_PE,W,L2,PE,ES,[GLCLC text removed],答谢,DA,Error,Collocation
W_I_F_YR_ES_8,YR_ES,W,L2,ES,ES,[GLCLC text removed],给力,DISP,Error,Collocation
W_I_F_HHC_KR_2,HHC_KR,W,L2,KR,KR,[GLCLC text removed],舒服,EVAL,Error,Collocation
W_I_F_HHC_KR_3,HHC_KR,W,L2,KR,KR,[GLCLC text removed],表明,DA,Error,Collocation
W_I_M_MHMAD_TJ_3,MHMAD_TJ,W,L2,TJ,Other,[GLCLC text removed],*,EVAL,Error,Non-dui-construction
W_I_F_ZSYI_TH_3,ZSYI_TH,W,L2,TH,TH,[GLCLC text removed],觉得,MS,Error,Non-dui-construction
S_I_M_LCY_TH,LCY_TH,S,L2,TH,TH,[GLCLC text removed],认为,MS,Error,Non-dui-construction
S_I_F_ZRY_KR,ZRY_KR,S,L2,KR,KR,[GLCLC text removed],认识,MS,Error,Collocation
W_I_F_JEL_KR_1,JEL_KR,W,L2,KR,KR,[GLCLC text removed],适合,EVAL,Error,Collocation
W_I_M_ZCYT_JP_1,ZCYT_JP,W,L2,JP,JP,[GLCLC text removed],适合,EVAL,Error,Collocation
W_I_F_BYL_BR_6,BYL_BR,W,L2,BR,PT,[GLCLC text removed],适合,EVAL,Error,Non-dui-construction
W_I_F_JML_KR_2,JML_KR,W,L2,KR,KR,[GLCLC text removed],熟悉,EVAL,Error,Non-dui-construction
S_I_F_JDYI_KR+I_,JDYI_KR,S,L2,KR,KR,[GLCLC text removed],适当,EVAL,Error,Collocation
S_I_M_WYMU_SD_3,WYMU_SD,S,L2,SD,AR,[GLCLC text removed],重要,EVAL,Error,Non-dui-construction
W_I_F_JXJ_KR_3,JXJ_KR,W,L2,KR,KR,[GLCLC text removed],问,DA,Error,Collocation
S_I_F_MZY_KR_2,MZY_KR,S,L2,KR,KR,[GLCLC text removed],难忘,EVAL,Error,Non-dui-construction
W_I_F_LXHU_KR_6,LXHU_KR,W,L2,KR,KR,[GLCLC text removed],难忘,EVAL,Error,Non-dui-construction
W_I_F_TKQX_JP_1,TKQX_JP,W,L2,JP,JP,[GLCLC text removed],难忘,EVAL,Error,Non-dui-construction
S_I_M_ZLO_RU_2+I,ZLO_RU,S,L2,RU,RU,[GLCLC text removed],方便,EVAL,Error,Non-dui-construction
W_I_F_JYU_KZ_1,JYU_KZ,W,L2,KZ,TK,[GLCLC text removed],麻烦,EVAL,Error,Non-dui-construction
S_I_F_JHXI_KR_4,JHXI_KR,S,L2,KR,KR,[GLCLC text removed],*,ABT,Error,Uncodable
W_A_M_XT_UZ_2,XT_UZ,W,L3,UZ,TK,[GLCLC text removed],*,MS,Error,Omission
W_A_F_KLN_RU_5,KLN_RU,W,L3,RU,RU,[GLCLC text removed],*,MS,Error,Omission
S_A_F_LZG_KR,LZG_KR,S,L3,KR,KR,[GLCLC text removed],不好意思,MS,Error,Omission
W_A_F_TLL_UA_3,TLL_UA,W,L3,UA,Other,[GLCLC text removed],举行,DA,Error,Collocation
W_A_F_JDHN_KR,JDHN_KR,W,L3,KR,KR,[GLCLC text removed],关心,DA,Error,Omission
W_A_F_JJB_KR_2,JJB_KR,W,L3,KR,KR,[GLCLC text removed],关心,DISP,Error,Collocation
W_A_F_JDYA_KR,JDYA_KR,W,L3,KR,KR,[GLCLC text removed],关心,DISP,Error,Collocation
W_A_M_CYJ_KR_1,CYJ_KR,W,L3,KR,KR,[GLCLC text removed],关心,DISP,Error,Collocation
W_A_F_LMR_TH_4,LMR_TH,W,L3,TH,TH,[GLCLC text removed],印象,MS,Error,Non-dui-construction
W_A_F_LMR_TH_4,LMR_TH,W,L3,TH,TH,[GLCLC text removed],印象,MS,Error,Non-dui-construction
W_A_F_ZSYI_TH_3,ZSYI_TH,W,L3,TH,TH,[GLCLC text removed],友善,DISP,Error,Insertion
W_A_F_XMX_KR_1,XMX_KR,W,L3,KR,KR,[GLCLC text removed],发下,DA,Error,Collocation
W_A_F_XMX_KR_1,XMX_KR,W,L3,KR,KR,[GLCLC text removed],受到,MS,Error,Uncodable
W_A_F_XMX_KR_1,XMX_KR,W,L3,KR,KR,[GLCLC text removed],受到,DA,Error,Non-dui-construction
W_A_F_CXZ_TH_5,CXZ_TH,W,L3,TH,TH,[GLCLC text removed],善良,DISP,Error,Collocation
W_A_F_LHYA_TH_5,LHYA_TH,W,L3,TH,TH,[GLCLC text removed],有,EVAL,Error,Word-Order
W_A_F_ASL_KZ_4,ASL_KZ,W,L3,KZ,TK,[GLCLC text removed],建,SI,Error,Collocation
W_A_M_FLUS_RU_4,FLUS_RU,W,L3,RU,RU,[GLCLC text removed],怎么样,DISP,Error,Non-dui-construction
W_A_F_LMR_TH_4,LMR_TH,W,L3,TH,TH,[GLCLC text removed],感觉,MS,Error,Non-dui-construction
W_A_F_QYX_KR_3,QYX_KR,W,L3,KR,KR,[GLCLC text removed],感觉,MS,Error,Collocation
W_A_F_WLN_KZ_3,WLN_KZ,W,L3,KZ,TK,[GLCLC text removed],建立,DA,Error,Non-dui-construction
W_A_F_JXA_KR_1,JXA_KR,W,L3,KR,KR,[GLCLC text removed],*,EVAL,Error,Omission
W_A_M_JBY_KR_1,JBY_KR,W,L3,KR,KR,[GLCLC text removed],改变,SI,Error,Collocation
W_A_F_JXZI_KR,JXZI_KR,W,L3,KR,KR,[GLCLC text removed],改变,DA,Error,Non-dui-construction
W_A_M_AJX_KR_10,AJX_KR,W,L3,KR,KR,[GLCLC text removed],有,MS,Error,Collocation
W_A_F_LYM_KR,LYM_KR,W,L3,KR,KR,[GLCLC text removed],树立,MS,Error,Non-dui-construction
S_A_F_MQH_VN,MQH_VN,S,L3,VN,VN,[GLCLC text removed],比,DA,Error,Non-dui-construction
W_A_F_LYM_KR,LYM_KR,W,L3,KR,KR,[GLCLC text removed],留下,MS,Error,Non-dui-construction
W_A_F_ZEH_KR,ZEH_KR,W,L3,KR,KR,[GLCLC text removed],留下,MS,Error,Non-dui-construction
W_A_F_RBZ_VN_3,RBZ_VN,W,L3,VN,VN,[GLCLC text removed],*,ABT,Error,Omission
W_A_M_WHY_TH_1,WHY_TH,W,L3,TH,TH,[GLCLC text removed],道歉,DA,Error,Collocation
S_A_M_ZCY_KR_2,ZCY_KR,S,L3,KR,KR,[GLCLC text removed],*,EVAL,Error,Non-dui-construction
W_A_M_AKH_UZ,AKH_UZ,W,L3,UZ,TK,[GLCLC text removed],尴尬,EVAL,Error,Non-dui-construction
W_A_F_JMT_KR_1,JMT_KR,W,L3,KR,KR,[GLCLC text removed],可信,EVAL,Error,Non-dui-construction
W_A_F_PSH_KR_5,PSH_KR,W,L3,KR,KR,[GLCLC text removed],合,EVAL,Error,Collocation
W_A_F_AM_GN_1,AM_GN,W,L3,GN,EN,[GLCLC text removed],复杂,EVAL,Error,Non-dui-construction
S_A_F_JZHX_KR_2,JZHX_KR,S,L3,KR,KR,[GLCLC text removed],好,EVAL,Error,Omission
W_A_F_QYX_KR_1,QYX_KR,W,L3,KR,KR,[GLCLC text removed],*,EVAL,Error,Omission
W_A_F_JZHX_KR_3,JZHX_KR,W,L3,KR,KR,[GLCLC text removed],做,EVAL,Error,Uncodable
W_A_F_CXZ_TH_5,CXZ_TH,W,L3,TH,TH,[GLCLC text removed],惊讶,MS,Error,Non-dui-construction
S_A_F_ZSY_TH_3,ZSY_TH,S,L3,TH,TH,[GLCLC text removed],有,MS,Error,Non-dui-construction
W_A_F_JZHX_KR_2,JZHX_KR,W,L3,KR,KR,[GLCLC text removed],有,EVAL,Error,Collocation
W_A_F_JZHX_KR_4,JZHX_KR,W,L3,KR,KR,[GLCLC text removed],看起来,EVAL,Error,Non-dui-construction
S_A_F_LRY_KR,LRY_KR,S,L3,KR,KR,[GLCLC text removed],符合,EVAL,Error,Collocation
S_A_F_LRY_KR,LRY_KR,S,L3,KR,KR,[GLCLC text removed],符合,EVAL,Error,Collocation
S_A_F_LRY_KR,LRY_KR,S,L3,KR,KR,[GLCLC text removed],符合,EVAL,Error,Collocation
S_A_F_LRY_KR,LRY_KR,S,L3,KR,KR,[GLCLC text removed],符合,EVAL,Error,Collocation
W_A_M_FLUS_RU_5,FLUS_RU,W,L3,RU,RU,[GLCLC text removed],符合,EVAL,Error,Collocation
S_A_F_LZG_KR,LZG_KR,S,L3,KR,KR,[GLCLC text removed],适合,EVAL,Error,Collocation
W_A_M_SMR_TH_4,SMR_TH,W,L3,TH,TH,[GLCLC text removed],适合,EVAL,Error,Collocation
W_A_F_ZEH_KR,ZEH_KR,W,L3,KR,KR,[GLCLC text removed],陌生,EVAL,Error,Non-dui-construction
W_A_F_XMX_KR_1,XMX_KR,W,L3,KR,KR,[GLCLC text removed],需要,EVAL,Error,Non-dui-construction
S_A_F_AYD_KG,AYD_KG,S,L3,KG,TK,[GLCLC text removed],*,EVAL,Error,Non-dui-construction
S_A_M_BL_CL_2,BL_CL,S,L3,CL,ES,[GLCLC text removed],吃,ABT,Error,Non-dui-construction
S_A_M_DL_TG_5,DL_TG,S,L3,TG,EN,[GLCLC text removed],一样,ABT,Error,Non-dui-construction
S_A_M_DBL_BF_2,DBL_BF,S,L3,BF,FR,[GLCLC text removed],一样,ABT,Error,Non-dui-construction
W_A_F_LJ_RU_3,LJ_RU,W,L3,RU,RU,[GLCLC text removed],乏味,MS,Error,Omission
W_A_F_JXY_KR_3,JXY_KR,W,L3,KR,KR,[GLCLC text removed],产生,MS,Error,Word-Order
W_A_F_TLL_UA_1,TLL_UA,W,L3,UA,Other,[GLCLC text removed],产生,MS,Error,Insertion
W_A_F_LJ_RU_3,LJ_RU,W,L3,RU,RU,[GLCLC text removed],产生,MS,Error,Non-dui-construction
W_A_M_HSHU_ID_1,HSHU_ID,W,L3,ID,Other,[GLCLC text removed],健康,EVAL,Error,Collocation
W_A_M_ZYK_VE_6,ZYK_VE,W,L3,VE,ES,[GLCLC text removed],取得,EVAL,Error,Collocation
W_A_F_XMX_KR_3,XMX_KR,W,L3,KR,KR,[GLCLC text removed],变,ABT,Error,Uncodable
W_A_F_JMZJ_KR,JMZJ_KR,W,L3,KR,KR,[GLCLC text removed],合适,EVAL,Error,Collocation
W_A_F_RHF_VN_4,RHF_VN,W,L3,VN,VN,[GLCLC text removed],合适,EVAL,Error,Collocation
W_A_F_LY_SK_3,LY_SK,W,L3,SK,Other,[GLCLC text removed],*,MS,Error,Omission
S_A_M_HH_SD_5,HH_SD,S,L3,SD,AR,[GLCLC text removed],影响,EVAL,Error,Word-Order
W_A_F_PYT_KR,PYT_KR,W,L3,KR,KR,[GLCLC text removed],好,MS,Error,Uncodable
W_A_F_SNME_KR_1,SNME_KR,W,L3,KR,KR,[GLCLC text removed],学,ABT,Error,Non-dui-construction
S_A_F_QYX_KR_1,QYX_KR,S,L3,KR,KR,[GLCLC text removed],*,EVAL,Error,Omission
W_A_F_YESE_KZ_2,YESE_KZ,W,L3,KZ,TK,[GLCLC text removed],开,DA,Error,Collocation
W_A_F_SZYA_KR,SZYA_KR,W,L3,KR,KR,[GLCLC text removed],知道,MS,Error,Collocation
W_A_M_ZYK_VE_7,ZYK_VE,W,L3,VE,ES,[GLCLC text removed],有,MS,Error,Insertion
W_A_F_SJNS_JP_1,SJNS_JP,W,L3,JP,JP,[GLCLC text removed],有,MS,Error,Insertion
W_A_M_NG_KZ_6,NG_KZ,W,L3,KZ,TK,[GLCLC text removed],*,ABT,Error,Collocation
W_A_M_BCW_KR_2,BCW_KR,W,L3,KR,KR,[GLCLC text removed],有,MS,Error,Insertion
W_A_M_BCW_KR_2,BCW_KR,W,L3,KR,KR,[GLCLC text removed],有,MS,Error,Insertion
W_A_M_FLUS_RU_1,FLUS_RU,W,L3,RU,RU,[GLCLC text removed],有,MS,Error,Insertion
W_A_F_DBYYM_JP_2,DBYYM_JP,W,L3,JP,JP,[GLCLC text removed],新奇,MS,Error,Omission
S_A_M_HH_SD_2,HH_SD,S,L3,SD,AR,[GLCLC text removed],无关,ABT,Error,Non-dui-construction
W_A_F_PYT_KR,PYT_KR,W,L3,KR,KR,[GLCLC text removed],好,ABT,Error,Non-dui-construction
S_A_M_DL_TG_5,DL_TG,S,L3,TG,EN,[GLCLC text removed],有,ABT,Error,Word-Order
W_A_F_WSNA_KR_2,WSNA_KR,W,L3,KR,KR,[GLCLC text removed],有,MS,Error,Collocation
W_A_F_JXZI_KR,JXZI_KR,W,L3,KR,KR,[GLCLC text removed],有,EVAL,Error,Word-Order
W_A_M_XT_UZ_3,XT_UZ,W,L3,UZ,TK,[GLCLC text removed],有,MS,Error,Omission
W_A_M_FML_TH_3,FML_TH,W,L3,TH,TH,[GLCLC text removed],有,EVAL,Error,Collocation
W_A_M_AIMA_AZ_1,AIMA_AZ,W,L3,AZ,TK,[GLCLC text removed],有,EVAL,Error,Omission
S_A_F_LSJ_KR,LSJ_KR,S,L3,KR,KR,[GLCLC text removed],有,MS,Error,Insertion
W_A_M_ZHX_VE_1,ZHX_VE,W,L3,VE,ES,[GLCLC text removed],有,MS,Error,Insertion
W_A_M_ZHX_VE_3,ZHX_VE,W,L3,VE,ES,[GLCLC text removed],有,MS,Error,Insertion
W_A_M_FML_TH_1,FML_TH,W,L3,TH,TH,[GLCLC text removed],有,MS,Error,Insertion
W_A_M_FML_TH_1,FML_TH,W,L3,TH,TH,[GLCLC text removed],有,MS,Error,Insertion
W_A_M_JTJ_KR,JTJ_KR,W,L3,KR,KR,[GLCLC text removed],有,MS,Error,Insertion
W_A_F_SJNS_JP_1,SJNS_JP,W,L3,JP,JP,[GLCLC text removed],有,MS,Error,Insertion
W_A_F_LQQ_TH_2,LQQ_TH,W,L3,TH,TH,[GLCLC text removed],有,MS,Error,Insertion
W_A_F_CQH_VN_8,CQH_VN,W,L3,VN,VN,[GLCLC text removed],有,MS,Error,Insertion
W_A_F_CQH_VN_7,CQH_VN,W,L3,VN,VN,[GLCLC text removed],有,MS,Error,Insertion
W_A_F_CQH_VN_7,CQH_VN,W,L3,VN,VN,[GLCLC text removed],有,MS,Error,Insertion
W_A_M_FML_TH_3,FML_TH,W,L3,TH,TH,[GLCLC text removed],有,MS,Error,Insertion
S_A_F_AM_GN_2,AM_GN,S,L3,GN,EN,[GLCLC text removed],有,MS,Error,Collocation
W_A_F_LZHY_KR_1,LZHY_KR,W,L3,KR,KR,[GLCLC text removed],有,ABT,Error,Non-dui-construction
W_A_F_JMZJ_KR,JMZJ_KR,W,L3,KR,KR,[GLCLC text removed],有,ABT,Error,Non-dui-construction
S_A_M_DBL_BF_5,DBL_BF,S,L3,BF,FR,[GLCLC text removed],有,ABT,Error,Non-dui-construction
S_A_M_DBL_BF_5,DBL_BF,S,L3,BF,FR,[GLCLC text removed],有,ABT,Error,Non-dui-construction
W_A_M_YK_TR_1,YK_TR,W,L3,TR,TK,[GLCLC text removed],有,MS,Error,Non-dui-construction
W_A_F_MCWX_JP_1,MCWX_JP,W,L3,JP,JP,[GLCLC text removed],有,ABT,Error,Non-dui-construction
W_A_F_HJQ_TH_5,HJQ_TH,W,L3,TH,TH,[GLCLC text removed],热烈,MS,Error,Uncodable
W_A_F_JQZ_KR_5,JQZ_KR,W,L3,KR,KR,[GLCLC text removed],留下,MS,Error,Non-dui-construction
S_A_F_ANJ_MN,ANJ_MN,S,L3,MN,Other,[GLCLC text removed],破坏,EVAL,Error,Collocation
W_A_F_TLL_UA_3,TLL_UA,W,L3,UA,Other,[GLCLC text removed],站,ABT,Error,Non-dui-construction
S_A_M_LTK_KR,LTK_KR,S,L3,KR,KR,[GLCLC text removed],适合,EVAL,Error,Collocation
W_A_F_LYN_RU_1,LYN_RU,W,L3,RU,RU,[GLCLC text removed],适合,EVAL,Error,Collocation
W_A_M_CMC_KR_2,CMC_KR,W,L3,KR,KR,[GLCLC text removed],麻烦,EVAL,Error,Non-dui-construction
W_A_M_HLI_CO_2,HLI_CO,W,L3,CO,ES,[GLCLC text removed],有,ABT,Error,Uncodable
W_A_M_HLI_CO_2,HLI_CO,W,L3,CO,ES,[GLCLC text removed],有,ABT,Error,Uncodable
W_A_F_XEY_MM_6,XEY_MM,W,L3,MM,Other,[GLCLC text removed],相会,DA,Error,Non-dui-construction
W_I_M_LIF_RU_2,LIF_RU,W,L2,RU,RU,[GLCLC text removed],引起,MS,Error,Non-dui-construction
