Code,ID,Mode,Level,Nationality,L1,Concordance Line,Verb,BCC_COLL,Functions,BCC_Frequency,CSL_Score,CSL_COLL,Reliability,Accessibility,Semantics,Error,Error-Type,Details
S_B_F_AF_TG,AF_TG,S,L1,TG,EN,[GLCLC text removed],感,Attracted,MS,1119.0,53.75,Attracted,Yes,2.0,Psych,,,
W_B_F_LX_RU,LX_RU,W,L1,RU,RU,[GLCLC text removed],了解,Attracted,MS,1829.0,12.98,Attracted,Yes,2.0,Psych,,,
S_B_F_JAN_RU,JAN_RU,S,L1,RU,RU,[GLCLC text removed],好,Repelled,EVAL,60.0,0.0,Repelled,Yes,1.0,Attribute,,,
S_B_M_AILAN_PK,AILAN_PK,S,L1,PK,Other,[GLCLC text removed],好,Repelled,EVAL,60.0,0.0,Repelled,Yes,1.0,Attribute,,,
S_B_M_AXH_UZ,AXH_UZ,S,L1,UZ,TK,[GLCLC text removed],好,Repelled,EVAL,60.0,0.0,Repelled,Yes,1.0,Attribute,,,
S_B_M_LMN_TH_1,LMN_TH,S,L1,TH,TH,[GLCLC text removed],好,Repelled,EVAL,60.0,0.0,Repelled,Yes,1.0,Attribute,,,
W_B_F_AIML_KZ_2,AIML_KZ,W,L1,KZ,TK,[GLCLC text removed],好,Repelled,EVAL,60.0,0.0,Repelled,Yes,1.0,Attribute,,,
W_B_F_XY_UZ,XY_UZ,W,L1,UZ,TK,[GLCLC text removed],影响,Attracted,EVAL,733.0,11.12,Attracted,Yes,2.0,Functional,,,
W_B_M_MWH_VE_3,MWH_VE,W,L1,VE,ES,[GLCLC text removed],有,Attracted,EVAL,11370.0,87.12,Attracted,Yes,1.0,Functional,,,
W_B_F_DAN_PE,DAN_PE,W,L1,PE,ES,[GLCLC text removed],有,Attracted,EVAL,11370.0,87.12,Attracted,Yes,1.0,Functional,,,
W_B_M_LBI_TG_2,LBI_TG,W,L1,TG,EN,[GLCLC text removed],有,Attracted,EVAL,11370.0,87.12,Attracted,Yes,1.0,Functional,,,
S_B_M_JMJ_KR,JMJ_KR,S,L1,KR,KR,[GLCLC text removed],起,Attracted,EVAL,2379.0,3.71,Attracted,Yes,6.0,Functional,,,
S_B_F_YUL_US+B_F_XPP_TH,XPP_TH,S,L1,TH,TH,[GLCLC text removed],一样,Repelled,DISP,91.0,0.0,Repelled,Yes,2.0,Manner,,,
W_B_M_RYS_VN,RYS_VN,W,L1,VN,VN,[GLCLC text removed],一样,Repelled,DISP,91.0,0.0,Repelled,Yes,2.0,Manner,,,
S_B_M_JMJ_KR,JMJ_KR,S,L1,KR,KR,[GLCLC text removed],习惯,Repelled,MS,130.0,1.85,Attracted,Yes,2.0,Psych,,,
W_B_F_ZZX_KR_1,ZZX_KR,W,L1,KR,KR,[GLCLC text removed],习惯,Repelled,MS,130.0,1.85,Attracted,Yes,2.0,Psych,,,
W_B_F_OLY_RU_4,OLY_RU,W,L1,RU,RU,[GLCLC text removed],习惯,Repelled,MS,130.0,1.85,Attracted,Yes,2.0,Psych,,,
W_B_F_OMLI_TH_4,OMLI_TH,W,L1,TH,TH,[GLCLC text removed],习惯,Repelled,MS,130.0,1.85,Attracted,Yes,2.0,Psych,,,
S_B_F_JAN_RU,JAN_RU,S,L1,RU,RU,[GLCLC text removed],了解,Attracted,MS,1829.0,12.98,Attracted,Yes,2.0,Psych,,,
S_B_F_JXJ_KR,JXJ_KR,S,L1,KR,KR,[GLCLC text removed],了解,Attracted,MS,1829.0,12.98,Attracted,Yes,2.0,Psych,,,
S_B_F_LT_ES_2,LT_ES,S,L1,ES,ES,[GLCLC text removed],了解,Attracted,MS,1829.0,12.98,Attracted,Yes,2.0,Psych,,,
S_B_F_LX_RU,LX_RU,S,L1,RU,RU,[GLCLC text removed],了解,Attracted,MS,1829.0,12.98,Attracted,Yes,2.0,Psych,,,
S_B_M_HA_ES,HA_ES,S,L1,ES,ES,[GLCLC text removed],了解,Attracted,MS,1829.0,12.98,Attracted,Yes,2.0,Psych,,,
S_B_M_LZJ_KR,LZJ_KR,S,L1,KR,KR,[GLCLC text removed],了解,Attracted,MS,1829.0,12.98,Attracted,Yes,2.0,Psych,,,
S_B_M_PSB_KR_2,PSB_KR,S,L1,KR,KR,[GLCLC text removed],了解,Attracted,MS,1829.0,12.98,Attracted,Yes,2.0,Psych,,,
S_B_F_RFM_VN_3,RFM_VN,S,L1,VN,VN,[GLCLC text removed],亲切,Attracted,DISP,42.0,1.85,Attracted,Yes,4.0,Manner,,,
S_B_M_YJG_RU_2,YJG_RU,S,L1,RU,RU,[GLCLC text removed],爱,Repelled,MS,209.0,0.0,Repelled,Yes,2.0,Psych,,,
W_B_F_JDX_KR,JDX_KR,W,L1,KR,KR,[GLCLC text removed],关照,Attracted,SI,82.0,0.0,Repelled,No,5.0,Social,,,
S_B_F_XSL_CM_2,XSL_CM,S,L1,CM,EN,[GLCLC text removed],好,Repelled,DISP,613.0,5.56,Repelled,Yes,1.0,Manner,,,
S_B_M_EMILIO_MX,EMILIO_MX,S,L1,MX,ES,[GLCLC text removed],好,Repelled,DISP,613.0,5.56,Repelled,Yes,1.0,Manner,,,
S_B_M_HSYI_BI,HSYI_BI,S,L1,BI,Other,[GLCLC text removed],好,Repelled,DISP,613.0,5.56,Repelled,Yes,1.0,Manner,,,
S_B_M_KK_TR,KK_TR,S,L1,TR,TK,[GLCLC text removed],好,Repelled,DISP,613.0,5.56,Repelled,Yes,1.0,Manner,,,
S_B_M_KK_TR,KK_TR,S,L1,TR,TK,[GLCLC text removed],好,Repelled,DISP,613.0,5.56,Repelled,Yes,1.0,Manner,,,
S_B_M_PSB_KR_2,PSB_KR,S,L1,KR,KR,[GLCLC text removed],好,Repelled,DISP,613.0,5.56,Repelled,Yes,1.0,Manner,,,
W_B_F_DBY_VN,DBY_VN,W,L1,VN,VN,[GLCLC text removed],好,Repelled,DISP,613.0,5.56,Repelled,Yes,1.0,Manner,,,
W_B_F_LZLA_CD,LZLA_CD,W,L1,CD,FR,[GLCLC text removed],好,Repelled,DISP,613.0,5.56,Repelled,Yes,1.0,Manner,,,
W_B_F_KLL_CM,KLL_CM,W,L1,CM,EN,[GLCLC text removed],好,Repelled,DISP,613.0,5.56,Repelled,Yes,1.0,Manner,,,
W_B_F_RSHF_VN,RSHF_VN,W,L1,VN,VN,[GLCLC text removed],好,Repelled,DISP,613.0,5.56,Repelled,Yes,1.0,Manner,,,
S_B_F_DSQC_VN,DSQC_VN,S,L1,VN,VN,[GLCLC text removed],感,Attracted,MS,1119.0,53.75,Attracted,Yes,2.0,Psych,,,
S_B_F_JCXU_KR,JCXU_KR,S,L1,KR,KR,[GLCLC text removed],感,Attracted,MS,1119.0,53.75,Attracted,Yes,2.0,Psych,,,
S_B_F_KLL_CM_4,KLL_CM,S,L1,CM,EN,[GLCLC text removed],感,Attracted,MS,1119.0,53.75,Attracted,Yes,2.0,Psych,,,
S_B_F_LINA_CO_1,LINA_CO,S,L1,CO,ES,[GLCLC text removed],感,Attracted,MS,1119.0,53.75,Attracted,Yes,2.0,Psych,,,
S_B_F_PSX_KR,PSX_KR,S,L1,KR,KR,[GLCLC text removed],感,Attracted,MS,1119.0,53.75,Attracted,Yes,2.0,Psych,,,
S_B_M_ABU_KG,ABU_KG,S,L1,KG,TK,[GLCLC text removed],感,Attracted,MS,1119.0,53.75,Attracted,Yes,2.0,Psych,,,
S_B_M_ALM_TG,ALM_TG,S,L1,TG,EN,[GLCLC text removed],感,Attracted,MS,1119.0,53.75,Attracted,Yes,2.0,Psych,,,
S_B_M_FLS_SY,FLS_SY,S,L1,SY,AR,[GLCLC text removed],感,Attracted,MS,1119.0,53.75,Attracted,Yes,2.0,Psych,,,
S_B_M_WS_CM,WS_CM,S,L1,CM,EN,[GLCLC text removed],感,Attracted,MS,1119.0,53.75,Attracted,Yes,2.0,Psych,,,
S_B_M_XSE_ES,XSE_ES,S,L1,ES,ES,[GLCLC text removed],感,Attracted,MS,1119.0,53.75,Attracted,Yes,2.0,Psych,,,
S_B_M_ZSZ_KR,ZSZ_KR,S,L1,KR,KR,[GLCLC text removed],感,Attracted,MS,1119.0,53.75,Attracted,Yes,2.0,Psych,,,
W_B_F_ST_MG,ST_MG,W,L1,MG,Other,[GLCLC text removed],感,Attracted,MS,1119.0,53.75,Attracted,Yes,2.0,Psych,,,
W_B_F_DSQC_VN_3,DSQC_VN,W,L1,VN,VN,[GLCLC text removed],感,Attracted,MS,1119.0,53.75,Attracted,Yes,2.0,Psych,,,
W_B_M_AHA_YE_2,AHA_YE,W,L1,YE,AR,[GLCLC text removed],感,Attracted,MS,1119.0,53.75,Attracted,Yes,2.0,Psych,,,
W_B_M_MWH_VE_3,MWH_VE,W,L1,VE,ES,[GLCLC text removed],有,Attracted,EVAL,11370.0,61.17,Attracted,Yes,1.0,Functional,,,
S_B_M_ST_BE,ST_BE,S,L1,BE,Other,[GLCLC text removed],有,Attracted,EVAL,11370.0,77.85,Attracted,Yes,1.0,Functional,,,
S_B_M_JWQ_KR,JWQ_KR,S,L1,KR,KR,[GLCLC text removed],满意,Attracted,MS,1602.0,25.95,Attracted,Yes,2.0,Psych,,,
W_B_F_GH_VN,GH_VN,W,L1,VN,VN,[GLCLC text removed],满意,Attracted,MS,1602.0,25.95,Attracted,Yes,2.0,Psych,,,
W_B_M_LMN_TH_2,LMN_TH,W,L1,TH,TH,[GLCLC text removed],热情,Attracted,DISP,75.0,5.56,Attracted,Yes,2.0,Manner,,,
W_B_F_ND_TG_1,ND_TG,W,L1,TG,EN,[GLCLC text removed],熟悉,Attracted,MS,1180.0,5.56,Attracted,Yes,3.0,Psych,,,
S_B_M_YJG_RU_1,YJG_RU,S,L1,RU,RU,[GLCLC text removed],爱,Repelled,MS,209.0,0.0,Repelled,Yes,2.0,Psych,,,
W_B_M_LZJ_KR,LZJ_KR,W,L1,KR,KR,[GLCLC text removed],给以,Attracted,EVAL,1.0,1.85,Attracted,Yes,6.0,Functional,,,
S_B_M_MJS_KH,MJS_KH,S,L1,KH,Other,[GLCLC text removed],说,Attracted,DA,63257.0,385.55,Attracted,No,1.0,Communication,,,
S_B_F_ST_MG,ST_MG,S,L1,MG,Other,[GLCLC text removed],说,Attracted,DA,63257.0,385.55,Attracted,No,1.0,Communication,,,
S_B_F_ST_MG,ST_MG,S,L1,MG,Other,[GLCLC text removed],说,Attracted,DA,63257.0,385.55,Attracted,No,1.0,Communication,,,
S_B_M_BAD_YE,BAD_YE,S,L1,YE,AR,[GLCLC text removed],说,Attracted,DA,63257.0,385.55,Attracted,No,1.0,Communication,,,
S_B_M_KL_KZ,KL_KZ,S,L1,KZ,TK,[GLCLC text removed],说,Attracted,DA,63257.0,385.55,Attracted,No,1.0,Communication,,,
S_B_M_LMN_TH_2,LMN_TH,S,L1,TH,TH,[GLCLC text removed],说,Attracted,DA,63257.0,385.55,Attracted,No,1.0,Communication,,,
S_B_M_LMN_TH_6,LMN_TH,S,L1,TH,TH,[GLCLC text removed],说,Attracted,DA,63257.0,385.55,Attracted,No,1.0,Communication,,,
S_B_M_YJG_RU_1,YJG_RU,S,L1,RU,RU,[GLCLC text removed],说,Attracted,DA,63257.0,385.55,Attracted,No,1.0,Communication,,,
S_B_M_YJG_RU_1,YJG_RU,S,L1,RU,RU,[GLCLC text removed],说,Attracted,EVAL,1.0,385.55,Attracted,No,1.0,Communication,,,
S_B_M_YJG_RU_1,YJG_RU,S,L1,RU,RU,[GLCLC text removed],说,Attracted,DA,63257.0,385.55,Attracted,No,1.0,Communication,,,
S_B_M_YJG_RU_2,YJG_RU,S,L1,RU,RU,[GLCLC text removed],说,Attracted,DA,63257.0,385.55,Attracted,No,1.0,Communication,,,
W_B_F_ST_MG,ST_MG,W,L1,MG,Other,[GLCLC text removed],说,Attracted,DA,63257.0,385.55,Attracted,No,1.0,Communication,,,
W_B_M_LFD_ID,LFD_ID,W,L1,ID,Other,[GLCLC text removed],说,Attracted,DA,63257.0,385.55,Attracted,No,1.0,Communication,,,
W_B_M_LJL_MG,LJL_MG,W,L1,MG,Other,[GLCLC text removed],说,Attracted,DA,63257.0,385.55,Attracted,No,1.0,Communication,,,
W_B_M_LJL_MG,LJL_MG,W,L1,MG,Other,[GLCLC text removed],说,Attracted,DA,63257.0,385.55,Attracted,No,1.0,Communication,,,
W_B_M_WL_MG,WL_MG,W,L1,MG,Other,[GLCLC text removed],说,Attracted,DA,63257.0,385.55,Attracted,No,1.0,Communication,,,
W_B_F_KP_RU_2,KP_RU,W,L1,RU,RU,[GLCLC text removed],说,Attracted,DA,63257.0,385.55,Attracted,No,1.0,Communication,,,
W_B_F_SHL_TH,SHL_TH,W,L1,TH,TH,[GLCLC text removed],说,Attracted,EVAL,1.0,385.55,Attracted,No,1.0,Communication,,,
S_B_F_ZLE_KR,ZLE_KR,S,L1,KR,KR,[GLCLC text removed],说明,Attracted,DA,397.0,0.0,Repelled,No,3.0,Communication,,,
W_B_F_BYL_BR_3,BYL_BR,W,L1,BR,PT,[GLCLC text removed],行凶,Attracted,SI,14.0,0.0,Repelled,Yes,3.0,Physical,,,
S_I_F_MLY_RU_2,MLY_RU,S,L2,RU,RU,[GLCLC text removed],带来,Attracted,EVAL,820.0,0.0,Repelled,No,6.0,Functional,,,
S_I_F_MLY_RU_2,MLY_RU,S,L2,RU,RU,[GLCLC text removed],带来,Attracted,EVAL,820.0,0.0,Repelled,No,6.0,Functional,,,
S_I_F_MLY_RU_2,MLY_RU,S,L2,RU,RU,[GLCLC text removed],带来,Attracted,EVAL,820.0,0.0,Repelled,No,6.0,Functional,,,
W_I_F_JXJ_KR_3,JXJ_KR,W,L2,KR,KR,[GLCLC text removed],感谢,Attracted,MS,43.0,0.0,Repelled,Yes,3.0,Psych,,,
W_I_F_JXJ_KR_3,JXJ_KR,W,L2,KR,KR,[GLCLC text removed],感谢,Attracted,MS,43.0,0.0,Repelled,Yes,3.0,Psych,,,
W_I_F_TKLS_JP,TKLS_JP,W,L2,JP,JP,[GLCLC text removed],感谢,Attracted,MS,43.0,0.0,Repelled,Yes,3.0,Psych,,,
W_I_F_ZML_TH_10,ZML_TH,W,L2,TH,TH,[GLCLC text removed],有,Attracted,EVAL,11370.0,87.12,Attracted,Yes,1.0,Functional,,,
W_I_F_LWL_ID_5,LWL_ID,W,L2,ID,Other,[GLCLC text removed],生气,Attracted,MS,89.0,0.0,Repelled,Yes,2.0,Psych,,,
W_I_F_NS_ML_1,NS_ML,W,L2,ML,FR,[GLCLC text removed],生气,Attracted,MS,89.0,0.0,Repelled,Yes,2.0,Psych,,,
W_I_F_JXJ_KR_3,JXJ_KR,W,L2,KR,KR,[GLCLC text removed],道歉,Attracted,DA,121.0,0.0,Repelled,No,3.0,Communication,,,
W_I_F_JDHN_KR,JDHN_KR,W,L2,KR,KR,[GLCLC text removed],重要,Repelled,EVAL,400.0,9.27,Attracted,Yes,2.0,Attribute,,,
W_I_F_YTJ_JP,YTJ_JP,W,L2,JP,JP,[GLCLC text removed],感谢,Attracted,MS,43.0,0.0,Repelled,Yes,3.0,Psych,,,
W_I_F_JDR_KR_4,JDR_KR,W,L2,KR,KR,[GLCLC text removed],感谢,Attracted,MS,43.0,0.0,Repelled,Yes,3.0,Psych,,,
W_I_M_ABM_CM,ABM_CM,W,L2,CM,EN,[GLCLC text removed],感谢,Attracted,MS,43.0,0.0,Repelled,Yes,3.0,Psych,,,
W_I_M_GAXZ_JP_1,GAXZ_JP,W,L2,JP,JP,[GLCLC text removed],感谢,Attracted,MS,43.0,0.0,Repelled,Yes,3.0,Psych,,,
W_I_F_PRL_KR_2,PRL_KR,W,L2,KR,KR,[GLCLC text removed],是,Attracted,EVAL,4128.0,18.54,Repelled,Yes,1.0,Functional,,,
W_I_F_SHZ_KR_1,SHZ_KR,W,L2,KR,KR,[GLCLC text removed],一无所知,Attracted,MS,259.0,0.0,Repelled,No,6.0,Psych,,,
W_I_F_WHY_TH,WHY_TH,W,L2,TH,TH,[GLCLC text removed],一样,Repelled,DISP,91.0,0.0,Repelled,Yes,2.0,Manner,,,
W_I_F_CRHI_KR_3,CRHI_KR,W,L2,KR,KR,[GLCLC text removed],一见钟情,Attracted,MS,78.0,0.0,Repelled,Yes,6.0,Psych,,,
S_I_F_MEL_RU_2,MEL_RU,S,L2,RU,RU,[GLCLC text removed],上瘾,Attracted,MS,45.0,0.0,Repelled,Yes,5.0,Psych,,,
W_I_M_HRL_KH_1,HRL_KH,W,L2,KH,Other,[GLCLC text removed],不利,Attracted,EVAL,304.0,0.0,Repelled,Yes,6.0,Attribute,,,
W_I_M_WYMU_SD_1,WYMU_SD,W,L2,SD,AR,[GLCLC text removed],不满,Attracted,MS,346.0,0.0,Repelled,Yes,6.0,Psych,,,
W_I_M_HJ_RU_3,HJ_RU,W,L2,RU,RU,[GLCLC text removed],不满,Attracted,MS,346.0,0.0,Repelled,Yes,6.0,Psych,,,
W_I_M_WM_RU,WM_RU,W,L2,RU,RU,[GLCLC text removed],不满,Attracted,EVAL,1.0,0.0,Repelled,Yes,6.0,Psych,,,
W_I_M_LTQ_PE_4,LTQ_PE,W,L2,PE,ES,[GLCLC text removed],严厉,Attracted,DISP,40.0,0.0,Repelled,Yes,5.0,Manner,,,
W_I_F_ACYL_JP_1,ACYL_JP,W,L2,JP,JP,[GLCLC text removed],严肃,Repelled,DISP,11.0,1.85,Attracted,Yes,4.0,Manner,,,
S_I_F_MLY_RU_1,MLY_RU,S,L2,RU,RU,[GLCLC text removed],习惯,Repelled,MS,130.0,1.85,Attracted,Yes,2.0,Psych,,,
S_I_F_ZTT_TH,ZTT_TH,S,L2,TH,TH,[GLCLC text removed],习惯,Repelled,MS,130.0,1.85,Attracted,Yes,2.0,Psych,,,
W_I_F_WLLY_RU_3,WLLY_RU,W,L2,RU,RU,[GLCLC text removed],习惯,Repelled,MS,130.0,1.85,Attracted,Yes,2.0,Psych,,,
W_I_F_MLY_RU_3,MLY_RU,W,L2,RU,RU,[GLCLC text removed],习惯,Repelled,MS,130.0,1.85,Attracted,Yes,2.0,Psych,,,
W_I_M_LTQ_PE_1,LTQ_PE,W,L2,PE,ES,[GLCLC text removed],习惯,Repelled,MS,130.0,1.85,Attracted,Yes,2.0,Psych,,,
S_I_F_MLY_RU_1,MLY_RU,S,L2,RU,RU,[GLCLC text removed],了解,Attracted,MS,1829.0,12.98,Attracted,Yes,2.0,Psych,,,
S_I_F_CSQS_VN,CSQS_VN,S,L2,VN,VN,[GLCLC text removed],了解,Attracted,MS,1829.0,12.98,Attracted,Yes,2.0,Psych,,,
S_I_F_JRR_KR,JRR_KR,S,L2,KR,KR,[GLCLC text removed],了解,Attracted,MS,1829.0,12.98,Attracted,Yes,2.0,Psych,,,
S_I_F_JSE_KR,JSE_KR,S,L2,KR,KR,[GLCLC text removed],了解,Attracted,MS,1829.0,12.98,Attracted,Yes,2.0,Psych,,,
S_I_F_LZA_KR,LZA_KR,S,L2,KR,KR,[GLCLC text removed],了解,Attracted,MS,1829.0,12.98,Attracted,Yes,2.0,Psych,,,
S_I_F_XSM_KR,XSM_KR,S,L2,KR,KR,[GLCLC text removed],了解,Attracted,MS,1829.0,12.98,Attracted,Yes,2.0,Psych,,,
S_I_M_HBB_NE,HBB_NE,S,L2,NE,FR,[GLCLC text removed],了解,Attracted,MS,1829.0,12.98,Attracted,Yes,2.0,Psych,,,
S_I_M_JZJ_KR,JZJ_KR,S,L2,KR,KR,[GLCLC text removed],了解,Attracted,MS,1829.0,12.98,Attracted,Yes,2.0,Psych,,,
S_I_M_LAQ_MG,LAQ_MG,S,L2,MG,Other,[GLCLC text removed],了解,Attracted,MS,1829.0,12.98,Attracted,Yes,2.0,Psych,,,
S_I_M_XMJ_FR,XMJ_FR,S,L2,FR,FR,[GLCLC text removed],了解,Attracted,MS,1829.0,12.98,Attracted,Yes,2.0,Psych,,,
W_I_F_JZLI_KR,JZLI_KR,W,L2,KR,KR,[GLCLC text removed],了解,Attracted,MS,1829.0,12.98,Attracted,Yes,2.0,Psych,,,
W_I_M_LDYI_KR_2,LDYI_KR,W,L2,KR,KR,[GLCLC text removed],满意,Attracted,MS,1602.0,25.95,Attracted,Yes,2.0,Psych,,,
W_I_M_LDYI_KR_2,LDYI_KR,W,L2,KR,KR,[GLCLC text removed],了解,Attracted,MS,1829.0,12.98,Attracted,Yes,2.0,Psych,,,
W_I_F_ZLE_KR,ZLE_KR,W,L2,KR,KR,[GLCLC text removed],了解,Attracted,MS,1829.0,12.98,Attracted,Yes,2.0,Psych,,,
W_I_F_AHR_KR,AHR_KR,W,L2,KR,KR,[GLCLC text removed],了解,Attracted,MS,1829.0,12.98,Attracted,Yes,2.0,Psych,,,
W_I_M_JNU_GN_2,JNU_GN,W,L2,GN,EN,[GLCLC text removed],了解,Attracted,MS,1829.0,12.98,Attracted,Yes,2.0,Psych,,,
W_I_F_RFM_VN_4,RFM_VN,W,L2,VN,VN,[GLCLC text removed],了解,Attracted,MS,1829.0,12.98,Attracted,Yes,2.0,Psych,,,
W_I_F_CAMLG_TH_3,CAMLG_TH,W,L2,TH,TH,[GLCLC text removed],了解,Attracted,MS,1829.0,12.98,Attracted,Yes,2.0,Psych,,,
W_I_F_CAMLG_TH_3,CAMLG_TH,W,L2,TH,TH,[GLCLC text removed],了解,Attracted,MS,1829.0,12.98,Attracted,Yes,2.0,Psych,,,
S_I_F_JDYI_KR+I_,JDYI_KR,S,L2,KR,KR,[GLCLC text removed],产生,Attracted,MS,3678.0,20.39,Attracted,Yes,4.0,Psych,,,
W_I_F_LZSA_KR_3,LZSA_KR,W,L2,KR,KR,[GLCLC text removed],产生,Attracted,MS,3678.0,20.39,Attracted,Yes,4.0,Psych,,,
W_I_M_MTY_RU,MTY_RU,W,L2,RU,RU,[GLCLC text removed],产生,Attracted,MS,3678.0,20.39,Attracted,Yes,4.0,Psych,,,
W_I_F_ZTT_TH_4,ZTT_TH,W,L2,TH,TH,[GLCLC text removed],产生,Attracted,MS,3678.0,20.39,Attracted,Yes,4.0,Psych,,,
W_I_M_SMER_KZ_1,SMER_KZ,W,L2,KZ,TK,[GLCLC text removed],产生,Attracted,MS,3678.0,20.39,Attracted,Yes,4.0,Psych,,,
W_I_F_CAMLG_TH_3,CAMLG_TH,W,L2,TH,TH,[GLCLC text removed],产生,Attracted,MS,3678.0,20.39,Attracted,Yes,4.0,Psych,,,
W_I_F_JRY_KR_3,JRY_KR,W,L2,KR,KR,[GLCLC text removed],说,Attracted,DA,63257.0,385.55,Attracted,No,4.0,Communication,,,
W_I_F_JHXU_KR_3,JHXU_KR,W,L2,KR,KR,[GLCLC text removed],亲切,Attracted,DISP,42.0,1.85,Attracted,Yes,4.0,Manner,,,
W_I_F_CAMLG_TH_6,CAMLG_TH,W,L2,TH,TH,[GLCLC text removed],体贴,Attracted,DISP,176.0,1.85,Attracted,Yes,4.0,Manner,,,
W_I_F_LQQ_TH_8,LQQ_TH,W,L2,TH,TH,[GLCLC text removed],做,Attracted,EVAL,7.0,3.71,Repelled,Yes,1.0,Functional,,,
S_I_M_WYMU_SD_3,WYMU_SD,S,L2,SD,AR,[GLCLC text removed],公平,Attracted,EVAL,115.0,1.85,Attracted,Yes,4.0,Attribute,,,
W_I_M_LDYI_KR_2,LDYI_KR,W,L2,KR,KR,[GLCLC text removed],关心,Attracted,MS,1040.0,18.54,Attracted,Yes,2.0,Manner,,,
W_I_F_ZZLI_KR_1,ZZLI_KR,W,L2,KR,KR,[GLCLC text removed],关心,Attracted,MS,1040.0,18.54,Attracted,Yes,2.0,Manner,,,
W_I_F_ZZLI_KR_1,ZZLI_KR,W,L2,KR,KR,[GLCLC text removed],关心,Attracted,MS,1040.0,18.54,Attracted,Yes,2.0,Manner,,,
W_I_F_YR_ES_10,YR_ES,W,L2,ES,ES,[GLCLC text removed],关心,Attracted,MS,1040.0,18.54,Attracted,Yes,2.0,Manner,,,
S_I_F_CAMLG_TH_2,CAMLG_TH,S,L2,TH,TH,[GLCLC text removed],冷漠,Attracted,DISP,26.0,0.0,Repelled,Yes,6.0,Manner,,,
W_I_M_GQQG_JP_3,GQQG_JP,W,L2,JP,JP,[GLCLC text removed],减免,Attracted,DISP,36.0,0.0,Repelled,Yes,6.0,Social,,,
W_I_F_ZSYI_TH_6,ZSYI_TH,W,L2,TH,TH,[GLCLC text removed],友善,Attracted,MS,31.0,0.0,Repelled,Yes,6.0,Manner,,,
W_I_M_AMIN_YE,AMIN_YE,W,L2,YE,AR,[GLCLC text removed],友好,Repelled,DISP,31.0,1.85,Attracted,Yes,3.0,Manner,,,
W_I_F_CHL_TH_1,CHL_TH,W,L2,TH,TH,[GLCLC text removed],友好,Repelled,EVAL,1.0,1.85,Attracted,Yes,3.0,Manner,,,
W_I_F_NLSA_KG_3,NLSA_KG,W,L2,KG,TK,[GLCLC text removed],友爱,Attracted,DISP,25.0,0.0,Repelled,Yes,6.0,Manner,,,
W_I_F_PZP_KR_1,PZP_KR,W,L2,KR,KR,[GLCLC text removed],发,Attracted,EVAL,368.0,0.0,Repelled,Yes,2.0,Functional,,,
W_I_F_CLY_KR_1,CLY_KR,W,L2,KR,KR,[GLCLC text removed],变,Repelled,EVAL,1.0,0.0,Repelled,No,2.0,Functional,,,
W_I_M_ZLO_RU,ZLO_RU,W,L2,RU,RU,[GLCLC text removed],吃惊,Attracted,MS,38.0,0.0,Repelled,Yes,3.0,Psych,,,
S_I_M_MHMAD_TJ,MHMAD_TJ,S,L2,TJ,Other,[GLCLC text removed],合适,Repelled,EVAL,40.0,0.0,Repelled,No,3.0,Attribute,,,
S_I_F_JXZ_KR_1,JXZ_KR,S,L2,KR,KR,[GLCLC text removed],合适,Repelled,EVAL,40.0,0.0,Repelled,No,3.0,Attribute,,,
W_I_F_JA_KR_5,JA_KR,W,L2,KR,KR,[GLCLC text removed],合适,Repelled,EVAL,40.0,0.0,Repelled,No,3.0,Attribute,,,
W_I_F_JA_KR_5,JA_KR,W,L2,KR,KR,[GLCLC text removed],合适,Repelled,EVAL,40.0,0.0,Repelled,No,3.0,Attribute,,,
W_I_F_JA_KR_5,JA_KR,W,L2,KR,KR,[GLCLC text removed],合适,Repelled,EVAL,40.0,0.0,Repelled,No,3.0,Attribute,,,
W_I_F_SZYI_KR_1,SZYI_KR,W,L2,KR,KR,[GLCLC text removed],和善,Attracted,DISP,9.0,0.0,Repelled,Yes,6.0,Manner,,,
W_I_F_JHXU_KR_3,JHXU_KR,W,L2,KR,KR,[GLCLC text removed],和蔼,Attracted,DISP,11.0,0.0,Repelled,Yes,5.0,Manner,,,
W_I_F_WDLY_RU_19,WDLY_RU,W,L2,RU,RU,[GLCLC text removed],喜爱,Attracted,MS,96.0,0.0,Repelled,No,6.0,Psych,,,
S_I_F_JXH_KR_3,JXH_KR,S,L2,KR,KR,[GLCLC text removed],失去,Attracted,EVAL,906.0,3.71,Attracted,Yes,4.0,Functional,,,
S_I_F_JZYA_KR_2,JZYA_KR,S,L2,KR,KR,[GLCLC text removed],好,Repelled,DISP,613.0,5.56,Repelled,Yes,1.0,Manner,,,
S_I_F_OMLI_TH_2,OMLI_TH,S,L2,TH,TH,[GLCLC text removed],好,Repelled,DISP,613.0,5.56,Repelled,Yes,1.0,Manner,,,
S_I_M_BALID_GN_2,BALID_GN,S,L2,GN,EN,[GLCLC text removed],好,Repelled,DISP,613.0,5.56,Repelled,Yes,1.0,Manner,,,
S_I_M_SWJ_KZ_2,SWJ_KZ,S,L2,KZ,TK,[GLCLC text removed],好,Repelled,DISP,613.0,5.56,Repelled,Yes,1.0,Manner,,,
S_I_F_JHXI_KR_2,JHXI_KR,S,L2,KR,KR,[GLCLC text removed],好,Repelled,DISP,613.0,5.56,Repelled,Yes,1.0,Manner,,,
S_I_F_NS_ML_1,NS_ML,S,L2,ML,FR,[GLCLC text removed],好,Repelled,DISP,613.0,5.56,Repelled,Yes,1.0,Manner,,,
S_I_F_OMLI_TH_1,OMLI_TH,S,L2,TH,TH,[GLCLC text removed],好,Repelled,EVAL,60.0,0.0,Repelled,Yes,1.0,Attribute,,,
S_I_M_ALFD_GN_1,ALFD_GN,S,L2,GN,EN,[GLCLC text removed],好,Repelled,EVAL,60.0,0.0,Repelled,Yes,1.0,Attribute,,,
S_I_M_ALFD_GN_1,ALFD_GN,S,L2,GN,EN,[GLCLC text removed],好,Repelled,DISP,613.0,5.56,Repelled,Yes,1.0,Manner,,,
S_I_M_ALFD_GN_1,ALFD_GN,S,L2,GN,EN,[GLCLC text removed],好,Repelled,DISP,613.0,5.56,Repelled,Yes,1.0,Manner,,,
S_I_M_LMHA_TH+I_,LMHA_TH+I_,S,L2,TH,TH,[GLCLC text removed],好,Repelled,EVAL,60.0,0.0,Repelled,Yes,1.0,Attribute,,,
S_I_F_FLS_GQ,FLS_GQ,S,L2,GQ,ES,[GLCLC text removed],好,Repelled,EVAL,60.0,0.0,Repelled,Yes,1.0,Attribute,,,
S_I_F_HLY_TH,HLY_TH,S,L2,TH,TH,[GLCLC text removed],好,Repelled,EVAL,60.0,0.0,Repelled,Yes,1.0,Attribute,,,
S_I_F_JTN_GQ,JTN_GQ,S,L2,GQ,ES,[GLCLC text removed],好,Repelled,EVAL,60.0,0.0,Repelled,Yes,1.0,Attribute,,,
S_I_F_LLX_KR,LLX_KR,S,L2,KR,KR,[GLCLC text removed],好,Repelled,EVAL,60.0,0.0,Repelled,Yes,1.0,Attribute,,,
S_I_F_LZA_KR,LZA_KR,S,L2,KR,KR,[GLCLC text removed],好,Repelled,DISP,613.0,5.56,Repelled,Yes,1.0,Manner,,,
S_I_F_QJZU_KR_1,QJZU_KR,S,L2,KR,KR,[GLCLC text removed],好,Repelled,EVAL,60.0,0.0,Repelled,Yes,1.0,Attribute,,,
S_I_F_QXX_KR,QXX_KR,S,L2,KR,KR,[GLCLC text removed],好,Repelled,EVAL,60.0,0.0,Repelled,Yes,1.0,Attribute,,,
S_I_M_ADH_RU_3,ADH_RU,S,L2,RU,RU,[GLCLC text removed],满意,Attracted,MS,1602.0,25.95,Attracted,Yes,2.0,Psych,,,
S_I_M_AGL_BF,AGL_BF,S,L2,BF,FR,[GLCLC text removed],好,Repelled,DISP,613.0,5.56,Repelled,Yes,1.0,Manner,,,
S_I_M_AGL_BF,AGL_BF,S,L2,BF,FR,[GLCLC text removed],好,Repelled,DISP,613.0,5.56,Repelled,Yes,1.0,Manner,,,
S_I_M_AGL_BF,AGL_BF,S,L2,BF,FR,[GLCLC text removed],好,Repelled,DISP,613.0,5.56,Repelled,Yes,1.0,Manner,,,
S_I_M_BTLK_TG_3,BTLK_TG,S,L2,TG,EN,[GLCLC text removed],好,Repelled,DISP,613.0,5.56,Repelled,Yes,1.0,Manner,,,
S_I_M_BTLK_TG_3,BTLK_TG,S,L2,TG,EN,[GLCLC text removed],好,Repelled,DISP,613.0,5.56,Repelled,Yes,1.0,Manner,,,
S_I_M_LMA_PT,LMA_PT,S,L2,PT,PT,[GLCLC text removed],好,Repelled,DISP,613.0,5.56,Repelled,Yes,1.0,Manner,,,
S_I_M_MENG_TH,MENG_TH,S,L2,TH,TH,[GLCLC text removed],好,Repelled,DISP,613.0,5.56,Repelled,Yes,1.0,Manner,,,
S_I_M_MW_RU,MW_RU,S,L2,RU,RU,[GLCLC text removed],好,Repelled,DISP,613.0,5.56,Repelled,Yes,1.0,Manner,,,
S_I_M_MW_RU,MW_RU,S,L2,RU,RU,[GLCLC text removed],好,Repelled,DISP,613.0,5.56,Repelled,Yes,1.0,Manner,,,
S_I_F_CAMLG_TH_2,CAMLG_TH,S,L2,TH,TH,[GLCLC text removed],好,Repelled,DISP,613.0,5.56,Repelled,Yes,1.0,Manner,,,
S_I_F_CAMLG_TH_2,CAMLG_TH,S,L2,TH,TH,[GLCLC text removed],好,Repelled,DISP,613.0,5.56,Repelled,Yes,1.0,Manner,,,
S_I_F_JA_KR_3,JA_KR,S,L2,KR,KR,[GLCLC text removed],好,Repelled,EVAL,60.0,0.0,Repelled,Yes,1.0,Attribute,,,
S_I_F_JZE_KR,JZE_KR,S,L2,KR,KR,[GLCLC text removed],好,Repelled,EVAL,60.0,0.0,Repelled,Yes,1.0,Attribute,,,
S_I_F_JZE_KR,JZE_KR,S,L2,KR,KR,[GLCLC text removed],好,Repelled,EVAL,60.0,0.0,Repelled,Yes,1.0,Attribute,,,
S_I_F_JZE_KR,JZE_KR,S,L2,KR,KR,[GLCLC text removed],好,Repelled,EVAL,60.0,0.0,Repelled,Yes,1.0,Attribute,,,
S_I_F_LCL_KR_2,LCL_KR,S,L2,KR,KR,[GLCLC text removed],好,Repelled,DISP,613.0,5.56,Repelled,Yes,1.0,Manner,,,
S_I_F_MLY_RU_2,MLY_RU,S,L2,RU,RU,[GLCLC text removed],好,Repelled,EVAL,60.0,0.0,Repelled,Yes,1.0,Attribute,,,
S_I_F_MLY_RU_2,MLY_RU,S,L2,RU,RU,[GLCLC text removed],好,Repelled,EVAL,60.0,0.0,Repelled,Yes,1.0,Attribute,,,
S_I_F_MLY_RU_2,MLY_RU,S,L2,RU,RU,[GLCLC text removed],好,Repelled,EVAL,60.0,0.0,Repelled,Yes,1.0,Attribute,,,
S_I_F_ZLYE_RU_3,ZLYE_RU,S,L2,RU,RU,[GLCLC text removed],好,Repelled,EVAL,60.0,0.0,Repelled,Yes,1.0,Attribute,,,
S_I_M_DCYY_JP_3,DCYY_JP,S,L2,JP,JP,[GLCLC text removed],好,Repelled,EVAL,60.0,0.0,Repelled,Yes,1.0,Attribute,,,
S_I_M_LC_TH_3,LC_TH,S,L2,TH,TH,[GLCLC text removed],好,Repelled,EVAL,60.0,0.0,Repelled,Yes,1.0,Attribute,,,
S_I_M_LC_TH_3,LC_TH,S,L2,TH,TH,[GLCLC text removed],好,Repelled,EVAL,60.0,0.0,Repelled,Yes,1.0,Attribute,,,
S_I_M_LIF_RU_3,LIF_RU,S,L2,RU,RU,[GLCLC text removed],好,Repelled,EVAL,60.0,0.0,Repelled,Yes,1.0,Attribute,,,
S_I_M_MWH_VE_2,MWH_VE,S,L2,VE,ES,[GLCLC text removed],好,Repelled,EVAL,60.0,0.0,Repelled,Yes,1.0,Attribute,,,
S_I_M_QFS_KR,QFS_KR,S,L2,KR,KR,[GLCLC text removed],好,Repelled,EVAL,60.0,0.0,Repelled,Yes,1.0,Attribute,,,
S_I_M_QFS_KR,QFS_KR,S,L2,KR,KR,[GLCLC text removed],好,Repelled,EVAL,60.0,0.0,Repelled,Yes,1.0,Attribute,,,
S_I_M_WGZE_VN_3,WGZE_VN,S,L2,VN,VN,[GLCLC text removed],好,Repelled,EVAL,60.0,0.0,Repelled,Yes,1.0,Attribute,,,
S_I_M_WYMU_SD_4,WYMU_SD,S,L2,SD,AR,[GLCLC text removed],好,Repelled,EVAL,60.0,0.0,Repelled,Yes,1.0,Attribute,,,
W_I_M_SXD_KR,SXD_KR,W,L2,KR,KR,[GLCLC text removed],好,Repelled,EVAL,60.0,0.0,Repelled,Yes,1.0,Attribute,,,
W_I_M_SXD_KR,SXD_KR,W,L2,KR,KR,[GLCLC text removed],好,Repelled,EVAL,60.0,0.0,Repelled,Yes,1.0,Attribute,,,
W_I_F_CXYA_KR_1,CXYA_KR,W,L2,KR,KR,[GLCLC text removed],好,Repelled,EVAL,60.0,0.0,Repelled,Yes,1.0,Attribute,,,
W_I_F_CXYA_KR_1,CXYA_KR,W,L2,KR,KR,[GLCLC text removed],好,Repelled,EVAL,60.0,0.0,Repelled,Yes,1.0,Attribute,,,
W_I_F_JXJ_KR_1,JXJ_KR,W,L2,KR,KR,[GLCLC text removed],好,Repelled,EVAL,60.0,0.0,Repelled,Yes,1.0,Attribute,,,
W_I_F_JXJ_KR_1,JXJ_KR,W,L2,KR,KR,[GLCLC text removed],好,Repelled,EVAL,60.0,0.0,Repelled,Yes,1.0,Attribute,,,
W_I_F_MX_CS,MX_CS,W,L2,CS,Other,[GLCLC text removed],好,Repelled,EVAL,60.0,0.0,Repelled,Yes,1.0,Attribute,,,
W_I_F_MX_CS,MX_CS,W,L2,CS,Other,[GLCLC text removed],好,Repelled,EVAL,60.0,0.0,Repelled,Yes,1.0,Attribute,,,
W_I_F_YZX_KR_1,YZX_KR,W,L2,KR,KR,[GLCLC text removed],好,Repelled,EVAL,60.0,0.0,Repelled,Yes,1.0,Attribute,,,
W_I_F_PZY_KR_1,PZY_KR,W,L2,KR,KR,[GLCLC text removed],好,Repelled,DISP,613.0,5.56,Repelled,Yes,1.0,Manner,,,
W_I_F_CLY_KR_1,CLY_KR,W,L2,KR,KR,[GLCLC text removed],好,Repelled,EVAL,60.0,0.0,Repelled,Yes,1.0,Attribute,,,
W_I_F_ZJJ_KR,ZJJ_KR,W,L2,KR,KR,[GLCLC text removed],好,Repelled,EVAL,60.0,0.0,Repelled,Yes,1.0,Attribute,,,
W_I_F_ZSM_KR_3,ZSM_KR,W,L2,KR,KR,[GLCLC text removed],好,Repelled,DISP,613.0,5.56,Repelled,Yes,1.0,Manner,,,
W_I_M_NE_KZ_1,NE_KZ,W,L2,KZ,TK,[GLCLC text removed],好,Repelled,DISP,613.0,0.0,Repelled,Yes,1.0,Attribute,,,
W_I_F_ZSM_KR_1,ZSM_KR,W,L2,KR,KR,[GLCLC text removed],好,Repelled,EVAL,60.0,0.0,Repelled,Yes,1.0,Attribute,,,
W_I_F_CQM_TH,CQM_TH,W,L2,TH,TH,[GLCLC text removed],好,Repelled,DISP,613.0,5.56,Repelled,Yes,1.0,Manner,,,
W_I_F_JRY_KR_3,JRY_KR,W,L2,KR,KR,[GLCLC text removed],好,Repelled,EVAL,60.0,0.0,Repelled,Yes,1.0,Attribute,,,
W_I_F_OMLI_TH,OMLI_TH,W,L2,TH,TH,[GLCLC text removed],好,Repelled,DISP,613.0,5.56,Repelled,Yes,1.0,Manner,,,
W_I_F_OMLI_TH,OMLI_TH,W,L2,TH,TH,[GLCLC text removed],好,Repelled,EVAL,60.0,0.0,Repelled,Yes,1.0,Attribute,,,
W_I_M_BJM_AO_2,BJM_AO,W,L2,AO,PT,[GLCLC text removed],好,Repelled,EVAL,60.0,0.0,Repelled,Yes,1.0,Attribute,,,
W_I_M_WJS_MU,WJS_MU,W,L2,MU,Other,[GLCLC text removed],好,Repelled,EVAL,60.0,0.0,Repelled,Yes,1.0,Attribute,,,
W_I_F_KYC_RU_1,KYC_RU,W,L2,RU,RU,[GLCLC text removed],好,Repelled,EVAL,60.0,0.0,Repelled,Yes,1.0,Attribute,,,
W_I_F_LLS_TH_1,LLS_TH,W,L2,TH,TH,[GLCLC text removed],好,Repelled,DISP,613.0,5.56,Repelled,Yes,1.0,Manner,,,
W_I_M_HLH_TH_5,HLH_TH,W,L2,TH,TH,[GLCLC text removed],好,Repelled,DISP,613.0,5.56,Repelled,Yes,1.0,Manner,,,
W_I_F_YYQH_JP_2,YYQH_JP,W,L2,JP,JP,[GLCLC text removed],好,Repelled,DISP,613.0,5.56,Repelled,Yes,1.0,Manner,,,
W_I_F_GB_MX,GB_MX,W,L2,MX,ES,[GLCLC text removed],好,Repelled,DISP,613.0,5.56,Repelled,Yes,1.0,Manner,,,
W_I_F_GB_MX,GB_MX,W,L2,MX,ES,[GLCLC text removed],好,Repelled,DISP,613.0,5.56,Repelled,Yes,1.0,Manner,,,
W_I_F_GB_MX,GB_MX,W,L2,MX,ES,[GLCLC text removed],好,Repelled,DISP,613.0,5.56,Repelled,Yes,1.0,Manner,,,
W_I_F_MELI_KG,MELI_KG,W,L2,KG,TK,[GLCLC text removed],好,Repelled,DISP,613.0,5.56,Repelled,Yes,1.0,Manner,,,
W_I_M_LWC_TH_2,LWC_TH,W,L2,TH,TH,[GLCLC text removed],好,Repelled,EVAL,60.0,5.56,Repelled,Yes,1.0,Manner,,,
W_I_M_MHMAD_TJ_2,MHMAD_TJ,W,L2,TJ,Other,[GLCLC text removed],好,Repelled,DISP,613.0,5.56,Repelled,Yes,1.0,Manner,,,
W_I_F_JA_KR_4,JA_KR,W,L2,KR,KR,[GLCLC text removed],好,Repelled,EVAL,60.0,0.0,Repelled,Yes,1.0,Attribute,,,
W_I_F_MLY_RU_3,MLY_RU,W,L2,RU,RU,[GLCLC text removed],好,Repelled,EVAL,60.0,0.0,Repelled,Yes,1.0,Attribute,,,
W_I_M_LIF_RU_2,LIF_RU,W,L2,RU,RU,[GLCLC text removed],好,Repelled,DISP,613.0,5.56,Repelled,Yes,1.0,Manner,,,
W_I_F_SSXI_KR_2,SSXI_KR,W,L2,KR,KR,[GLCLC text removed],好,Repelled,DISP,613.0,5.56,Repelled,Yes,1.0,Manner,,,
W_I_F_CAMLG_TH_1,CAMLG_TH,W,L2,TH,TH,[GLCLC text removed],好,Repelled,DISP,613.0,5.56,Repelled,Yes,1.0,Manner,,,
W_I_F_HPL_TH_3,HPL_TH,W,L2,TH,TH,[GLCLC text removed],好,Repelled,DISP,613.0,5.56,Repelled,Yes,1.0,Manner,,,
W_I_F_HPL_TH_8,HPL_TH,W,L2,TH,TH,[GLCLC text removed],好,Repelled,DISP,613.0,5.56,Repelled,Yes,1.0,Manner,,,
W_I_M_LWC_TH_5,LWC_TH,W,L2,TH,TH,[GLCLC text removed],好,Repelled,DISP,613.0,5.56,Repelled,Yes,1.0,Manner,,,
W_I_M_LWC_TH_9,LWC_TH,W,L2,TH,TH,[GLCLC text removed],好,Repelled,DISP,613.0,5.56,Repelled,Yes,1.0,Manner,,,
W_I_M_MLIK_TJ,MLIK_TJ,W,L2,TJ,Other,[GLCLC text removed],好,Repelled,DISP,613.0,5.56,Repelled,Yes,1.0,Manner,,,
W_I_F_PZY_KR_2,PZY_KR,W,L2,KR,KR,[GLCLC text removed],好,Repelled,DISP,613.0,5.56,Repelled,Yes,1.0,Manner,,,
W_I_F_LZLA_CD_7,LZLA_CD,W,L2,CD,FR,[GLCLC text removed],好,Repelled,DISP,613.0,5.56,Repelled,Yes,1.0,Manner,,,
W_I_F_CAMLG_TH_1,CAMLG_TH,W,L2,TH,TH,[GLCLC text removed],好,Repelled,DISP,613.0,5.56,Repelled,Yes,1.0,Manner,,,
W_I_M_LMA_PT_1,LMA_PT,W,L2,PT,PT,[GLCLC text removed],好,Repelled,DISP,613.0,5.56,Repelled,Yes,1.0,Manner,,,
W_I_F_CAMLG_TH_6,CAMLG_TH,W,L2,TH,TH,[GLCLC text removed],好,Repelled,DISP,613.0,5.56,Repelled,Yes,1.0,Manner,,,
W_I_F_ZSYI_TH_7,ZSYI_TH,W,L2,TH,TH,[GLCLC text removed],好,Repelled,DISP,613.0,5.56,Repelled,Yes,1.0,Manner,,,
W_I_M_LWC_TH_7,LWC_TH,W,L2,TH,TH,[GLCLC text removed],好,Repelled,DISP,613.0,5.56,Repelled,Yes,1.0,Manner,,,
W_I_F_DNY_RU_13,DNY_RU,W,L2,RU,RU,[GLCLC text removed],好,Repelled,DISP,613.0,5.56,Repelled,Yes,1.0,Manner,,,
W_I_F_LWL_ID_14,LWL_ID,W,L2,ID,Other,[GLCLC text removed],好,Repelled,EVAL,60.0,0.0,Repelled,Yes,1.0,Attribute,,,
W_I_F_JZUE_KR_7,JZUE_KR,W,L2,KR,KR,[GLCLC text removed],好,Repelled,MS,613.0,0.0,Repelled,Yes,1.0,Attribute,,,
W_I_F_JZUE_KR_7,JZUE_KR,W,L2,KR,KR,[GLCLC text removed],好,Repelled,MS,613.0,0.0,Repelled,Yes,1.0,Attribute,,,
W_I_F_JZUE_KR_7,JZUE_KR,W,L2,KR,KR,[GLCLC text removed],好,Repelled,MS,613.0,0.0,Repelled,Yes,1.0,Attribute,,,
W_I_F_JZUE_KR_7,JZUE_KR,W,L2,KR,KR,[GLCLC text removed],好,Repelled,EVAL,60.0,0.0,Repelled,Yes,1.0,Attribute,,,
W_I_F_JZUE_KR_7,JZUE_KR,W,L2,KR,KR,[GLCLC text removed],好,Repelled,MS,613.0,0.0,Repelled,Yes,1.0,Attribute,,,
W_I_F_JZUE_KR_7,JZUE_KR,W,L2,KR,KR,[GLCLC text removed],好,Repelled,EVAL,60.0,0.0,Repelled,Yes,1.0,Attribute,,,
W_I_M_DCYY_JP_1,DCYY_JP,W,L2,JP,JP,[GLCLC text removed],好,Repelled,EVAL,60.0,0.0,Repelled,Yes,1.0,Attribute,,,
W_I_M_BALID_GN_2,BALID_GN,W,L2,GN,EN,[GLCLC text removed],好,Repelled,EVAL,60.0,0.0,Repelled,Yes,1.0,Attribute,,,
W_I_F_LYZI_KR_1,LYZI_KR,W,L2,KR,KR,[GLCLC text removed],好,Repelled,EVAL,60.0,0.0,Repelled,Yes,1.0,Attribute,,,
W_I_F_QBYZ_JP_7,QBYZ_JP,W,L2,JP,JP,[GLCLC text removed],好,Repelled,EVAL,60.0,0.0,Repelled,Yes,1.0,Attribute,,,
W_I_F_QBYZ_JP_7,QBYZ_JP,W,L2,JP,JP,[GLCLC text removed],好,Repelled,EVAL,60.0,0.0,Repelled,Yes,1.0,Attribute,,,
W_I_M_MWH_VE_2,MWH_VE,W,L2,VE,ES,[GLCLC text removed],好,Repelled,DISP,613.0,5.56,Repelled,Yes,1.0,Manner,,,
W_I_M_ABL_UZ_2,ABL_UZ,W,L2,UZ,TK,[GLCLC text removed],好,Repelled,DISP,613.0,5.56,Repelled,Yes,1.0,Manner,,,
W_I_M_ABL_UZ_2,ABL_UZ,W,L2,UZ,TK,[GLCLC text removed],好,Repelled,EVAL,60.0,0.0,Repelled,Yes,1.0,Attribute,,,
W_I_M_BALID_GN_1,BALID_GN,W,L2,GN,EN,[GLCLC text removed],好,Repelled,EVAL,60.0,0.0,Repelled,Yes,1.0,Attribute,,,
W_I_F_LZYA_KR_5,LZYA_KR,W,L2,KR,KR,[GLCLC text removed],好,Repelled,EVAL,60.0,0.0,Repelled,Yes,1.0,Attribute,,,
W_I_F_HPL_TH_9,HPL_TH,W,L2,TH,TH,[GLCLC text removed],好,Repelled,DISP,613.0,5.56,Repelled,Yes,1.0,Manner,,,
W_I_F_BYL_BR_3,BYL_BR,W,L2,BR,PT,[GLCLC text removed],好,Repelled,EVAL,60.0,0.0,Repelled,Yes,1.0,Attribute,,,
W_I_F_AYN_RU_3,AYN_RU,W,L2,RU,RU,[GLCLC text removed],好奇,Attracted,MS,90.0,1.854,Attracted,Yes,4.0,Psych,,,
W_I_F_JZXIU_KR_1,JZXIU_KR,W,L2,KR,KR,[GLCLC text removed],好奇,Attracted,MS,90.0,1.854,Attracted,Yes,4.0,Psych,,,
W_I_F_LZYA_KR_8,LZYA_KR,W,L2,KR,KR,[GLCLC text removed],好奇,Attracted,MS,90.0,1.854,Attracted,Yes,4.0,Psych,,,
W_I_F_MRN_BR_6,MRN_BR,W,L2,BR,PT,[GLCLC text removed],好奇,Attracted,MS,90.0,1.854,Attracted,Yes,4.0,Psych,,,
W_I_F_SSXI_KR_6,SSXI_KR,W,L2,KR,KR,[GLCLC text removed],好奇,Attracted,MS,90.0,1.854,Attracted,Yes,4.0,Psych,,,
W_I_F_WDLY_RU_16,WDLY_RU,W,L2,RU,RU,[GLCLC text removed],好奇,Attracted,MS,90.0,1.854,Attracted,Yes,4.0,Psych,,,
W_I_F_YIL_BR_2,YIL_BR,W,L2,BR,PT,[GLCLC text removed],好奇,Attracted,MS,90.0,1.854,Attracted,Yes,4.0,Psych,,,
W_I_F_YLSB_PE_2,YLSB_PE,W,L2,PE,ES,[GLCLC text removed],好奇,Attracted,MS,90.0,1.854,Attracted,Yes,4.0,Psych,,,
W_I_F_ZHH_TH_3,ZHH_TH,W,L2,TH,TH,[GLCLC text removed],好奇,Attracted,MS,90.0,1.854,Attracted,Yes,4.0,Psych,,,
W_I_F_ZYY_VE_2,ZYY_VE,W,L2,VE,ES,[GLCLC text removed],好奇,Attracted,MS,90.0,1.854,Attracted,Yes,4.0,Psych,,,
W_I_M_BALID_GN_6,BALID_GN,W,L2,GN,EN,[GLCLC text removed],好奇,Attracted,MS,90.0,1.854,Attracted,Yes,4.0,Psych,,,
W_I_M_LBK_VE_9,LBK_VE,W,L2,VE,ES,[GLCLC text removed],好奇,Attracted,MS,90.0,1.854,Attracted,Yes,4.0,Psych,,,
W_I_M_LMN_TH_2,LMN_TH,W,L2,TH,TH,[GLCLC text removed],好奇,Attracted,MS,90.0,1.854,Attracted,Yes,4.0,Psych,,,
W_I_M_LTQ_PE_2,LTQ_PE,W,L2,PE,ES,[GLCLC text removed],好奇,Attracted,MS,90.0,1.854,Attracted,Yes,4.0,Psych,,,
W_I_M_SMER_KZ_8,SMER_KZ,W,L2,KZ,TK,[GLCLC text removed],好奇,Attracted,MS,90.0,1.854,Attracted,Yes,4.0,Psych,,,
W_I_M_XCYH_JP_2,XCYH_JP,W,L2,JP,JP,[GLCLC text removed],好奇,Attracted,MS,90.0,1.854,Attracted,Yes,4.0,Psych,,,
W_I_M_ZYG_VE_2,ZYG_VE,W,L2,VE,ES,[GLCLC text removed],好奇,Attracted,MS,90.0,1.854,Attracted,Yes,4.0,Psych,,,
W_I_M_LBK_VE_8,LBK_VE,W,L2,VE,ES,[GLCLC text removed],好奇,Attracted,MS,90.0,1.854,Attracted,Yes,4.0,Psych,,,
W_I_F_BYL_BR_6,BYL_BR,W,L2,BR,PT,[GLCLC text removed],实行,Attracted,SI,3481.0,0.0,,Yes,5.0,Functional,,,
W_I_F_CAMLG_TH_3,CAMLG_TH,W,L2,TH,TH,[GLCLC text removed],尊重,Attracted,MS,458.0,1.85,,Yes,3.0,Manner,,,
W_I_F_YLC_TH,YLC_TH,W,L2,TH,TH,[GLCLC text removed],开玩笑,Attracted,DA,70.0,0.0,Repelled,No,3.0,Communication,,,
W_I_M_CYD_TH,CYD_TH,W,L2,TH,TH,[GLCLC text removed],开玩笑,Attracted,DA,70.0,0.0,Repelled,No,3.0,Communication,,,
W_I_M_ZCYT_JP_2,ZCYT_JP,W,L2,JP,JP,[GLCLC text removed],影响,Attracted,EVAL,733.0,11.12,Attracted,Yes,2.0,Functional,,,
W_I_F_CRHI_KR_1,CRHI_KR,W,L2,KR,KR,[GLCLC text removed],影响,Attracted,EVAL,733.0,11.12,Attracted,Yes,2.0,Functional,,,
W_I_F_AMI_GN_5,AMI_GN,W,L2,GN,EN,[GLCLC text removed],微笑,Attracted,DA,998.0,5.56,Attracted,No,4.0,Physical,,,
W_I_F_JZP_CN_1,JZP_CN,W,L2,CN,Other,[GLCLC text removed],微笑,Attracted,DA,998.0,5.56,Attracted,No,4.0,Physical,,,
W_I_M_HSE_PK_14,HSE_PK,W,L2,PK,Other,[GLCLC text removed],微笑,Attracted,EVAL,998.0,5.56,Attracted,No,4.0,Physical,,,
S_I_F_CSQS_VN,CSQS_VN,S,L2,VN,VN,[GLCLC text removed],好,Repelled,DISP,613.0,5.56,Repelled,Yes,1.0,Manner,,,
S_I_F_JTN_GQ,JTN_GQ,S,L2,GQ,ES,[GLCLC text removed],好,Repelled,DISP,613.0,5.56,Repelled,Yes,1.0,Manner,,,
S_I_F_LCL_KR_3,LCL_KR,S,L2,KR,KR,[GLCLC text removed],好,Repelled,DISP,613.0,5.56,Repelled,Yes,1.0,Manner,,,
S_I_M_LBK_VE_5,LBK_VE,S,L2,VE,ES,[GLCLC text removed],好,Repelled,DISP,613.0,5.56,Repelled,Yes,1.0,Manner,,,
S_I_M_LMA_PT,LMA_PT,S,L2,PT,PT,[GLCLC text removed],好,Repelled,DISP,613.0,5.56,Repelled,Yes,1.0,Manner,,,
S_I_M_XJ_RU,XJ_RU,S,L2,RU,RU,[GLCLC text removed],好,Repelled,DISP,613.0,5.56,Repelled,Yes,1.0,Manner,,,
S_I_M_XMJ_FR,XMJ_FR,S,L2,FR,FR,[GLCLC text removed],好,Repelled,DISP,613.0,5.56,Repelled,Yes,1.0,Manner,,,
W_I_M_HYH_KR_4,HYH_KR,W,L2,KR,KR,[GLCLC text removed],怨愤,Repelled,EVAL,0.0,0.0,Repelled,Yes,6.0,Psych,,,
S_I_M_CJR_TH_2,CJR_TH,S,L2,TH,TH,[GLCLC text removed],感,Attracted,MS,1119.0,53.75,Attracted,Yes,2.0,Psych,,,
S_I_M_HAS_CU_1,HAS_CU,S,L2,CU,ES,[GLCLC text removed],感,Attracted,MS,1119.0,53.75,Attracted,Yes,2.0,Psych,,,
S_I_F_WUYM_CR_1,WUYM_CR,S,L2,CR,ES,[GLCLC text removed],感,Attracted,MS,1119.0,53.75,Attracted,Yes,2.0,Psych,,,
S_I_M_DYSR_JP+I_,DYSR_JP,S,L2,JP,JP,[GLCLC text removed],感,Attracted,MS,1119.0,53.75,Attracted,Yes,2.0,Psych,,,
S_I_F_WDLY_RU,WDLY_RU,S,L2,RU,RU,[GLCLC text removed],感,Attracted,EVAL,1119.0,53.75,Attracted,Yes,2.0,Psych,,,
S_I_F_YYQ_CH,YYQ_CH,S,L2,CH,Other,[GLCLC text removed],感,Attracted,MS,1119.0,53.75,Attracted,Yes,2.0,Psych,,,
S_I_F_AHL_PE_1,AHL_PE,S,L2,PE,ES,[GLCLC text removed],感,Attracted,MS,1119.0,53.75,Attracted,Yes,2.0,Psych,,,
S_I_M_WYMU_SD_3,WYMU_SD,S,L2,SD,AR,[GLCLC text removed],感,Attracted,MS,1119.0,53.75,Attracted,Yes,2.0,Psych,,,
S_I_F_JXZ_KR_1,JXZ_KR,S,L2,KR,KR,[GLCLC text removed],感,Attracted,MS,1119.0,53.75,Attracted,Yes,2.0,Psych,,,
W_I_F_JHXU_KR_2,JHXU_KR,W,L2,KR,KR,[GLCLC text removed],感,Attracted,MS,1119.0,53.75,Attracted,Yes,2.0,Psych,,,
W_I_F_WYS_TH_2,WYS_TH,W,L2,TH,TH,[GLCLC text removed],感,Attracted,MS,1119.0,53.75,Attracted,Yes,2.0,Psych,,,
W_I_F_WYS_TH_2,WYS_TH,W,L2,TH,TH,[GLCLC text removed],感,Attracted,MS,1119.0,53.75,Attracted,Yes,2.0,Psych,,,
W_I_F_YSLI_PE_3,YSLI_PE,W,L2,PE,ES,[GLCLC text removed],感,Attracted,MS,1119.0,53.75,Attracted,Yes,2.0,Psych,,,
W_I_F_ZSZ_KR,ZSZ_KR,W,L2,KR,KR,[GLCLC text removed],感,Attracted,MS,1119.0,53.75,Attracted,Yes,2.0,Psych,,,
W_I_F_ZTT_TH_3,ZTT_TH,W,L2,TH,TH,[GLCLC text removed],感,Attracted,EVAL,1119.0,53.75,Attracted,Yes,2.0,Psych,,,
W_I_M_BAOLUO_CL_,BAOLUO_CL,W,L2,CL,ES,[GLCLC text removed],感,Attracted,MS,1119.0,53.75,Attracted,Yes,2.0,Psych,,,
W_I_F_HNN_PE_3,HNN_PE,W,L2,PE,ES,[GLCLC text removed],感,Attracted,MS,1119.0,53.75,Attracted,Yes,2.0,Psych,,,
W_I_F_JHXI_KR_1,JHXI_KR,W,L2,KR,KR,[GLCLC text removed],感,Attracted,MS,1119.0,53.75,Attracted,Yes,2.0,Psych,,,
W_I_M_GQQG_JP_3,GQQG_JP,W,L2,JP,JP,[GLCLC text removed],感,Attracted,MS,1119.0,53.75,Attracted,Yes,2.0,Psych,,,
W_I_F_JAL_KR_2,JAL_KR,W,L2,KR,KR,[GLCLC text removed],感,Attracted,MS,1119.0,53.75,Attracted,Yes,2.0,Psych,,,
W_I_F_YLSB_PE_1,YLSB_PE,W,L2,PE,ES,[GLCLC text removed],感,Attracted,MS,1119.0,53.75,Attracted,Yes,2.0,Psych,,,
W_I_F_AHL_PE,AHL_PE,W,L2,PE,ES,[GLCLC text removed],感,Attracted,MS,1119.0,53.75,Attracted,Yes,2.0,Psych,,,
W_I_F_HPL_TH_2,HPL_TH,W,L2,TH,TH,[GLCLC text removed],感,Attracted,MS,1119.0,53.75,Attracted,Yes,2.0,Psych,,,
W_I_F_JZIE_KR_1,JZIE_KR,W,L2,KR,KR,[GLCLC text removed],感,Attracted,MS,1119.0,53.75,Attracted,Yes,2.0,Psych,,,
W_I_F_PL_KR,PL_KR,W,L2,KR,KR,[GLCLC text removed],感,Attracted,MS,1119.0,53.75,Attracted,Yes,2.0,Psych,,,
W_I_F_ZXLI_TH_2,ZXLI_TH,W,L2,TH,TH,[GLCLC text removed],感,Attracted,MS,1119.0,53.75,Attracted,Yes,2.0,Psych,,,
W_I_M_WJL_VE,WJL_VE,W,L2,VE,ES,[GLCLC text removed],感,Attracted,MS,1119.0,53.75,Attracted,Yes,2.0,Psych,,,
W_I_F_YESE_KZ_1,YESE_KZ,W,L2,KZ,TK,[GLCLC text removed],感,Attracted,MS,1119.0,53.75,Attracted,Yes,2.0,Psych,,,
W_I_F_WAL_EE_2,WAL_EE,W,L2,EE,Other,[GLCLC text removed],感,Attracted,MS,1119.0,53.75,Attracted,Yes,2.0,Psych,,,
W_I_F_WDLY_RU_2,WDLY_RU,W,L2,RU,RU,[GLCLC text removed],感,Attracted,MS,1119.0,53.75,Attracted,Yes,2.0,Psych,,,
W_I_F_GBQ_TH_7,GBQ_TH,W,L2,TH,TH,[GLCLC text removed],感,Attracted,MS,1119.0,53.75,Attracted,Yes,2.0,Psych,,,
W_I_F_QY_TH_2,QY_TH,W,L2,TH,TH,[GLCLC text removed],感,Attracted,MS,1119.0,53.75,Attracted,Yes,2.0,Psych,,,
W_I_F_WDLY_RU_1,WDLY_RU,W,L2,RU,RU,[GLCLC text removed],感,Attracted,MS,1119.0,53.75,Attracted,Yes,2.0,Psych,,,
W_I_F_SSXI_KR_2,SSXI_KR,W,L2,KR,KR,[GLCLC text removed],感,Attracted,MS,1119.0,53.75,Attracted,Yes,2.0,Psych,,,
W_I_F_SSXI_KR_2,SSXI_KR,W,L2,KR,KR,[GLCLC text removed],感,Attracted,MS,1119.0,53.75,Attracted,Yes,2.0,Psych,,,
W_I_F_BBXL_JP,BBXL_JP,W,L2,JP,JP,[GLCLC text removed],感,Attracted,MS,1119.0,53.75,Attracted,Yes,2.0,Psych,,,
W_I_F_BBXL_JP,BBXL_JP,W,L2,JP,JP,[GLCLC text removed],感,Attracted,MS,1119.0,53.75,Attracted,Yes,2.0,Psych,,,
W_I_F_BBXL_JP,BBXL_JP,W,L2,JP,JP,[GLCLC text removed],感,Attracted,MS,1119.0,53.75,Attracted,Yes,2.0,Psych,,,
W_I_F_FSFQ_VN_5,FSFQ_VN,W,L2,VN,VN,[GLCLC text removed],感,Attracted,MS,1119.0,53.75,Attracted,Yes,2.0,Psych,,,
W_I_F_JZIE_KR_3,JZIE_KR,W,L2,KR,KR,[GLCLC text removed],感,Attracted,MS,1119.0,53.75,Attracted,Yes,2.0,Psych,,,
W_I_F_JZXIU_KR_1,JZXIU_KR,W,L2,KR,KR,[GLCLC text removed],感,Attracted,MS,1119.0,53.75,Attracted,Yes,2.0,Psych,,,
W_I_F_LHYI_VN_2,LHYI_VN,W,L2,VN,VN,[GLCLC text removed],感,Attracted,MS,1119.0,53.75,Attracted,Yes,2.0,Psych,,,
W_I_F_LZYA_KR_8,LZYA_KR,W,L2,KR,KR,[GLCLC text removed],感,Attracted,MS,1119.0,53.75,Attracted,Yes,2.0,Psych,,,
W_I_F_PQY_KR,PQY_KR,W,L2,KR,KR,[GLCLC text removed],感,Attracted,MS,1119.0,53.75,Attracted,Yes,2.0,Psych,,,
W_I_F_QFM_KR_2,QFM_KR,W,L2,KR,KR,[GLCLC text removed],感,Attracted,MS,1119.0,53.75,Attracted,Yes,2.0,Psych,,,
W_I_F_WUYM_CR_2,WUYM_CR,W,L2,CR,ES,[GLCLC text removed],感,Attracted,MS,1119.0,53.75,Attracted,Yes,2.0,Psych,,,
W_I_F_YIL_BR_2,YIL_BR,W,L2,BR,PT,[GLCLC text removed],感,Attracted,MS,1119.0,53.75,Attracted,Yes,2.0,Psych,,,
W_I_F_ZHH_TH_3,ZHH_TH,W,L2,TH,TH,[GLCLC text removed],感,Attracted,MS,1119.0,53.75,Attracted,Yes,2.0,Psych,,,
W_I_F_ZYY_VE_2,ZYY_VE,W,L2,VE,ES,[GLCLC text removed],感,Attracted,MS,1119.0,53.75,Attracted,Yes,2.0,Psych,,,
W_I_M_BALID_GN_6,BALID_GN,W,L2,GN,EN,[GLCLC text removed],感,Attracted,MS,1119.0,53.75,Attracted,Yes,2.0,Psych,,,
W_I_M_EI_RU_8,EI_RU,W,L2,RU,RU,[GLCLC text removed],感,Attracted,MS,1119.0,53.75,Attracted,Yes,2.0,Psych,,,
W_I_M_LBK_VE_9,LBK_VE,W,L2,VE,ES,[GLCLC text removed],感,Attracted,MS,1119.0,53.75,Attracted,Yes,2.0,Psych,,,
W_I_M_LTQ_PE_2,LTQ_PE,W,L2,PE,ES,[GLCLC text removed],感,Attracted,MS,1119.0,53.75,Attracted,Yes,2.0,Psych,,,
W_I_M_SMER_KZ_8,SMER_KZ,W,L2,KZ,TK,[GLCLC text removed],感,Attracted,MS,1119.0,53.75,Attracted,Yes,2.0,Psych,,,
W_I_M_XCYH_JP_2,XCYH_JP,W,L2,JP,JP,[GLCLC text removed],感,Attracted,MS,1119.0,53.75,Attracted,Yes,2.0,Psych,,,
W_I_F_JJL_KR_2,JJL_KR,W,L2,KR,KR,[GLCLC text removed],感,Attracted,MS,1119.0,53.75,Attracted,Yes,2.0,Psych,,,
W_I_F_JJL_KR_2,JJL_KR,W,L2,KR,KR,[GLCLC text removed],感,Attracted,EVAL,1119.0,53.75,Attracted,Yes,2.0,Psych,,,
W_I_F_PZY_KR_2,PZY_KR,W,L2,KR,KR,[GLCLC text removed],感,Attracted,MS,1119.0,53.75,Attracted,Yes,2.0,Psych,,,
W_I_M_HDY_KR_3,HDY_KR,W,L2,KR,KR,[GLCLC text removed],感,Attracted,MS,1119.0,53.75,Attracted,Yes,2.0,Psych,,,
W_I_F_JZXIU_KR_1,JZXIU_KR,W,L2,KR,KR,[GLCLC text removed],感,Attracted,MS,1119.0,53.75,Attracted,Yes,2.0,Psych,,,
W_I_F_QBYZ_JP_12,QBYZ_JP,W,L2,JP,JP,[GLCLC text removed],感,Attracted,MS,1119.0,53.75,Attracted,Yes,2.0,Psych,,,
W_I_M_CJR_TH_7,CJR_TH,W,L2,TH,TH,[GLCLC text removed],感,Attracted,MS,1119.0,53.75,Attracted,Yes,2.0,Psych,,,
W_I_M_LBK_VE_8,LBK_VE,W,L2,VE,ES,[GLCLC text removed],感,Attracted,MS,1119.0,53.75,Attracted,Yes,2.0,Psych,,,
W_I_F_WDLY_RU_13,WDLY_RU,W,L2,RU,RU,[GLCLC text removed],感,Attracted,MS,1119.0,53.75,Attracted,Yes,2.0,Psych,,,
W_I_F_WUYM_CR_11,WUYM_CR,W,L2,CR,ES,[GLCLC text removed],感,Attracted,MS,1119.0,53.75,Attracted,Yes,2.0,Psych,,,
W_I_F_WDLY_RU_4,WDLY_RU,W,L2,RU,RU,[GLCLC text removed],感,Attracted,MS,1119.0,53.75,Attracted,Yes,2.0,Psych,,,
W_I_F_WDLY_RU_4,WDLY_RU,W,L2,RU,RU,[GLCLC text removed],感,Attracted,MS,1119.0,53.75,Attracted,Yes,2.0,Psych,,,
W_I_F_WDLY_RU_4,WDLY_RU,W,L2,RU,RU,[GLCLC text removed],感,Attracted,MS,1119.0,53.75,Attracted,Yes,2.0,Psych,,,
W_I_F_AYN_RU_4,AYN_RU,W,L2,RU,RU,[GLCLC text removed],感,Attracted,MS,1119.0,53.75,Attracted,Yes,2.0,Psych,,,
W_I_F_JHF_KR_2,JHF_KR,W,L2,KR,KR,[GLCLC text removed],感,Attracted,MS,1119.0,53.75,Attracted,Yes,2.0,Psych,,,
W_I_F_JHF_KR_2,JHF_KR,W,L2,KR,KR,[GLCLC text removed],感,Attracted,EVAL,1119.0,53.75,Attracted,Yes,2.0,Psych,,,
W_I_F_ZYY_VE_3,ZYY_VE,W,L2,VE,ES,[GLCLC text removed],感,Attracted,MS,1119.0,53.75,Attracted,Yes,2.0,Psych,,,
W_I_F_YYQH_JP_5,YYQH_JP,W,L2,JP,JP,[GLCLC text removed],感,Attracted,EVAL,1119.0,53.75,Attracted,Yes,2.0,Psych,,,
W_I_F_QYX_KR_3,QYX_KR,W,L2,KR,KR,[GLCLC text removed],感,Attracted,MS,1119.0,53.75,Attracted,Yes,2.0,Psych,,,
W_I_F_LHYI_VN_14,LHYI_VN,W,L2,VN,VN,[GLCLC text removed],感,Attracted,MS,1119.0,53.75,Attracted,Yes,2.0,Psych,,,
W_I_F_WDLY_RU_5,WDLY_RU,W,L2,RU,RU,[GLCLC text removed],感,Attracted,MS,1119.0,53.75,Attracted,Yes,2.0,Psych,,,
W_I_F_WDLY_RU_6,WDLY_RU,W,L2,RU,RU,[GLCLC text removed],感,Attracted,MS,1119.0,53.75,Attracted,Yes,2.0,Psych,,,
W_I_M_BALID_GN_1,BALID_GN,W,L2,GN,EN,[GLCLC text removed],感,Attracted,MS,1119.0,53.75,Attracted,Yes,2.0,Psych,,,
W_I_M_LMN_TH_14,LMN_TH,W,L2,TH,TH,[GLCLC text removed],感,Attracted,MS,1119.0,53.75,Attracted,Yes,2.0,Psych,,,
W_I_M_SMER_KZ_14,SMER_KZ,W,L2,KZ,TK,[GLCLC text removed],感,Attracted,MS,1119.0,53.75,Attracted,Yes,2.0,Psych,,,
W_I_M_SMER_KZ_14,SMER_KZ,W,L2,KZ,TK,[GLCLC text removed],感,Attracted,MS,1119.0,53.75,Attracted,Yes,2.0,Psych,,,
W_I_F_GBQ_TH_9,GBQ_TH,W,L2,TH,TH,[GLCLC text removed],感,Attracted,MS,1119.0,53.75,Attracted,Yes,2.0,Psych,,,
W_I_F_HPL_TH_5,HPL_TH,W,L2,TH,TH,[GLCLC text removed],感,Attracted,MS,1119.0,53.75,Attracted,Yes,2.0,Psych,,,
W_I_F_LJN_RU,LJN_RU,W,L2,RU,RU,[GLCLC text removed],感到,Attracted,MS,6686.0,5.56,Repelled,Yes,2.0,Psych,,,
W_I_F_SJZB_JP_2,SJZB_JP,W,L2,JP,JP,[GLCLC text removed],感到,Attracted,MS,6686.0,5.56,Repelled,Yes,2.0,Psych,,,
W_I_F_LZHY_KR,LZHY_KR,W,L2,KR,KR,[GLCLC text removed],感到,Attracted,MS,6686.0,5.56,Repelled,Yes,2.0,Psych,,,
W_I_F_GKA_TH_3,GKA_TH,W,L2,TH,TH,[GLCLC text removed],感到,Attracted,MS,6686.0,5.56,Repelled,Yes,2.0,Psych,,,
W_I_M_NJX_KR_3,NJX_KR,W,L2,KR,KR,[GLCLC text removed],感到,Attracted,MS,6686.0,5.56,Repelled,Yes,2.0,Psych,,,
W_I_M_GQQG_JP_2,GQQG_JP,W,L2,JP,JP,[GLCLC text removed],感到,Attracted,MS,6686.0,5.56,Repelled,Yes,2.0,Psych,,,
W_I_F_BYL_BR_7,BYL_BR,W,L2,BR,PT,[GLCLC text removed],感激,Attracted,EVAL,332.0,1.85,Attracted,Yes,3.0,Manner,,,
W_I_F_YR_ES_14,YR_ES,W,L2,ES,ES,[GLCLC text removed],感觉,Attracted,MS,130.0,0.0,Repelled,Yes,3.0,Psych,,,
W_I_M_ZCYT_JP_1,ZCYT_JP,W,L2,JP,JP,[GLCLC text removed],感谢,Attracted,MS,43.0,0.0,Repelled,Yes,3.0,Psych,,,
W_I_F_HHC_KR_3,HHC_KR,W,L2,KR,KR,[GLCLC text removed],批评,Attracted,DA,86.0,1.85,Attracted,No,3.0,Communication,,,
W_I_F_CQH_VN,CQH_VN,W,L2,VN,VN,[GLCLC text removed],指示,Attracted,DA,0.0,0.0,Repelled,No,5.0,Communication,,,
W_I_F_LZSA_KR_1,LZSA_KR,W,L2,KR,KR,[GLCLC text removed],支持,Attracted,MS,99.0,1.85,Attracted,Yes,3.0,Psych,,,
S_I_M_ZLO_RU_2+I,ZLO_RU,S,L2,RU,RU,[GLCLC text removed],方便,Repelled,EVAL,17.0,0.0,Repelled,No,2.0,Attribute,,,
W_I_F_YZX_KR_1,YZX_KR,W,L2,KR,KR,[GLCLC text removed],无益,Attracted,EVAL,67.0,0.0,Repelled,Yes,6.0,Attribute,,,
S_I_F_DLYH_RU_3,DLYH_RU,S,L2,RU,RU,[GLCLC text removed],必不可少,Attracted,EVAL,2.0,18.54,Repelled,No,5.0,Attribute,,,
S_I_F_DLYH_RU_3,DLYH_RU,S,L2,RU,RU,[GLCLC text removed],是,Attracted,EVAL,4128.0,18.54,Repelled,Yes,1.0,Functional,,,
S_I_F_MLY_RU_2,MLY_RU,S,L2,RU,RU,[GLCLC text removed],是,Attracted,EVAL,4128.0,18.54,Repelled,Yes,1.0,Functional,,,
S_I_F_NSJK_UA_3,NSJK_UA,S,L2,UA,Other,[GLCLC text removed],是,Attracted,EVAL,4128.0,18.54,Repelled,Yes,1.0,Functional,,,
S_I_F_NSJK_UA_3,NSJK_UA,S,L2,UA,Other,[GLCLC text removed],是,Attracted,EVAL,4128.0,18.54,Repelled,Yes,1.0,Functional,,,
S_I_M_MSE_RU,MSE_RU,S,L2,RU,RU,[GLCLC text removed],是,Attracted,EVAL,4128.0,18.54,Repelled,Yes,1.0,Functional,,,
S_I_M_MSE_RU,MSE_RU,S,L2,RU,RU,[GLCLC text removed],是,Attracted,EVAL,4128.0,18.54,Repelled,Yes,1.0,Functional,,,
W_I_M_BAOLUO_CL_,BAOLUO_CL,W,L2,CL,ES,[GLCLC text removed],是,Attracted,EVAL,4128.0,18.54,Repelled,Yes,1.0,Functional,,,
W_I_F_LLS_TH_1,LLS_TH,W,L2,TH,TH,[GLCLC text removed],是,Attracted,EVAL,4128.0,18.54,Repelled,Yes,1.0,Functional,,,
W_I_F_LXJ_KR_1,LXJ_KR,W,L2,KR,KR,[GLCLC text removed],是,Attracted,EVAL,4128.0,18.54,Repelled,Yes,1.0,Functional,,,
W_I_F_LNA_KZ_3,LNA_KZ,W,L2,KZ,TK,[GLCLC text removed],是,Attracted,EVAL,4128.0,18.54,Repelled,Yes,1.0,Functional,,,
W_I_F_LNA_KZ_3,LNA_KZ,W,L2,KZ,TK,[GLCLC text removed],是,Attracted,EVAL,4128.0,18.54,Repelled,Yes,1.0,Functional,,,
W_I_F_YR_ES_14,YR_ES,W,L2,ES,ES,[GLCLC text removed],是,Attracted,EVAL,4128.0,18.54,Repelled,Yes,1.0,Functional,,,
S_I_M_HRZ_MG,HRZ_MG,S,L2,MG,Other,[GLCLC text removed],有,Attracted,EVAL,11370.0,87.12,Attracted,Yes,1.0,Functional,,,
S_I_F_QZY_KR_4,QZY_KR,S,L2,KR,KR,[GLCLC text removed],有,Attracted,EVAL,11370.0,61.17,Attracted,Yes,1.0,Functional,,,
W_I_F_LXHU_KR_2,LXHU_KR,W,L2,KR,KR,[GLCLC text removed],有,Attracted,EVAL,11370.0,87.12,Attracted,Yes,1.0,Functional,,,
W_I_F_CMY_VN,CMY_VN,W,L2,VN,VN,[GLCLC text removed],有,Attracted,EVAL,11370.0,77.85,Attracted,Yes,1.0,Functional,,,
W_I_F_WAL_EE_8,WAL_EE,W,L2,EE,Other,[GLCLC text removed],有,Attracted,EVAL,11370.0,77.85,Attracted,Yes,1.0,Functional,,,
S_I_M_LZL_GB_1,LZL_GB,S,L2,GB,EN,[GLCLC text removed],有,Attracted,EVAL,11370.0,77.85,Attracted,Yes,1.0,Functional,,,
S_I_F_YIL_BR_2,YIL_BR,S,L2,BR,PT,[GLCLC text removed],有,Attracted,EVAL,11370.0,77.85,Attracted,Yes,1.0,Functional,,,
S_I_F_YIL_BR_2,YIL_BR,S,L2,BR,PT,[GLCLC text removed],有,Attracted,EVAL,11370.0,77.85,Attracted,Yes,1.0,Functional,,,
S_I_F_ZYY_VE_2,ZYY_VE,S,L2,VE,ES,[GLCLC text removed],有,Attracted,EVAL,11370.0,77.85,Attracted,Yes,1.0,Functional,,,
S_I_F_LXB_KR_1,LXB_KR,S,L2,KR,KR,[GLCLC text removed],有,Attracted,EVAL,11370.0,77.85,Attracted,Yes,1.0,Functional,,,
S_I_F_HRC_DE+I_F,HRC_DE,S,L2,DE,Other,[GLCLC text removed],有,Attracted,EVAL,11370.0,77.85,Attracted,Yes,1.0,Functional,,,
S_I_M_ZR_CA,ZR_CA,S,L2,CA,EN,[GLCLC text removed],有,Attracted,EVAL,11370.0,77.85,Attracted,Yes,1.0,Functional,,,
W_I_F_MX_CS,MX_CS,W,L2,CS,Other,[GLCLC text removed],有,Attracted,EVAL,11370.0,77.85,Attracted,Yes,1.0,Functional,,,
W_I_F_QY_TH_1,QY_TH,W,L2,TH,TH,[GLCLC text removed],有,Attracted,EVAL,11370.0,77.85,Attracted,Yes,1.0,Functional,,,
W_I_F_JZHX_KR_2,JZHX_KR,W,L2,KR,KR,[GLCLC text removed],有,Attracted,EVAL,11370.0,77.85,Attracted,Yes,1.0,Functional,,,
W_I_F_NM_KZ_1,NM_KZ,W,L2,KZ,TK,[GLCLC text removed],有,Attracted,EVAL,11370.0,77.85,Attracted,Yes,1.0,Functional,,,
W_I_F_YSLI_PE_2,YSLI_PE,W,L2,PE,ES,[GLCLC text removed],有,Attracted,EVAL,11370.0,77.85,Attracted,Yes,1.0,Functional,,,
W_I_M_TZH_IT,TZH_IT,W,L2,IT,Other,[GLCLC text removed],有,Attracted,MS,23048.0,77.85,Attracted,Yes,1.0,Functional,,,
W_I_F_YIL_BR_5,YIL_BR,W,L2,BR,PT,[GLCLC text removed],有,Attracted,EVAL,11370.0,77.85,Attracted,Yes,1.0,Functional,,,
W_I_F_YSLI_PE_4,YSLI_PE,W,L2,PE,ES,[GLCLC text removed],有,Attracted,EVAL,11370.0,77.85,Attracted,Yes,1.0,Functional,,,
W_I_F_JXY_KR_2,JXY_KR,W,L2,KR,KR,[GLCLC text removed],有,Attracted,EVAL,11370.0,77.85,Attracted,Yes,1.0,Functional,,,
W_I_F_YIL_BR_9,YIL_BR,W,L2,BR,PT,[GLCLC text removed],有,Attracted,EVAL,11370.0,77.85,Attracted,Yes,1.0,Functional,,,
W_I_F_JJB_KR_3,JJB_KR,W,L2,KR,KR,[GLCLC text removed],有,Attracted,EVAL,11370.0,77.85,Attracted,Yes,1.0,Functional,,,
W_I_M_LWC_TH_3,LWC_TH,W,L2,TH,TH,[GLCLC text removed],有,Attracted,EVAL,11370.0,77.85,Attracted,Yes,1.0,Functional,,,
W_I_M_LWC_TH_3,LWC_TH,W,L2,TH,TH,[GLCLC text removed],有,Attracted,EVAL,11370.0,77.85,Attracted,Yes,1.0,Functional,,,
W_I_F_ZYJA_TH_8,ZYJA_TH,W,L2,TH,TH,[GLCLC text removed],有,Attracted,EVAL,11370.0,87.12,Attracted,Yes,1.0,Functional,,,
W_I_F_YYQ_CH_1,YYQ_CH,W,L2,CH,Other,[GLCLC text removed],有,Attracted,MS,23048.0,77.85,Attracted,Yes,1.0,Functional,,,
W_I_F_BYL_BR_6,BYL_BR,W,L2,BR,PT,[GLCLC text removed],有,Attracted,EVAL,11370.0,87.12,Attracted,Yes,1.0,Functional,,,
S_I_F_MLY_RU_1,MLY_RU,S,L2,RU,RU,[GLCLC text removed],有,Attracted,EVAL,11370.0,87.12,Attracted,Yes,1.0,Functional,,,
S_I_F_ZYY_VE_3,ZYY_VE,S,L2,VE,ES,[GLCLC text removed],有,Attracted,EVAL,11370.0,87.12,Attracted,Yes,1.0,Functional,,,
S_I_M_YGEU_UZ_3,YGEU_UZ,S,L2,UZ,TK,[GLCLC text removed],有,Attracted,EVAL,11370.0,87.12,Attracted,Yes,1.0,Functional,,,
S_I_M_YGEU_UZ_3,YGEU_UZ,S,L2,UZ,TK,[GLCLC text removed],有,Attracted,EVAL,11370.0,87.12,Attracted,Yes,1.0,Functional,,,
S_I_M_YGEU_UZ_3,YGEU_UZ,S,L2,UZ,TK,[GLCLC text removed],有,Attracted,EVAL,11370.0,87.12,Attracted,Yes,1.0,Functional,,,
S_I_M_YGEU_UZ_3,YGEU_UZ,S,L2,UZ,TK,[GLCLC text removed],有,Attracted,EVAL,11370.0,87.12,Attracted,Yes,1.0,Functional,,,
S_I_M_YGEU_UZ_3,YGEU_UZ,S,L2,UZ,TK,[GLCLC text removed],有,Attracted,EVAL,11370.0,87.12,Attracted,Yes,1.0,Functional,,,
W_I_M_RKHF_VN_1,RKHF_VN,W,L2,VN,VN,[GLCLC text removed],有,Attracted,EVAL,11370.0,87.12,Attracted,Yes,1.0,Functional,,,
W_I_M_DYSR_JP,DYSR_JP,W,L2,JP,JP,[GLCLC text removed],有,Attracted,EVAL,11370.0,87.12,Attracted,Yes,1.0,Functional,,,
W_I_F_MDN_KZ_1,MDN_KZ,W,L2,KZ,TK,[GLCLC text removed],有,Attracted,EVAL,11370.0,87.12,Attracted,Yes,1.0,Functional,,,
W_I_M_HLH_TH_5,HLH_TH,W,L2,TH,TH,[GLCLC text removed],有,Attracted,EVAL,11370.0,87.12,Attracted,Yes,1.0,Functional,,,
W_I_M_HLH_TH_5,HLH_TH,W,L2,TH,TH,[GLCLC text removed],有,Attracted,EVAL,11370.0,87.12,Attracted,Yes,1.0,Functional,,,
W_I_M_CHAL_ID,CHAL_ID,W,L2,ID,Other,[GLCLC text removed],有,Attracted,EVAL,11370.0,87.12,Attracted,Yes,1.0,Functional,,,
W_I_M_MWH_VE_1,MWH_VE,W,L2,VE,ES,[GLCLC text removed],有,Attracted,EVAL,11370.0,87.12,Attracted,Yes,1.0,Functional,,,
W_I_M_ZYG_VE_4,ZYG_VE,W,L2,VE,ES,[GLCLC text removed],有,Attracted,EVAL,11370.0,87.12,Attracted,Yes,1.0,Functional,,,
W_I_M_LDYI_KR_4,LDYI_KR,W,L2,KR,KR,[GLCLC text removed],有,Attracted,EVAL,11370.0,87.12,Attracted,Yes,1.0,Functional,,,
W_I_F_ZYJA_TH_8,ZYJA_TH,W,L2,TH,TH,[GLCLC text removed],有,Attracted,EVAL,11370.0,87.12,Attracted,Yes,1.0,Functional,,,
W_I_F_SZYI_KR_3,SZYI_KR,W,L2,KR,KR,[GLCLC text removed],有,Attracted,EVAL,11370.0,87.12,Attracted,Yes,1.0,Functional,,,
W_I_F_QYX_KR_5,QYX_KR,W,L2,KR,KR,[GLCLC text removed],有,Attracted,EVAL,11370.0,87.12,Attracted,Yes,1.0,Functional,,,
W_I_F_CAMLG_TH_1,CAMLG_TH,W,L2,TH,TH,[GLCLC text removed],有,Attracted,EVAL,11370.0,87.12,Attracted,Yes,1.0,Functional,,,
W_I_F_NLSA_KG_3,NLSA_KG,W,L2,KG,TK,[GLCLC text removed],有,Attracted,EVAL,11370.0,87.12,Attracted,Yes,1.0,Functional,,,
W_I_F_BYL_BR_3,BYL_BR,W,L2,BR,PT,[GLCLC text removed],有,Attracted,EVAL,11370.0,87.12,Attracted,Yes,1.0,Functional,,,
W_I_F_LCL_KR_4,LCL_KR,W,L2,KR,KR,[GLCLC text removed],有,Attracted,EVAL,11370.0,87.12,Attracted,Yes,1.0,Functional,,,
W_I_F_PRL_KR_3,PRL_KR,W,L2,KR,KR,[GLCLC text removed],有,Attracted,EVAL,11370.0,87.12,Attracted,Yes,1.0,Functional,,,
W_I_F_QYX_KR_4,QYX_KR,W,L2,KR,KR,[GLCLC text removed],有,Attracted,EVAL,11370.0,87.12,Attracted,Yes,1.0,Functional,,,
W_I_F_ZXLI_TH_8,ZXLI_TH,W,L2,TH,TH,[GLCLC text removed],有,Attracted,EVAL,11370.0,87.12,Attracted,Yes,1.0,Functional,,,
W_I_F_CHL_TH_1,CHL_TH,W,L2,TH,TH,[GLCLC text removed],有,Attracted,EVAL,11370.0,87.12,Attracted,Yes,1.0,Functional,,,
S_I_F_JDYI_KR+I_,JDYI_KR,S,L2,KR,KR,[GLCLC text removed],有,Attracted,EVAL,11370.0,87.12,Attracted,Yes,1.0,Functional,,,
S_I_F_MLY_RU_2,MLY_RU,S,L2,RU,RU,[GLCLC text removed],有,Attracted,EVAL,11370.0,87.12,Attracted,Yes,1.0,Functional,,,
S_I_F_MLY_RU_2,MLY_RU,S,L2,RU,RU,[GLCLC text removed],有,Attracted,EVAL,11370.0,87.12,Attracted,Yes,1.0,Functional,,,
S_I_F_MLY_RU_2,MLY_RU,S,L2,RU,RU,[GLCLC text removed],有,Attracted,EVAL,11370.0,87.12,Attracted,Yes,1.0,Functional,,,
S_I_F_SF_RU_6,SF_RU,S,L2,RU,RU,[GLCLC text removed],有,Attracted,EVAL,11370.0,87.12,Attracted,Yes,1.0,Functional,,,
S_I_F_SF_RU_6,SF_RU,S,L2,RU,RU,[GLCLC text removed],有,Attracted,EVAL,11370.0,87.12,Attracted,Yes,1.0,Functional,,,
S_I_F_ZYY_VE_3,ZYY_VE,S,L2,VE,ES,[GLCLC text removed],有,Attracted,EVAL,11370.0,87.12,Attracted,Yes,1.0,Functional,,,
W_I_M_ZZY_KR_2,ZZY_KR,W,L2,KR,KR,[GLCLC text removed],有,Attracted,EVAL,11370.0,87.12,Attracted,Yes,1.0,Functional,,,
W_I_M_PDL_BR,PDL_BR,W,L2,BR,PT,[GLCLC text removed],有,Attracted,EVAL,11370.0,87.12,Attracted,Yes,1.0,Functional,,,
W_I_F_CMY_VN,CMY_VN,W,L2,VN,VN,[GLCLC text removed],有,Attracted,EVAL,11370.0,87.12,Attracted,Yes,1.0,Functional,,,
W_I_M_LMHA_TH,LMHA_TH,W,L2,TH,TH,[GLCLC text removed],有,Attracted,EVAL,11370.0,87.12,Attracted,Yes,1.0,Functional,,,
W_I_M_LC_TH_1,LC_TH,W,L2,TH,TH,[GLCLC text removed],有,Attracted,EVAL,11370.0,87.12,Attracted,Yes,1.0,Functional,,,
W_I_F_JZUE_KR_4,JZUE_KR,W,L2,KR,KR,[GLCLC text removed],有,Attracted,EVAL,11370.0,87.12,Attracted,Yes,1.0,Functional,,,
W_I_F_SZYI_KR_1,SZYI_KR,W,L2,KR,KR,[GLCLC text removed],有,Attracted,EVAL,11370.0,87.12,Attracted,Yes,1.0,Functional,,,
W_I_F_JRY_KR_2,JRY_KR,W,L2,KR,KR,[GLCLC text removed],有,Attracted,EVAL,11370.0,87.12,Attracted,Yes,1.0,Functional,,,
S_I_M_MHMAD_TJ,MHMAD_TJ,S,L2,TJ,Other,[GLCLC text removed],有,Attracted,EVAL,11370.0,87.12,Attracted,Yes,1.0,Functional,,,
W_I_F_JZUE_KR_1,JZUE_KR,W,L2,KR,KR,[GLCLC text removed],有,Attracted,EVAL,11370.0,87.12,Attracted,Yes,1.0,Functional,,,
W_I_F_NDS_RU_3,NDS_RU,W,L2,RU,RU,[GLCLC text removed],有,Attracted,EVAL,11370.0,87.12,Attracted,Yes,1.0,Functional,,,
S_I_F_LXB_KR_3,LXB_KR,S,L2,KR,KR,[GLCLC text removed],有,Attracted,EVAL,11370.0,87.12,Attracted,Yes,1.0,Functional,,,
W_I_F_QFM_KR_13,QFM_KR,W,L2,KR,KR,[GLCLC text removed],有,Attracted,EVAL,11370.0,77.85,Attracted,Yes,1.0,Functional,,,
W_I_M_SSXN_KR,SSXN_KR,W,L2,KR,KR,[GLCLC text removed],有,Attracted,EVAL,11370.0,87.12,Attracted,Yes,1.0,Functional,,,
W_I_F_DFH_TH_5,DFH_TH,W,L2,TH,TH,[GLCLC text removed],有,Attracted,EVAL,11370.0,87.12,Attracted,Yes,1.0,Functional,,,
W_I_F_ZTT_TH_3,ZTT_TH,W,L2,TH,TH,[GLCLC text removed],有,Attracted,EVAL,11370.0,87.12,Attracted,Yes,1.0,Functional,,,
W_I_F_CQH_VN,CQH_VN,W,L2,VN,VN,[GLCLC text removed],有,Attracted,EVAL,11370.0,87.12,Attracted,Yes,1.0,Functional,,,
S_I_F_LLX_KR,LLX_KR,S,L2,KR,KR,[GLCLC text removed],有,Attracted,EVAL,11370.0,87.12,Attracted,Yes,1.0,Functional,,,
W_I_M_LC_TH_1,LC_TH,W,L2,TH,TH,[GLCLC text removed],有,Attracted,EVAL,11370.0,87.12,Attracted,Yes,1.0,Functional,,,
W_I_M_ADH_RU_2,ADH_RU,W,L2,RU,RU,[GLCLC text removed],有,Attracted,EVAL,11370.0,77.85,Attracted,Yes,1.0,Functional,,,
W_I_F_SJZB_JP_3,SJZB_JP,W,L2,JP,JP,[GLCLC text removed],有,Attracted,EVAL,11370.0,77.85,Attracted,Yes,1.0,Functional,,,
W_I_F_PRL_KR_3,PRL_KR,W,L2,KR,KR,[GLCLC text removed],有,Attracted,EVAL,11370.0,77.85,Attracted,Yes,1.0,Functional,,,
W_I_F_JRY_KR_3,JRY_KR,W,L2,KR,KR,[GLCLC text removed],有,Attracted,EVAL,11370.0,77.85,Attracted,Yes,1.0,Functional,,,
W_I_F_JJB_KR_7,JJB_KR,W,L2,KR,KR,[GLCLC text removed],有,Attracted,EVAL,11370.0,87.12,Attracted,Yes,1.0,Functional,,,
W_I_F_LZSA_KR_4,LZSA_KR,W,L2,KR,KR,[GLCLC text removed],有,Attracted,EVAL,11370.0,77.85,Attracted,Yes,1.0,Functional,,,
W_I_F_WAL_EE_2,WAL_EE,W,L2,EE,Other,[GLCLC text removed],有,Attracted,EVAL,11370.0,77.85,Attracted,Yes,1.0,Functional,,,
W_I_F_LZYI_KR_3,LZYI_KR,W,L2,KR,KR,[GLCLC text removed],有,Attracted,EVAL,11370.0,77.85,Attracted,Yes,1.0,Functional,,,
W_I_F_JML_KR_2,JML_KR,W,L2,KR,KR,[GLCLC text removed],有,Attracted,EVAL,11370.0,77.85,Attracted,Yes,1.0,Functional,,,
W_I_F_JZUE_KR_5,JZUE_KR,W,L2,KR,KR,[GLCLC text removed],有,Attracted,EVAL,11370.0,77.85,Attracted,Yes,1.0,Functional,,,
S_I_F_JAML_TH,JAML_TH,S,L2,TH,TH,[GLCLC text removed],有,Attracted,EVAL,11370.0,87.12,Attracted,Yes,1.0,Functional,,,
S_I_M_KD_EG_3,KD_EG,S,L2,EG,AR,[GLCLC text removed],有,Attracted,EVAL,11370.0,87.12,Attracted,Yes,1.0,Functional,,,
W_I_F_JYU_KZ_1,JYU_KZ,W,L2,KZ,TK,[GLCLC text removed],说,Attracted,DA,63257.0,385.55,Attracted,No,1.0,Communication,,,
W_I_M_MSA_RU,MSA_RU,W,L2,RU,RU,[GLCLC text removed],清楚,Repelled,MS,136.0,5.56,Attracted,Yes,2.0,Psych,,,
W_I_M_MSA_RU,MSA_RU,W,L2,RU,RU,[GLCLC text removed],清楚,Repelled,MS,136.0,5.56,Attracted,Yes,2.0,Psych,,,
W_I_M_CXD_KR_1,CXD_KR,W,L2,KR,KR,[GLCLC text removed],温和,Attracted,DISP,14.0,0.0,Repelled,Yes,5.0,Manner,,,
W_I_M_WJH_TH_1,WJH_TH,W,L2,TH,TH,[GLCLC text removed],满意,Attracted,MS,1602.0,25.95,Attracted,Yes,2.0,Psych,,,
S_I_M_ADH_RU_3,ADH_RU,S,L2,RU,RU,[GLCLC text removed],满意,Attracted,MS,1602.0,25.95,Attracted,Yes,2.0,Psych,,,
S_I_M_ADH_RU_3,ADH_RU,S,L2,RU,RU,[GLCLC text removed],满意,Attracted,MS,1602.0,25.95,Attracted,Yes,2.0,Psych,,,
S_I_M_WYMU_SD_3,WYMU_SD,S,L2,SD,AR,[GLCLC text removed],满意,Attracted,MS,1602.0,25.95,Attracted,Yes,2.0,Psych,,,
W_I_M_ZCS_TH,ZCS_TH,W,L2,TH,TH,[GLCLC text removed],满意,Attracted,MS,1602.0,25.95,Attracted,Yes,2.0,Psych,,,
W_I_F_NSJB_RU_2,NSJB_RU,W,L2,RU,RU,[GLCLC text removed],满意,Attracted,MS,1602.0,25.95,Attracted,Yes,2.0,Psych,,,
W_I_M_WJH_TH_1,WJH_TH,W,L2,TH,TH,[GLCLC text removed],满意,Attracted,MS,1602.0,25.95,Attracted,Yes,2.0,Psych,,,
W_I_F_LXHU_KR_6,LXHU_KR,W,L2,KR,KR,[GLCLC text removed],满意,Attracted,MS,1602.0,25.95,Attracted,Yes,2.0,Psych,,,
W_I_F_MDN_KZ_1,MDN_KZ,W,L2,KZ,TK,[GLCLC text removed],满意,Attracted,MS,1602.0,25.95,Attracted,Yes,2.0,Psych,,,
W_I_F_WHY_TH,WHY_TH,W,L2,TH,TH,[GLCLC text removed],满意,Attracted,MS,1602.0,25.95,Attracted,Yes,2.0,Psych,,,
W_I_F_YTQZ_JP_1,YTQZ_JP,W,L2,JP,JP,[GLCLC text removed],满意,Attracted,MS,1602.0,25.95,Attracted,Yes,2.0,Psych,,,
W_I_F_LZSA_KR_1,LZSA_KR,W,L2,KR,KR,[GLCLC text removed],满意,Attracted,MS,1602.0,25.95,Attracted,Yes,2.0,Psych,,,
W_I_F_JZIE_KR_1,JZIE_KR,W,L2,KR,KR,[GLCLC text removed],满意,Attracted,MS,1602.0,25.95,Attracted,Yes,2.0,Psych,,,
W_I_F_JZJN_KR,JZJN_KR,W,L2,KR,KR,[GLCLC text removed],满意,Attracted,MS,1602.0,25.95,Attracted,Yes,2.0,Psych,,,
W_I_F_PL_KR,PL_KR,W,L2,KR,KR,[GLCLC text removed],满意,Attracted,MS,1602.0,25.95,Attracted,Yes,2.0,Psych,,,
W_I_M_ADH_RU_3,ADH_RU,W,L2,RU,RU,[GLCLC text removed],满意,Attracted,MS,1602.0,25.95,Attracted,Yes,2.0,Psych,,,
W_I_F_MDN_KZ_3,MDN_KZ,W,L2,KZ,TK,[GLCLC text removed],满意,Attracted,MS,1602.0,25.95,Attracted,Yes,2.0,Psych,,,
W_I_F_XH_KG_2,XH_KG,W,L2,KG,TK,[GLCLC text removed],满意,Attracted,MS,1602.0,25.95,Attracted,Yes,2.0,Psych,,,
W_I_M_ADH_RU_5,ADH_RU,W,L2,RU,RU,[GLCLC text removed],满意,Attracted,MS,1602.0,25.95,Attracted,Yes,2.0,Psych,,,
W_I_F_HHC_KR_1,HHC_KR,W,L2,KR,KR,[GLCLC text removed],烦恼,Repelled,MS,0.0,0.0,Repelled,Yes,3.0,Psych,,,
W_I_F_CLY_KR_2,CLY_KR,W,L2,KR,KR,[GLCLC text removed],热心,Attracted,MS,28.0,1.85,Attracted,Yes,4.0,Manner,,,
W_I_F_CLY_KR_2,CLY_KR,W,L2,KR,KR,[GLCLC text removed],热心,Attracted,MS,28.0,1.85,Attracted,Yes,4.0,Manner,,,
W_I_F_JHXI_KR_1,JHXI_KR,W,L2,KR,KR,[GLCLC text removed],热情,Attracted,DISP,75.0,5.56,Attracted,Yes,2.0,Manner,,,
W_I_F_KELA_PE_1,KELA_PE,W,L2,PE,ES,[GLCLC text removed],热情,Attracted,DISP,75.0,5.56,Attracted,Yes,2.0,Manner,,,
W_I_F_ZXLI_TH_6,ZXLI_TH,W,L2,TH,TH,[GLCLC text removed],热情,Attracted,DISP,75.0,5.56,Attracted,Yes,2.0,Manner,,,
W_I_M_BJM_AO_2,BJM_AO,W,L2,AO,PT,[GLCLC text removed],熟悉,Attracted,MS,1180.0,5.56,Attracted,Yes,3.0,Psych,,,
W_I_M_SMER_KZ_15,SMER_KZ,W,L2,KZ,TK,[GLCLC text removed],熟悉,Attracted,MS,1180.0,5.56,Attracted,Yes,3.0,Psych,,,
W_I_M_ZJX_VE_4,ZJX_VE,W,L2,VE,ES,[GLCLC text removed],熟悉,Attracted,MS,1180.0,5.56,Attracted,Yes,3.0,Psych,,,
W_I_F_PRL_KR_3,PRL_KR,W,L2,KR,KR,[GLCLC text removed],熟悉,Attracted,MS,1180.0,5.56,Attracted,Yes,3.0,Psych,,,
W_I_F_QFM_KR_8,QFM_KR,W,L2,KR,KR,[GLCLC text removed],特别,Repelled,EVAL,1.0,0.0,Repelled,No,2.0,Attribute,,,
W_I_F_QFM_KR_8,QFM_KR,W,L2,KR,KR,[GLCLC text removed],特别,Repelled,EVAL,1.0,0.0,Repelled,No,2.0,Attribute,,,
S_I_M_WYMU_SD_4,WYMU_SD,S,L2,SD,AR,[GLCLC text removed],不理,Repelled,MS,30.0,0.0,Repelled,Yes,6.0,Psych,,,
S_I_M_AMT_TJ,AMT_TJ,S,L2,TJ,Other,[GLCLC text removed],理解,Attracted,MS,390.0,16.68,Repelled,No,3.0,Psych,,,
S_I_M_LMA_PT,LMA_PT,S,L2,PT,PT,[GLCLC text removed],理解,Attracted,MS,390.0,16.68,Repelled,No,3.0,Psych,,,
W_I_M_SZB_KR,SZB_KR,W,L2,KR,KR,[GLCLC text removed],理解,Attracted,MS,390.0,16.68,Repelled,No,3.0,Psych,,,
W_I_F_YLLY_RU_1,YLLY_RU,W,L2,RU,RU,[GLCLC text removed],留意,Attracted,MS,51.0,0.0,Repelled,Yes,6.0,Psych,,,
W_I_F_ZTT_TH_3,ZTT_TH,W,L2,TH,TH,[GLCLC text removed],知道,Repelled,MS,492.0,1.85,Repelled,No,1.0,Psych,,,
W_I_F_JZP_CN_1,JZP_CN,W,L2,CN,Other,[GLCLC text removed],笑,Attracted,DA,3380.0,3.71,Attracted,No,2.0,Physical,,,
W_I_F_JZP_CN_2,JZP_CN,W,L2,CN,Other,[GLCLC text removed],笑,Attracted,DA,3380.0,3.71,Attracted,No,2.0,Physical,,,
W_I_F_KELA_PE_3,KELA_PE,W,L2,PE,ES,[GLCLC text removed],耐心,Repelled,DISP,5.0,0.0,Repelled,Yes,4.0,Manner,,,
S_I_F_PRL_KR_2,PRL_KR,S,L2,KR,KR,[GLCLC text removed],表白,Attracted,DA,126.0,0.0,Repelled,No,3.0,Communication,,,
W_I_F_JZXIU_KR_1,JZXIU_KR,W,L2,KR,KR,[GLCLC text removed],表示,Attracted,DA,5528.0,7.41,Attracted,No,3.0,Communication,,,
W_I_F_LQQ_TH_1,LQQ_TH,W,L2,TH,TH,[GLCLC text removed],表示,Attracted,DA,5528.0,7.41,Attracted,No,3.0,Communication,,,
W_I_F_JHXI_KR_2,JHXI_KR,W,L2,KR,KR,[GLCLC text removed],要求,Attracted,DA,23.0,5.56,Attracted,No,2.0,Communication,,,
W_I_F_KLSDN_RU,KLSDN_RU,W,L2,RU,RU,[GLCLC text removed],要求,Attracted,MS,708.0,0.0,Attracted,No,2.0,Psych,,,
W_I_F_YYL_TH_1,YYL_TH,W,L2,TH,TH,[GLCLC text removed],觉得,Repelled,MS,388.0,0.0,Repelled,No,1.0,Psych,,,
S_I_F_AMI_GN_5,AMI_GN,S,L2,GN,EN,[GLCLC text removed],说,Attracted,DA,63257.0,385.55,Attracted,No,1.0,Communication,,,
S_I_F_AMI_GN_5,AMI_GN,S,L2,GN,EN,[GLCLC text removed],说,Attracted,DA,63257.0,385.55,Attracted,No,1.0,Communication,,,
S_I_F_ASHA_CG_4,ASHA_CG,S,L2,CG,FR,[GLCLC text removed],说,Attracted,DA,63257.0,385.55,Attracted,No,1.0,Communication,,,
S_I_F_ASHA_CG_4,ASHA_CG,S,L2,CG,FR,[GLCLC text removed],说,Attracted,DA,63257.0,385.55,Attracted,No,1.0,Communication,,,
S_I_F_FLS_GQ,FLS_GQ,S,L2,GQ,ES,[GLCLC text removed],说,Attracted,DA,63257.0,385.55,Attracted,No,1.0,Communication,,,
S_I_F_FLS_GQ,FLS_GQ,S,L2,GQ,ES,[GLCLC text removed],说,Attracted,DA,63257.0,385.55,Attracted,No,1.0,Communication,,,
S_I_F_FLS_GQ,FLS_GQ,S,L2,GQ,ES,[GLCLC text removed],说,Attracted,DA,63257.0,385.55,Attracted,No,1.0,Communication,,,
S_I_F_KLDY_CO_3,KLDY_CO,S,L2,CO,ES,[GLCLC text removed],说,Attracted,DA,63257.0,385.55,Attracted,No,1.0,Communication,,,
S_I_F_KLDY_CO_3,KLDY_CO,S,L2,CO,ES,[GLCLC text removed],说,Attracted,DA,63257.0,385.55,Attracted,No,1.0,Communication,,,
S_I_F_LCL_KR_3,LCL_KR,S,L2,KR,KR,[GLCLC text removed],说,Attracted,DA,63257.0,385.55,Attracted,No,1.0,Communication,,,
S_I_F_LZA_KR,LZA_KR,S,L2,KR,KR,[GLCLC text removed],说,Attracted,DA,63257.0,385.55,Attracted,No,1.0,Communication,,,
S_I_F_LZA_KR,LZA_KR,S,L2,KR,KR,[GLCLC text removed],说,Attracted,DA,63257.0,385.55,Attracted,No,1.0,Communication,,,
S_I_F_LZA_KR,LZA_KR,S,L2,KR,KR,[GLCLC text removed],说,Attracted,DA,63257.0,385.55,Attracted,No,1.0,Communication,,,
S_I_F_LZA_KR,LZA_KR,S,L2,KR,KR,[GLCLC text removed],说,Attracted,DA,63257.0,385.55,Attracted,No,1.0,Communication,,,
S_I_F_LZM_KR,LZM_KR,S,L2,KR,KR,[GLCLC text removed],说,Attracted,DA,63257.0,385.55,Attracted,No,1.0,Communication,,,
S_I_F_LZM_KR,LZM_KR,S,L2,KR,KR,[GLCLC text removed],说,Attracted,DA,63257.0,385.55,Attracted,No,1.0,Communication,,,
S_I_F_NLSA_KG_1,NLSA_KG,S,L2,KG,TK,[GLCLC text removed],说,Attracted,DA,63257.0,385.55,Attracted,No,1.0,Communication,,,
S_I_F_PML_CG_2,PML_CG,S,L2,CG,FR,[GLCLC text removed],说,Attracted,DA,63257.0,385.55,Attracted,No,1.0,Communication,,,
S_I_F_PML_CG_2,PML_CG,S,L2,CG,FR,[GLCLC text removed],说,Attracted,DA,63257.0,385.55,Attracted,No,1.0,Communication,,,
S_I_F_PML_CG_2,PML_CG,S,L2,CG,FR,[GLCLC text removed],说,Attracted,DA,63257.0,385.55,Attracted,No,1.0,Communication,,,
S_I_F_PSY_KR,PSY_KR,S,L2,KR,KR,[GLCLC text removed],说,Attracted,DA,63257.0,385.55,Attracted,No,1.0,Communication,,,
S_I_M_AILAN_PK_3,AILAN_PK,S,L2,PK,Other,[GLCLC text removed],说,Attracted,DA,63257.0,385.55,Attracted,No,1.0,Communication,,,
S_I_M_AMU_YE,AMU_YE,S,L2,YE,AR,[GLCLC text removed],说,Attracted,DA,63257.0,385.55,Attracted,No,1.0,Communication,,,
S_I_M_GQQG_JP_2,GQQG_JP,S,L2,JP,JP,[GLCLC text removed],说,Attracted,DA,63257.0,385.55,Attracted,No,1.0,Communication,,,
S_I_M_GQQG_JP_2,GQQG_JP,S,L2,JP,JP,[GLCLC text removed],说,Attracted,DA,63257.0,385.55,Attracted,No,1.0,Communication,,,
S_I_M_HRZ_MG,HRZ_MG,S,L2,MG,Other,[GLCLC text removed],说,Attracted,DA,63257.0,385.55,Attracted,No,1.0,Communication,,,
S_I_M_HRZ_MG,HRZ_MG,S,L2,MG,Other,[GLCLC text removed],说,Attracted,DA,63257.0,385.55,Attracted,No,1.0,Communication,,,
S_I_M_KD_EG_3,KD_EG,S,L2,EG,AR,[GLCLC text removed],说,Attracted,DA,63257.0,385.55,Attracted,No,1.0,Communication,,,
S_I_M_KD_EG_3,KD_EG,S,L2,EG,AR,[GLCLC text removed],说,Attracted,DA,63257.0,385.55,Attracted,No,1.0,Communication,,,
S_I_M_KD_EG_3,KD_EG,S,L2,EG,AR,[GLCLC text removed],说,Attracted,DA,63257.0,385.55,Attracted,No,1.0,Communication,,,
S_I_M_XLH_TJ,XLH_TJ,S,L2,TJ,Other,[GLCLC text removed],说,Attracted,DA,63257.0,385.55,Attracted,No,1.0,Communication,,,
S_I_M_XR_JP,XR_JP,S,L2,JP,JP,[GLCLC text removed],说,Attracted,EVAL,1.0,385.55,Attracted,No,1.0,Communication,,,
S_I_F_AHY_KR_3,AHY_KR,S,L2,KR,KR,[GLCLC text removed],说,Attracted,DA,63257.0,385.55,Attracted,No,1.0,Communication,,,
S_I_F_AHY_KR_3,AHY_KR,S,L2,KR,KR,[GLCLC text removed],说,Attracted,DA,63257.0,385.55,Attracted,No,1.0,Communication,,,
S_I_F_CLY_KR,CLY_KR,S,L2,KR,KR,[GLCLC text removed],说,Attracted,DA,63257.0,385.55,Attracted,No,1.0,Communication,,,
S_I_F_CLY_KR,CLY_KR,S,L2,KR,KR,[GLCLC text removed],说,Attracted,DA,63257.0,385.55,Attracted,No,1.0,Communication,,,
S_I_F_DLYH_RU_3,DLYH_RU,S,L2,RU,RU,[GLCLC text removed],说,Attracted,DA,63257.0,385.55,Attracted,No,1.0,Communication,,,
S_I_F_DLYH_RU_3,DLYH_RU,S,L2,RU,RU,[GLCLC text removed],说,Attracted,DA,63257.0,385.55,Attracted,No,1.0,Communication,,,
S_I_F_JHXI_KR_4,JHXI_KR,S,L2,KR,KR,[GLCLC text removed],说,Attracted,DA,63257.0,385.55,Attracted,No,1.0,Communication,,,
S_I_F_JHXI_KR_4,JHXI_KR,S,L2,KR,KR,[GLCLC text removed],说,Attracted,DA,63257.0,385.55,Attracted,No,1.0,Communication,,,
S_I_F_LXB_KR_3,LXB_KR,S,L2,KR,KR,[GLCLC text removed],说,Attracted,DA,63257.0,385.55,Attracted,No,1.0,Communication,,,
S_I_F_LXB_KR_3,LXB_KR,S,L2,KR,KR,[GLCLC text removed],说,Attracted,DA,63257.0,385.55,Attracted,No,1.0,Communication,,,
S_I_F_NSJP_RU_3,NSJP_RU,S,L2,RU,RU,[GLCLC text removed],说,Attracted,DA,63257.0,385.55,Attracted,No,1.0,Communication,,,
S_I_F_NSJP_RU_3,NSJP_RU,S,L2,RU,RU,[GLCLC text removed],说,Attracted,DA,63257.0,385.55,Attracted,No,1.0,Communication,,,
S_I_F_NSJP_RU_3,NSJP_RU,S,L2,RU,RU,[GLCLC text removed],说,Attracted,DA,63257.0,385.55,Attracted,No,1.0,Communication,,,
S_I_F_QZY_KR_4,QZY_KR,S,L2,KR,KR,[GLCLC text removed],说,Attracted,DA,63257.0,385.55,Attracted,No,1.0,Communication,,,
S_I_F_QZY_KR_4,QZY_KR,S,L2,KR,KR,[GLCLC text removed],说,Attracted,DA,63257.0,385.55,Attracted,No,1.0,Communication,,,
S_I_F_SF_RU_6,SF_RU,S,L2,RU,RU,[GLCLC text removed],说,Attracted,EVAL,1.0,385.55,Attracted,No,1.0,Communication,,,
S_I_F_SF_RU_6,SF_RU,S,L2,RU,RU,[GLCLC text removed],说,Attracted,DA,63257.0,385.55,Attracted,No,1.0,Communication,,,
S_I_F_TSI_ET_5,TSI_ET,S,L2,ET,Other,[GLCLC text removed],说,Attracted,DA,63257.0,385.55,Attracted,No,1.0,Communication,,,
S_I_F_TSI_ET_5,TSI_ET,S,L2,ET,Other,[GLCLC text removed],说,Attracted,DA,63257.0,385.55,Attracted,No,1.0,Communication,,,
S_I_F_TSI_ET_5,TSI_ET,S,L2,ET,Other,[GLCLC text removed],说,Attracted,DA,63257.0,385.55,Attracted,No,1.0,Communication,,,
S_I_F_XYY_TH_4,XYY_TH,S,L2,TH,TH,[GLCLC text removed],说,Attracted,DA,63257.0,385.55,Attracted,No,1.0,Communication,,,
S_I_F_XYY_TH_4,XYY_TH,S,L2,TH,TH,[GLCLC text removed],说,Attracted,DA,63257.0,385.55,Attracted,No,1.0,Communication,,,
S_I_F_ZLYE_RU_3,ZLYE_RU,S,L2,RU,RU,[GLCLC text removed],说,Attracted,DA,63257.0,385.55,Attracted,No,1.0,Communication,,,
S_I_M_WYMU_SD_3,WYMU_SD,S,L2,SD,AR,[GLCLC text removed],说,Attracted,DA,63257.0,385.55,Attracted,No,1.0,Communication,,,
S_I_M_WYMU_SD_3,WYMU_SD,S,L2,SD,AR,[GLCLC text removed],说,Attracted,DA,63257.0,385.55,Attracted,No,1.0,Communication,,,
S_I_M_WYMU_SD_4,WYMU_SD,S,L2,SD,AR,[GLCLC text removed],说,Attracted,DA,63257.0,385.55,Attracted,No,1.0,Communication,,,
S_I_M_WYMU_SD_4,WYMU_SD,S,L2,SD,AR,[GLCLC text removed],说,Attracted,DA,63257.0,385.55,Attracted,No,1.0,Communication,,,
S_I_M_WYMU_SD_4,WYMU_SD,S,L2,SD,AR,[GLCLC text removed],说,Attracted,DA,63257.0,385.55,Attracted,No,1.0,Communication,,,
W_I_F_YYQH_JP_1,YYQH_JP,W,L2,JP,JP,[GLCLC text removed],说,Attracted,DA,63257.0,385.55,Attracted,No,1.0,Communication,,,
W_I_M_ZHX_VE,ZHX_VE,W,L2,VE,ES,[GLCLC text removed],说,Attracted,EVAL,1.0,385.55,Attracted,No,1.0,Communication,,,
W_I_F_ALI_EE,ALI_EE,W,L2,EE,Other,[GLCLC text removed],说,Attracted,DA,63257.0,385.55,Attracted,No,1.0,Communication,,,
W_I_F_JZUE_KR_1,JZUE_KR,W,L2,KR,KR,[GLCLC text removed],说,Attracted,EVAL,1.0,385.55,Attracted,No,1.0,Communication,,,
W_I_F_JEL_KR_4,JEL_KR,W,L2,KR,KR,[GLCLC text removed],说,Attracted,DA,63257.0,385.55,Attracted,No,1.0,Communication,,,
W_I_F_KYC_RU_2,KYC_RU,W,L2,RU,RU,[GLCLC text removed],说,Attracted,DA,63257.0,385.55,Attracted,No,1.0,Communication,,,
W_I_F_LWEN_TH_2,LWEN_TH,W,L2,TH,TH,[GLCLC text removed],说,Attracted,EVAL,1.0,385.55,Attracted,No,1.0,Communication,,,
W_I_F_CXYA_KR_3,CXYA_KR,W,L2,KR,KR,[GLCLC text removed],说,Attracted,DA,63257.0,385.55,Attracted,No,1.0,Communication,,,
W_I_F_CXYA_KR_3,CXYA_KR,W,L2,KR,KR,[GLCLC text removed],说,Attracted,DA,63257.0,385.55,Attracted,No,1.0,Communication,,,
W_I_F_CXYA_KR_3,CXYA_KR,W,L2,KR,KR,[GLCLC text removed],说,Attracted,DA,63257.0,385.55,Attracted,No,1.0,Communication,,,
W_I_F_JXJ_KR_3,JXJ_KR,W,L2,KR,KR,[GLCLC text removed],说,Attracted,DA,63257.0,385.55,Attracted,No,1.0,Communication,,,
W_I_F_JXJ_KR_3,JXJ_KR,W,L2,KR,KR,[GLCLC text removed],说,Attracted,DA,63257.0,385.55,Attracted,No,1.0,Communication,,,
W_I_F_SHZ_KR_2,SHZ_KR,W,L2,KR,KR,[GLCLC text removed],说,Attracted,DA,63257.0,385.55,Attracted,No,1.0,Communication,,,
W_I_M_ZJX_VE_3,ZJX_VE,W,L2,VE,ES,[GLCLC text removed],说,Attracted,DA,63257.0,385.55,Attracted,No,1.0,Communication,,,
W_I_M_ZJX_VE_3,ZJX_VE,W,L2,VE,ES,[GLCLC text removed],说,Attracted,DA,63257.0,385.55,Attracted,No,1.0,Communication,,,
W_I_M_ZJX_VE_3,ZJX_VE,W,L2,VE,ES,[GLCLC text removed],说,Attracted,DA,63257.0,385.55,Attracted,No,1.0,Communication,,,
W_I_F_AHY_KR_1,AHY_KR,W,L2,KR,KR,[GLCLC text removed],说,Attracted,DA,63257.0,385.55,Attracted,No,1.0,Communication,,,
W_I_F_AHY_KR_1,AHY_KR,W,L2,KR,KR,[GLCLC text removed],说,Attracted,DA,63257.0,385.55,Attracted,No,1.0,Communication,,,
W_I_F_AMI_GN_5,AMI_GN,W,L2,GN,EN,[GLCLC text removed],说,Attracted,DA,63257.0,385.55,Attracted,No,1.0,Communication,,,
W_I_F_JHXI_KR_3,JHXI_KR,W,L2,KR,KR,[GLCLC text removed],说,Attracted,DA,63257.0,385.55,Attracted,No,1.0,Communication,,,
W_I_F_SF_RU_5,SF_RU,W,L2,RU,RU,[GLCLC text removed],说,Attracted,DA,63257.0,385.55,Attracted,No,1.0,Communication,,,
W_I_F_ZJJ_KR,ZJJ_KR,W,L2,KR,KR,[GLCLC text removed],说,Attracted,DA,63257.0,385.55,Attracted,No,1.0,Communication,,,
W_I_M_PZH_KR,PZH_KR,W,L2,KR,KR,[GLCLC text removed],说,Attracted,DA,63257.0,385.55,Attracted,No,1.0,Communication,,,
W_I_M_YTHZ_JP,YTHZ_JP,W,L2,JP,JP,[GLCLC text removed],说,Attracted,DA,63257.0,385.55,Attracted,No,1.0,Communication,,,
W_I_F_CHL_TH_3,CHL_TH,W,L2,TH,TH,[GLCLC text removed],说,Attracted,DA,63257.0,385.55,Attracted,No,1.0,Communication,,,
W_I_F_ZSM_KR_3,ZSM_KR,W,L2,KR,KR,[GLCLC text removed],说,Attracted,DA,63257.0,385.55,Attracted,No,1.0,Communication,,,
W_I_M_NE_KZ_1,NE_KZ,W,L2,KZ,TK,[GLCLC text removed],说,Attracted,EVAL,1.0,385.55,Attracted,No,1.0,Communication,,,
W_I_F_AMI_GN_3,AMI_GN,W,L2,GN,EN,[GLCLC text removed],说,Attracted,DA,63257.0,385.55,Attracted,No,1.0,Communication,,,
W_I_F_AMI_GN_3,AMI_GN,W,L2,GN,EN,[GLCLC text removed],说,Attracted,DA,63257.0,385.55,Attracted,No,1.0,Communication,,,
W_I_F_AMI_GN_3,AMI_GN,W,L2,GN,EN,[GLCLC text removed],说,Attracted,DA,63257.0,385.55,Attracted,No,1.0,Communication,,,
W_I_F_HRC_DE,HRC_DE,W,L2,DE,Other,[GLCLC text removed],说,Attracted,DA,63257.0,385.55,Attracted,No,1.0,Communication,,,
W_I_M_LZL_ES,LZL_ES,W,L2,ES,ES,[GLCLC text removed],说,Attracted,DA,63257.0,385.55,Attracted,No,1.0,Communication,,,
W_I_M_MZ_GN,MZ_GN,W,L2,GN,EN,[GLCLC text removed],说,Attracted,DA,63257.0,385.55,Attracted,No,1.0,Communication,,,
W_I_F_JML_KR_1,JML_KR,W,L2,KR,KR,[GLCLC text removed],说,Attracted,DA,63257.0,385.55,Attracted,No,1.0,Communication,,,
W_I_F_JXZ_KR_1,JXZ_KR,W,L2,KR,KR,[GLCLC text removed],说,Attracted,DA,63257.0,385.55,Attracted,No,1.0,Communication,,,
W_I_F_LXJ_KR_1,LXJ_KR,W,L2,KR,KR,[GLCLC text removed],说,Attracted,DA,63257.0,385.55,Attracted,No,1.0,Communication,,,
W_I_F_PZP_KR_1,PZP_KR,W,L2,KR,KR,[GLCLC text removed],说,Attracted,DA,63257.0,385.55,Attracted,No,1.0,Communication,,,
W_I_F_QJZU_KR_1,QJZU_KR,W,L2,KR,KR,[GLCLC text removed],说,Attracted,DA,63257.0,385.55,Attracted,No,1.0,Communication,,,
W_I_F_WML_KR_1,WML_KR,W,L2,KR,KR,[GLCLC text removed],说,Attracted,DA,63257.0,385.55,Attracted,No,1.0,Communication,,,
W_I_F_JYS_KR,JYS_KR,W,L2,KR,KR,[GLCLC text removed],说,Attracted,DA,63257.0,385.55,Attracted,No,1.0,Communication,,,
W_I_F_JYS_KR,JYS_KR,W,L2,KR,KR,[GLCLC text removed],说,Attracted,DA,63257.0,385.55,Attracted,No,1.0,Communication,,,
W_I_F_ZML_TH_1,ZML_TH,W,L2,TH,TH,[GLCLC text removed],说,Attracted,DA,63257.0,385.55,Attracted,No,1.0,Communication,,,
W_I_M_LWC_TH_1,LWC_TH,W,L2,TH,TH,[GLCLC text removed],说,Attracted,DA,63257.0,385.55,Attracted,No,1.0,Communication,,,
W_I_F_JDYI_KR_2,JDYI_KR,W,L2,KR,KR,[GLCLC text removed],说,Attracted,DA,63257.0,385.55,Attracted,No,1.0,Communication,,,
W_I_F_LNA_KZ_2,LNA_KZ,W,L2,KZ,TK,[GLCLC text removed],说,Attracted,DA,63257.0,385.55,Attracted,No,1.0,Communication,,,
W_I_F_MELA_TJ,MELA_TJ,W,L2,TJ,Other,[GLCLC text removed],说,Attracted,DA,63257.0,385.55,Attracted,No,1.0,Communication,,,
W_I_F_PML_CG_3,PML_CG,W,L2,CG,FR,[GLCLC text removed],说,Attracted,DA,63257.0,385.55,Attracted,No,1.0,Communication,,,
W_I_F_RXBHZ_JP,RXBHZ_JP,W,L2,JP,JP,[GLCLC text removed],说,Attracted,DA,63257.0,385.55,Attracted,No,1.0,Communication,,,
W_I_M_CYD_TH,CYD_TH,W,L2,TH,TH,[GLCLC text removed],说,Attracted,DA,63257.0,385.55,Attracted,No,1.0,Communication,,,
W_I_M_LCY_TH_1,LCY_TH,W,L2,TH,TH,[GLCLC text removed],说,Attracted,DA,63257.0,385.55,Attracted,No,1.0,Communication,,,
W_I_F_JZUE_KR_5,JZUE_KR,W,L2,KR,KR,[GLCLC text removed],说,Attracted,DA,63257.0,385.55,Attracted,No,1.0,Communication,,,
W_I_F_JZP_CN_1,JZP_CN,W,L2,CN,Other,[GLCLC text removed],说,Attracted,DA,63257.0,385.55,Attracted,No,1.0,Communication,,,
W_I_F_LHYI_VN_11,LHYI_VN,W,L2,VN,VN,[GLCLC text removed],说,Attracted,DA,63257.0,385.55,Attracted,No,1.0,Communication,,,
W_I_F_JZXIU_KR_7,JZXIU_KR,W,L2,KR,KR,[GLCLC text removed],说,Attracted,DA,63257.0,385.55,Attracted,No,1.0,Communication,,,
W_I_F_LWL_ID_4,LWL_ID,W,L2,ID,Other,[GLCLC text removed],说,Attracted,DA,63257.0,385.55,Attracted,No,1.0,Communication,,,
W_I_F_LZYA_KR_10,LZYA_KR,W,L2,KR,KR,[GLCLC text removed],说,Attracted,DA,63257.0,385.55,Attracted,No,1.0,Communication,,,
W_I_F_QBYZ_JP_1,QBYZ_JP,W,L2,JP,JP,[GLCLC text removed],说,Attracted,DA,63257.0,385.55,Attracted,No,1.0,Communication,,,
W_I_F_YR_ES_4,YR_ES,W,L2,ES,ES,[GLCLC text removed],说,Attracted,DA,63257.0,385.55,Attracted,No,1.0,Communication,,,
W_I_M_ABL_UZ_1,ABL_UZ,W,L2,UZ,TK,[GLCLC text removed],说,Attracted,DA,63257.0,385.55,Attracted,No,1.0,Communication,,,
W_I_M_SMER_KZ_5,SMER_KZ,W,L2,KZ,TK,[GLCLC text removed],说,Attracted,DA,63257.0,385.55,Attracted,No,1.0,Communication,,,
W_I_M_SMER_KZ_5,SMER_KZ,W,L2,KZ,TK,[GLCLC text removed],说,Attracted,DA,63257.0,385.55,Attracted,No,1.0,Communication,,,
W_I_M_SMER_KZ_5,SMER_KZ,W,L2,KZ,TK,[GLCLC text removed],说,Attracted,DA,63257.0,385.55,Attracted,No,1.0,Communication,,,
W_I_F_LZLA_CD_4,LZLA_CD,W,L2,CD,FR,[GLCLC text removed],说,Attracted,EVAL,1.0,385.55,Attracted,No,1.0,Communication,,,
W_I_F_LZLA_CD_4,LZLA_CD,W,L2,CD,FR,[GLCLC text removed],说,Attracted,DA,63257.0,385.55,Attracted,No,1.0,Communication,,,
W_I_F_QYX_KR_5,QYX_KR,W,L2,KR,KR,[GLCLC text removed],说,Attracted,EVAL,1.0,385.55,Attracted,No,1.0,Communication,,,
W_I_M_BALID_GN_7,BALID_GN,W,L2,GN,EN,[GLCLC text removed],说,Attracted,DA,63257.0,385.55,Attracted,No,1.0,Communication,,,
W_I_M_SMER_KZ_8,SMER_KZ,W,L2,KZ,TK,[GLCLC text removed],说,Attracted,DA,63257.0,385.55,Attracted,No,1.0,Communication,,,
W_I_F_BYL_BR_7,BYL_BR,W,L2,BR,PT,[GLCLC text removed],说,Attracted,DA,63257.0,385.55,Attracted,No,1.0,Communication,,,
W_I_M_BAOLUO_CL_,BAOLUO_CL,W,L2,CL,ES,[GLCLC text removed],说,Attracted,DA,63257.0,385.55,Attracted,No,1.0,Communication,,,
W_I_F_JZUE_KR_2,JZUE_KR,W,L2,KR,KR,[GLCLC text removed],说,Attracted,DA,63257.0,385.55,Attracted,No,1.0,Communication,,,
W_I_F_LZLA_CD_6,LZLA_CD,W,L2,CD,FR,[GLCLC text removed],说,Attracted,DA,63257.0,385.55,Attracted,No,1.0,Communication,,,
W_I_F_LZLA_CD_6,LZLA_CD,W,L2,CD,FR,[GLCLC text removed],说,Attracted,DA,63257.0,385.55,Attracted,No,1.0,Communication,,,
W_I_F_JZXIU_KR_1,JZXIU_KR,W,L2,KR,KR,[GLCLC text removed],说,Attracted,DA,63257.0,385.55,Attracted,No,1.0,Communication,,,
W_I_F_LHYI_VN_15,LHYI_VN,W,L2,VN,VN,[GLCLC text removed],说,Attracted,DA,63257.0,385.55,Attracted,No,1.0,Communication,,,
W_I_F_SSXI_KR_9,SSXI_KR,W,L2,KR,KR,[GLCLC text removed],说,Attracted,DA,63257.0,385.55,Attracted,No,1.0,Communication,,,
W_I_F_PZY_KR_3,PZY_KR,W,L2,KR,KR,[GLCLC text removed],说,Attracted,DA,63257.0,385.55,Attracted,No,1.0,Communication,,,
W_I_F_MRN_BR_9,MRN_BR,W,L2,BR,PT,[GLCLC text removed],说,Attracted,DA,63257.0,385.55,Attracted,No,1.0,Communication,,,
W_I_F_WUYM_CR_13,WUYM_CR,W,L2,CR,ES,[GLCLC text removed],说,Attracted,DA,63257.0,385.55,Attracted,No,1.0,Communication,,,
W_I_F_WUYM_CR_13,WUYM_CR,W,L2,CR,ES,[GLCLC text removed],说,Attracted,EVAL,1.0,385.55,Attracted,No,1.0,Communication,,,
W_I_F_WUYM_CR_13,WUYM_CR,W,L2,CR,ES,[GLCLC text removed],说,Attracted,DA,63257.0,385.55,Attracted,No,1.0,Communication,,,
W_I_M_HSE_PK_10,HSE_PK,W,L2,PK,Other,[GLCLC text removed],说,Attracted,DA,63257.0,385.55,Attracted,No,1.0,Communication,,,
W_I_F_XAW_ML_3,XAW_ML,W,L2,ML,FR,[GLCLC text removed],说,Attracted,DA,63257.0,385.55,Attracted,No,1.0,Communication,,,
W_I_F_JZXIU_KR_9,JZXIU_KR,W,L2,KR,KR,[GLCLC text removed],说,Attracted,DA,63257.0,385.55,Attracted,No,1.0,Communication,,,
W_I_M_LWC_TH_8,LWC_TH,W,L2,TH,TH,[GLCLC text removed],说,Attracted,DA,63257.0,385.55,Attracted,No,1.0,Communication,,,
W_I_F_PML_CG_1,PML_CG,W,L2,CG,FR,[GLCLC text removed],说,Attracted,EVAL,1.0,385.55,Attracted,No,1.0,Communication,,,
W_I_F_DFH_TH_2,DFH_TH,W,L2,TH,TH,[GLCLC text removed],说,Attracted,DA,63257.0,385.55,Attracted,No,1.0,Communication,,,
W_I_F_LZLA_CD_8,LZLA_CD,W,L2,CD,FR,[GLCLC text removed],说,Attracted,DA,63257.0,385.55,Attracted,No,1.0,Communication,,,
W_I_F_LZLA_CD_8,LZLA_CD,W,L2,CD,FR,[GLCLC text removed],说,Attracted,DA,63257.0,385.55,Attracted,No,1.0,Communication,,,
W_I_F_LZLA_CD_8,LZLA_CD,W,L2,CD,FR,[GLCLC text removed],说,Attracted,DA,63257.0,385.55,Attracted,No,1.0,Communication,,,
W_I_F_LZLA_CD_9,LZLA_CD,W,L2,CD,FR,[GLCLC text removed],说,Attracted,DA,63257.0,385.55,Attracted,No,1.0,Communication,,,
W_I_M_LMN_TH_16,LMN_TH,W,L2,TH,TH,[GLCLC text removed],说,Attracted,DA,63257.0,385.55,Attracted,No,1.0,Communication,,,
W_I_M_SMER_KZ_3,SMER_KZ,W,L2,KZ,TK,[GLCLC text removed],说,Attracted,DA,63257.0,385.55,Attracted,No,1.0,Communication,,,
W_I_M_SMER_KZ_3,SMER_KZ,W,L2,KZ,TK,[GLCLC text removed],说,Attracted,DA,63257.0,385.55,Attracted,No,1.0,Communication,,,
W_I_F_SSXI_KR_7,SSXI_KR,W,L2,KR,KR,[GLCLC text removed],说,Attracted,DA,63257.0,385.55,Attracted,No,1.0,Communication,,,
W_I_F_WUYM_CR_8,WUYM_CR,W,L2,CR,ES,[GLCLC text removed],说,Attracted,DA,63257.0,385.55,Attracted,No,1.0,Communication,,,
W_I_F_YR_ES_7,YR_ES,W,L2,ES,ES,[GLCLC text removed],说,Attracted,DA,63257.0,385.55,Attracted,No,1.0,Communication,,,
W_I_F_YR_ES_7,YR_ES,W,L2,ES,ES,[GLCLC text removed],说,Attracted,DA,63257.0,385.55,Attracted,No,1.0,Communication,,,
W_I_M_ZJX_VE_4,ZJX_VE,W,L2,VE,ES,[GLCLC text removed],说,Attracted,DA,63257.0,385.55,Attracted,No,1.0,Communication,,,
W_I_F_JZUE_KR_6,JZUE_KR,W,L2,KR,KR,[GLCLC text removed],说,Attracted,DA,63257.0,385.55,Attracted,No,1.0,Communication,,,
W_I_M_MWH_VE_5,MWH_VE,W,L2,VE,ES,[GLCLC text removed],说,Attracted,DA,63257.0,385.55,Attracted,No,1.0,Communication,,,
W_I_M_SMER_KZ_11,SMER_KZ,W,L2,KZ,TK,[GLCLC text removed],说,Attracted,DA,63257.0,385.55,Attracted,No,1.0,Communication,,,
W_I_F_AMEI_MU_3,AMEI_MU,W,L2,MU,Other,[GLCLC text removed],说,Attracted,DA,63257.0,385.55,Attracted,No,1.0,Communication,,,
W_I_F_AMEI_MU_3,AMEI_MU,W,L2,MU,Other,[GLCLC text removed],说,Attracted,DA,63257.0,385.55,Attracted,No,1.0,Communication,,,
W_I_F_JZUE_KR_8,JZUE_KR,W,L2,KR,KR,[GLCLC text removed],说,Attracted,DA,63257.0,385.55,Attracted,No,1.0,Communication,,,
W_I_M_MWH_VE_2,MWH_VE,W,L2,VE,ES,[GLCLC text removed],说,Attracted,DA,63257.0,385.55,Attracted,No,1.0,Communication,,,
W_I_F_LZYA_KR_3,LZYA_KR,W,L2,KR,KR,[GLCLC text removed],说,Attracted,DA,63257.0,385.55,Attracted,No,1.0,Communication,,,
W_I_F_LZYA_KR_3,LZYA_KR,W,L2,KR,KR,[GLCLC text removed],说,Attracted,EVAL,1.0,385.55,Attracted,No,1.0,Communication,,,
W_I_F_DFH_TH_9,DFH_TH,W,L2,TH,TH,[GLCLC text removed],说,Attracted,DA,63257.0,385.55,Attracted,No,1.0,Communication,,,
W_I_F_YY_TH_2,YY_TH,W,L2,TH,TH,[GLCLC text removed],说,Attracted,DA,63257.0,385.55,Attracted,No,1.0,Communication,,,
W_I_F_JXJ_KR_3,JXJ_KR,W,L2,KR,KR,[GLCLC text removed],说,Attracted,DA,63257.0,385.55,Attracted,No,1.0,Communication,,,
W_I_F_XYY_TH_2,XYY_TH,W,L2,TH,TH,[GLCLC text removed],起,Attracted,EVAL,2379.0,3.71,Attracted,Yes,6.0,Functional,,,
S_I_M_ABM_CM,ABM_CM,S,L2,CM,EN,[GLCLC text removed],这样,Repelled,DISP,41.0,1.85,Repelled,Yes,1.0,Manner,,,
W_I_F_LHYI_VN_1,LHYI_VN,W,L2,VN,VN,[GLCLC text removed],适应,Repelled,MS,101.0,1.85,Attracted,Yes,3.0,Psych,,,
W_I_F_SSXI_KR_1,SSXI_KR,W,L2,KR,KR,[GLCLC text removed],适应,Repelled,MS,101.0,1.85,Attracted,Yes,3.0,Psych,,,
W_I_M_ZCS_TH,ZCS_TH,W,L2,TH,TH,[GLCLC text removed],造成,Attracted,EVAL,3422.0,7.41,Attracted,Yes,4.0,Functional,,,
W_I_F_SHSA_KR,SHSA_KR,W,L2,KR,KR,[GLCLC text removed],道歉,Attracted,DA,121.0,0.0,Repelled,No,3.0,Communication,,,
W_I_F_CXYA_KR_3,CXYA_KR,W,L2,KR,KR,[GLCLC text removed],道歉,Attracted,DA,121.0,0.0,Repelled,No,3.0,Communication,,,
W_I_F_CXYA_KR_3,CXYA_KR,W,L2,KR,KR,[GLCLC text removed],道歉,Attracted,DA,121.0,0.0,Repelled,No,3.0,Communication,,,
W_I_F_QYX_KR_1,QYX_KR,W,L2,KR,KR,[GLCLC text removed],道歉,Attracted,DA,121.0,0.0,Repelled,No,3.0,Communication,,,
W_I_F_WHY_TH,WHY_TH,W,L2,TH,TH,[GLCLC text removed],那样,Repelled,DISP,6.0,0.0,Repelled,Yes,2.0,Manner,,,
W_I_F_LQQ_TH_3,LQQ_TH,W,L2,TH,TH,[GLCLC text removed],重视,Attracted,MS,1130.0,1.85,Attracted,Yes,4.0,Manner,,,
S_I_F_AMEI_MU_3,AMEI_MU,S,L2,MU,Other,[GLCLC text removed],重要,Repelled,EVAL,400.0,9.27,Attracted,Yes,2.0,Attribute,,,
S_I_F_CLY_KR,CLY_KR,S,L2,KR,KR,[GLCLC text removed],重要,Repelled,EVAL,400.0,9.27,Attracted,Yes,2.0,Attribute,,,
S_I_F_LXHU_KR_3,LXHU_KR,S,L2,KR,KR,[GLCLC text removed],重要,Repelled,EVAL,400.0,9.27,Attracted,Yes,2.0,Attribute,,,
S_I_M_HJ_RU_2,HJ_RU,S,L2,RU,RU,[GLCLC text removed],重要,Repelled,EVAL,400.0,9.27,Attracted,Yes,2.0,Attribute,,,
W_I_F_YZX_KR_1,YZX_KR,W,L2,KR,KR,[GLCLC text removed],重要,Repelled,EVAL,400.0,9.27,Attracted,Yes,2.0,Attribute,,,
W_I_F_GKA_TH_2,GKA_TH,W,L2,TH,TH,[GLCLC text removed],重要,Repelled,EVAL,400.0,9.27,Attracted,Yes,2.0,Attribute,,,
W_I_M_GQQG_JP_1,GQQG_JP,W,L2,JP,JP,[GLCLC text removed],重要,Repelled,EVAL,400.0,9.27,Attracted,Yes,2.0,Attribute,,,
W_I_M_MHMAD_TJ_3,MHMAD_TJ,W,L2,TJ,Other,[GLCLC text removed],重要,Repelled,EVAL,400.0,9.27,Attracted,Yes,2.0,Attribute,,,
W_I_F_CXZ_TH,CXZ_TH,W,L2,TH,TH,[GLCLC text removed],重要,Repelled,EVAL,400.0,9.27,Attracted,Yes,2.0,Attribute,,,
W_I_F_SF_RU_3,SF_RU,W,L2,RU,RU,[GLCLC text removed],重要,Repelled,EVAL,400.0,9.27,Attracted,Yes,2.0,Attribute,,,
W_I_F_LXJ_KR_1,LXJ_KR,W,L2,KR,KR,[GLCLC text removed],重要,Repelled,EVAL,400.0,9.27,Attracted,Yes,2.0,Attribute,,,
W_I_M_AJ_KZ_1,AJ_KZ,W,L2,KZ,TK,[GLCLC text removed],重要,Repelled,EVAL,400.0,9.27,Attracted,Yes,2.0,Attribute,,,
W_I_F_LZYA_KR_7,LZYA_KR,W,L2,KR,KR,[GLCLC text removed],重要,Repelled,EVAL,400.0,9.27,Attracted,Yes,2.0,Attribute,,,
W_I_F_DFH_TH_2,DFH_TH,W,L2,TH,TH,[GLCLC text removed],重要,Repelled,EVAL,400.0,9.27,Attracted,Yes,2.0,Attribute,,,
W_I_F_DFH_TH_2,DFH_TH,W,L2,TH,TH,[GLCLC text removed],重要,Repelled,EVAL,400.0,9.27,Attracted,Yes,2.0,Attribute,,,
W_I_F_DFH_TH_2,DFH_TH,W,L2,TH,TH,[GLCLC text removed],重要,Repelled,EVAL,400.0,9.27,Attracted,Yes,2.0,Attribute,,,
W_I_F_LQQ_TH_8,LQQ_TH,W,L2,TH,TH,[GLCLC text removed],重要,Repelled,EVAL,400.0,9.27,Attracted,Yes,2.0,Attribute,,,
W_I_F_ZSYI_TH_7,ZSYI_TH,W,L2,TH,TH,[GLCLC text removed],重要,Repelled,EVAL,400.0,9.27,Attracted,Yes,2.0,Attribute,,,
W_I_F_ZSYI_TH_7,ZSYI_TH,W,L2,TH,TH,[GLCLC text removed],重要,Repelled,EVAL,400.0,9.27,Attracted,Yes,2.0,Attribute,,,
W_I_F_YR_ES_14,YR_ES,W,L2,ES,ES,[GLCLC text removed],重要,Repelled,EVAL,400.0,9.27,Attracted,Yes,2.0,Attribute,,,
W_I_M_ZYG_VE_7,ZYG_VE,W,L2,VE,ES,[GLCLC text removed],重要,Repelled,EVAL,400.0,9.27,Attracted,Yes,2.0,Attribute,,,
W_I_F_JZIE_KR_2,JZIE_KR,W,L2,KR,KR,[GLCLC text removed],重要,Repelled,EVAL,400.0,9.27,Attracted,Yes,2.0,Attribute,,,
S_I_F_QYX_KR_2,QYX_KR,S,L2,KR,KR,[GLCLC text removed],难,Repelled,EVAL,8.0,0.0,Repelled,No,2.0,Attribute,,,
W_I_M_SGY_KR_3,SGY_KR,W,L2,KR,KR,[GLCLC text removed],难,Repelled,EVAL,8.0,0.0,Repelled,No,2.0,Attribute,,,
W_I_F_WDLY_RU_18,WDLY_RU,W,L2,RU,RU,[GLCLC text removed],难,Repelled,EVAL,8.0,0.0,Repelled,No,2.0,Attribute,,,
W_I_F_WDLY_RU_14,WDLY_RU,W,L2,RU,RU,[GLCLC text removed],难,Repelled,EVAL,8.0,0.0,Repelled,No,2.0,Attribute,,,
S_I_M_ZLO_RU_2+I,ZLO_RU,S,L2,RU,RU,[GLCLC text removed],方便,Repelled,EVAL,17.0,0.0,Repelled,No,2.0,Attribute,,,
W_I_F_CAMLG_TH_1,CAMLG_TH,W,L2,TH,TH,[GLCLC text removed],骂,Repelled,DA,96.0,1.85,Repelled,No,4.0,Communication,,,
W_I_F_YYZ_KR_4,YYZ_KR,W,L2,KR,KR,[GLCLC text removed],鼓励,Attracted,DA,20.0,0.0,Repelled,Yes,3.0,Communication,,,
W_I_F_JXJ_KR_3,JXJ_KR,W,L2,KR,KR,[GLCLC text removed],好,Repelled,DISP,613.0,5.56,Repelled,Yes,1.0,Manner,,,
W_I_F_CZJ_KR_2,CZJ_KR,W,L2,KR,KR,[GLCLC text removed],没大没小,Attracted,DISP,0.0,0.0,,No,6.0,Manner,,,
W_A_F_YLN_RU_6,YLN_RU,W,L3,RU,RU,[GLCLC text removed],严格,Repelled,SI,18.0,1.85,Attracted,Yes,3.0,Manner,,,
S_A_F_CAMLG_TH_1,CAMLG_TH,S,L3,TH,TH,[GLCLC text removed],习惯,Repelled,MS,130.0,1.85,Attracted,Yes,2.0,Psych,,,
W_A_M_ZCY_KR_2,ZCY_KR,W,L3,KR,KR,[GLCLC text removed],亲切,Attracted,DISP,42.0,1.85,Attracted,Yes,4.0,Manner,,,
W_A_F_JMZJ_KR,JMZJ_KR,W,L3,KR,KR,[GLCLC text removed],介绍,Attracted,SI,172.0,0.0,Repelled,No,1.0,Communication,,,
W_A_F_DFH_TH_5,DFH_TH,W,L3,TH,TH,[GLCLC text removed],付出,Attracted,DISP,192.0,0.0,Repelled,No,6.0,Social,,,
S_A_M_DBL_BF_4,DBL_BF,S,L3,BF,FR,[GLCLC text removed],佩服,Attracted,MS,316.0,0.0,Repelled,Yes,4.0,Psych,,,
W_A_F_ALX_KZ_7,ALX_KZ,W,L3,KZ,TK,[GLCLC text removed],做,Attracted,EVAL,7.0,3.71,Repelled,Yes,1.0,Functional,,,
W_A_F_HPL_TH_3,HPL_TH,W,L3,TH,TH,[GLCLC text removed],停止,Attracted,EVAL,36.0,0.0,Repelled,Yes,6.0,Functional,,,
W_A_F_ZXLI_TH_3,ZXLI_TH,W,L3,TH,TH,[GLCLC text removed],停止,Attracted,EVAL,36.0,0.0,Repelled,Yes,6.0,Functional,,,
W_A_M_YWD_VE_1,YWD_VE,W,L3,VE,ES,[GLCLC text removed],停止,Attracted,EVAL,36.0,0.0,Repelled,Yes,6.0,Functional,,,
S_A_M_MHJY_JP_2,MHJY_JP,S,L3,JP,JP,[GLCLC text removed],兴致勃勃,Repelled,MS,0.0,0.0,Repelled,Yes,5.0,Psych,,,
W_A_F_JYS_KR_1,JYS_KR,W,L3,KR,KR,[GLCLC text removed],冷酷,Repelled,DISP,9.0,0.0,Attracted,Yes,5.0,Manner,,,
W_A_F_ZYJA_TH_3,ZYJA_TH,W,L3,TH,TH,[GLCLC text removed],凶,Attracted,DISP,28.0,0.0,Repelled,Yes,6.0,Manner,,,
W_A_F_MQH_VN_5,MQH_VN,W,L3,VN,VN,[GLCLC text removed],加深,Repelled,EVAL,17.0,0.0,Repelled,No,6.0,Functional,,,
W_A_M_FZLD_UZ_1,FZLD_UZ,W,L3,UZ,TK,[GLCLC text removed],又恨又爱,Attracted,EVAL,0.0,0.0,Repelled,Yes,6.0,Psych,,,
S_A_F_AM_GN_3,AM_GN,S,L3,GN,EN,[GLCLC text removed],友好,Repelled,DISP,31.0,1.85,Attracted,Yes,3.0,Manner,,,
S_A_F_AM_GN_3,AM_GN,S,L3,GN,EN,[GLCLC text removed],友好,Repelled,DISP,31.0,1.85,Attracted,Yes,3.0,Manner,,,
W_A_M_CL_TR,CL_TR,W,L3,TR,TK,[GLCLC text removed],友好,Repelled,DISP,31.0,1.85,Attracted,Yes,3.0,Manner,,,
W_A_M_ZCY_KR_2,ZCY_KR,W,L3,KR,KR,[GLCLC text removed],和蔼,Attracted,DISP,11.0,0.0,Repelled,Yes,5.0,Manner,,,
W_A_F_HYW_TH_1,HYW_TH,W,L3,TH,TH,[GLCLC text removed],哭,Repelled,DA,42.0,0.0,Repelled,No,2.0,Physical,,,
W_A_F_JJB_KR_2,JJB_KR,W,L3,KR,KR,[GLCLC text removed],失望,Attracted,MS,71.0,3.71,Attracted,Yes,3.0,Psych,,,
W_A_F_JJB_KR_2,JJB_KR,W,L3,KR,KR,[GLCLC text removed],感到,Attracted,MS,6686.0,5.56,Repelled,Yes,2.0,Psych,,,
W_A_F_JJB_KR_2,JJB_KR,W,L3,KR,KR,[GLCLC text removed],失望,Attracted,MS,71.0,3.71,Attracted,Yes,3.0,Psych,,,
W_A_F_CQH_VN_7,CQH_VN,W,L3,VN,VN,[GLCLC text removed],失望,Attracted,MS,71.0,3.71,Attracted,Yes,3.0,Psych,,,
S_A_F_AM_GN_3,AM_GN,S,L3,GN,EN,[GLCLC text removed],好,Repelled,DISP,613.0,5.56,Repelled,Yes,1.0,Manner,,,
S_A_F_AM_GN_3,AM_GN,S,L3,GN,EN,[GLCLC text removed],好,Repelled,DISP,613.0,5.56,Repelled,Yes,1.0,Manner,,,
S_A_F_AM_GN_3,AM_GN,S,L3,GN,EN,[GLCLC text removed],好,Repelled,DISP,613.0,5.56,Repelled,Yes,1.0,Manner,,,
S_A_F_DJM_KR,DJM_KR,S,L3,KR,KR,[GLCLC text removed],好,Repelled,DISP,613.0,5.56,Repelled,Yes,1.0,Manner,,,
S_A_F_GB_MX,GB_MX,S,L3,MX,ES,[GLCLC text removed],好,Repelled,DISP,613.0,5.56,Repelled,Yes,1.0,Manner,,,
S_A_F_GB_MX,GB_MX,S,L3,MX,ES,[GLCLC text removed],好,Repelled,DISP,613.0,5.56,Repelled,Yes,1.0,Manner,,,
S_A_F_GB_MX,GB_MX,S,L3,MX,ES,[GLCLC text removed],好,Repelled,DISP,613.0,5.56,Repelled,Yes,1.0,Manner,,,
S_A_F_GSJ_TH,GSJ_TH,S,L3,TH,TH,[GLCLC text removed],好,Repelled,DISP,613.0,5.56,Repelled,Yes,1.0,Manner,,,
S_A_F_GSJ_TH,GSJ_TH,S,L3,TH,TH,[GLCLC text removed],好,Repelled,DISP,613.0,5.56,Repelled,Yes,1.0,Manner,,,
S_A_F_LZG_KR,LZG_KR,S,L3,KR,KR,[GLCLC text removed],好,Repelled,DISP,613.0,5.56,Repelled,Yes,1.0,Manner,,,
S_A_F_MQH_VN,MQH_VN,S,L3,VN,VN,[GLCLC text removed],好,Repelled,DISP,613.0,5.56,Repelled,Yes,1.0,Manner,,,
S_A_F_MQH_VN,MQH_VN,S,L3,VN,VN,[GLCLC text removed],好,Repelled,DISP,613.0,5.56,Repelled,Yes,1.0,Manner,,,
S_A_F_MQH_VN,MQH_VN,S,L3,VN,VN,[GLCLC text removed],好,Repelled,DISP,613.0,5.56,Repelled,Yes,1.0,Manner,,,
S_A_F_MQH_VN,MQH_VN,S,L3,VN,VN,[GLCLC text removed],好,Repelled,DISP,613.0,5.56,Repelled,Yes,1.0,Manner,,,
S_A_F_ZQC_MX,ZQC_MX,S,L3,MX,ES,[GLCLC text removed],好,Repelled,DISP,613.0,5.56,Repelled,Yes,1.0,Manner,,,
S_A_F_ZSY_TH_3,ZSY_TH,S,L3,TH,TH,[GLCLC text removed],好,Repelled,DISP,613.0,5.56,Repelled,Yes,1.0,Manner,,,
S_A_F_ZSY_TH_3,ZSY_TH,S,L3,TH,TH,[GLCLC text removed],好,Repelled,DISP,613.0,5.56,Repelled,Yes,1.0,Manner,,,
S_A_F_ZSY_TH_3,ZSY_TH,S,L3,TH,TH,[GLCLC text removed],好,Repelled,DISP,613.0,5.56,Repelled,Yes,1.0,Manner,,,
S_A_M_AM_AZ,AM_AZ,S,L3,AZ,TK,[GLCLC text removed],好,Repelled,DISP,613.0,5.56,Repelled,Yes,1.0,Manner,,,
S_A_M_HSMH_JP,HSMH_JP,S,L3,JP,JP,[GLCLC text removed],好,Repelled,DISP,613.0,5.56,Repelled,Yes,1.0,Manner,,,
S_A_M_ZCY_KR_3,ZCY_KR,S,L3,KR,KR,[GLCLC text removed],好,Repelled,DISP,613.0,5.56,Repelled,Yes,1.0,Manner,,,
S_A_M_DBL_BF_3,DBL_BF,S,L3,BF,FR,[GLCLC text removed],好,Repelled,DISP,613.0,5.56,Repelled,Yes,1.0,Manner,,,
S_A_F_AM_GN_1,AM_GN,S,L3,GN,EN,[GLCLC text removed],好,Repelled,DISP,613.0,5.56,Repelled,Yes,1.0,Manner,,,
S_A_F_HPL_TH_1,HPL_TH,S,L3,TH,TH,[GLCLC text removed],好,Repelled,DISP,613.0,5.56,Repelled,Yes,1.0,Manner,,,
W_A_F_HJQ_TH_6,HJQ_TH,W,L3,TH,TH,[GLCLC text removed],好,Repelled,DISP,613.0,5.56,Repelled,Yes,1.0,Manner,,,
W_A_F_YCHG_VN_1,YCHG_VN,W,L3,VN,VN,[GLCLC text removed],好,Repelled,DISP,613.0,5.56,Repelled,Yes,1.0,Manner,,,
W_A_F_YCHG_VN_1,YCHG_VN,W,L3,VN,VN,[GLCLC text removed],好,Repelled,DISP,613.0,5.56,Repelled,Yes,1.0,Manner,,,
W_A_F_HYW_TH_2,HYW_TH,W,L3,TH,TH,[GLCLC text removed],好,Repelled,DISP,613.0,5.56,Repelled,Yes,1.0,Manner,,,
W_A_F_HYW_TH_2,HYW_TH,W,L3,TH,TH,[GLCLC text removed],好,Repelled,DISP,613.0,5.56,Repelled,Yes,1.0,Manner,,,
W_A_F_HPL_TH_2,HPL_TH,W,L3,TH,TH,[GLCLC text removed],好,Repelled,DISP,613.0,5.56,Repelled,Yes,1.0,Manner,,,
W_A_F_HPL_TH_2,HPL_TH,W,L3,TH,TH,[GLCLC text removed],好,Repelled,DISP,613.0,5.56,Repelled,Yes,1.0,Manner,,,
W_A_F_HPL_TH_2,HPL_TH,W,L3,TH,TH,[GLCLC text removed],好,Repelled,DISP,613.0,5.56,Repelled,Yes,1.0,Manner,,,
W_A_F_ZSYA_TH_2,ZSYA_TH,W,L3,TH,TH,[GLCLC text removed],好,Repelled,DISP,613.0,5.56,Repelled,Yes,1.0,Manner,,,
W_A_F_ZSYA_TH_2,ZSYA_TH,W,L3,TH,TH,[GLCLC text removed],好,Repelled,DISP,613.0,5.56,Repelled,Yes,1.0,Manner,,,
W_A_F_CLB_TH_4,CLB_TH,W,L3,TH,TH,[GLCLC text removed],好,Repelled,DISP,613.0,5.56,Repelled,Yes,1.0,Manner,,,
W_A_F_ZSYA_TH_4,ZSYA_TH,W,L3,TH,TH,[GLCLC text removed],好,Repelled,DISP,613.0,5.56,Repelled,Yes,1.0,Manner,,,
W_A_F_ALN_RU,ALN_RU,W,L3,RU,RU,[GLCLC text removed],好,Repelled,DISP,613.0,5.56,Repelled,Yes,1.0,Manner,,,
W_A_F_MLK_KG,MLK_KG,W,L3,KG,TK,[GLCLC text removed],好,Repelled,DISP,613.0,5.56,Repelled,Yes,1.0,Manner,,,
W_A_F_RHF_VN_4,RHF_VN,W,L3,VN,VN,[GLCLC text removed],好,Repelled,DISP,613.0,5.56,Repelled,Yes,1.0,Manner,,,
W_A_M_ZY_UZ,ZY_UZ,W,L3,UZ,TK,[GLCLC text removed],好,Repelled,DISP,613.0,5.56,Repelled,Yes,1.0,Manner,,,
W_A_M_FLUS_RU_4,FLUS_RU,W,L3,RU,RU,[GLCLC text removed],好,Repelled,DISP,613.0,5.56,Repelled,Yes,1.0,Manner,,,
W_A_F_ZML_TH_3,ZML_TH,W,L3,TH,TH,[GLCLC text removed],好,Repelled,DISP,613.0,5.56,Repelled,Yes,1.0,Manner,,,
W_A_F_DLY_RU_1,DLY_RU,W,L3,RU,RU,[GLCLC text removed],实行,Attracted,SI,3481.0,0.0,,Yes,5.0,Functional,,,
W_A_F_GBQ_TH_3,GBQ_TH,W,L3,TH,TH,[GLCLC text removed],实行,Attracted,SI,3481.0,0.0,,Yes,5.0,Functional,,,
W_A_F_LSJ_KR_1,LSJ_KR,W,L3,KR,KR,[GLCLC text removed],实行,Attracted,SI,3481.0,0.0,,Yes,5.0,Functional,,,
W_A_F_LSJ_KR_1,LSJ_KR,W,L3,KR,KR,[GLCLC text removed],实行,Attracted,SI,3481.0,0.0,,Yes,5.0,Functional,,,
W_A_F_QYX_KR_1,QYX_KR,W,L3,KR,KR,[GLCLC text removed],实行,Attracted,SI,3481.0,0.0,,Yes,5.0,Functional,,,
W_A_F_QYX_KR_1,QYX_KR,W,L3,KR,KR,[GLCLC text removed],实行,Attracted,SI,3481.0,0.0,,Yes,5.0,Functional,,,
W_A_F_XYY_TH,XYY_TH,W,L3,TH,TH,[GLCLC text removed],实行,Attracted,SI,3481.0,0.0,,Yes,5.0,Functional,,,
W_A_M_LAQ_MG_1,LAQ_MG,W,L3,MG,Other,[GLCLC text removed],实行,Attracted,SI,3481.0,0.0,,Yes,5.0,Functional,,,
S_A_M_HH_SD_5,HH_SD,S,L3,SD,AR,[GLCLC text removed],带来,Attracted,EVAL,820.0,0.0,Repelled,No,6.0,Functional,,,
S_A_M_HH_SD_5,HH_SD,S,L3,SD,AR,[GLCLC text removed],带来,Attracted,EVAL,820.0,0.0,Repelled,No,6.0,Functional,,,
W_A_M_AJX_KR_5,AJX_KR,W,L3,KR,KR,[GLCLC text removed],帮助,Attracted,EVAL,179.0,0.0,Repelled,Yes,1.0,Attribute,,,
S_A_F_TLL_UA,TLL_UA,S,L3,UA,Other,[GLCLC text removed],怎么样,Repelled,ABT,10.0,0.0,Repelled,Yes,1.0,Manner,,,
W_A_M_LWC_TH_4,LWC_TH,W,L3,TH,TH,[GLCLC text removed],怎么样,Repelled,ABT,10.0,0.0,Repelled,Yes,1.0,Manner,,,
W_A_M_ZYK_VE_5,ZYK_VE,W,L3,VE,ES,[GLCLC text removed],恨,Attracted,MS,243.0,1.85,Attracted,No,4.0,Psych,,,
W_A_F_JZHX_KR_2,JZHX_KR,W,L3,KR,KR,[GLCLC text removed],打招呼,Attracted,DA,113.0,0.0,Repelled,No,3.0,Communication,,,
S_A_M_JTL_KR_2,JTL_KR,S,L3,KR,KR,[GLCLC text removed],教育,Attracted,DISP,45.0,0.0,Repelled,Yes,3.0,Social,,,
W_A_M_ZLB_RU_1,ZLB_RU,W,L3,RU,RU,[GLCLC text removed],做,Attracted,EVAL,7.0,3.71,Repelled,Yes,1.0,Functional,,,
W_A_M_ZYK_VE_7,ZYK_VE,W,L3,VE,ES,[GLCLC text removed],有,Attracted,EVAL,11370.0,77.85,Attracted,Yes,1.0,Functional,,,
W_A_F_RBZ_VN_3,RBZ_VN,W,L3,VN,VN,[GLCLC text removed],有,Attracted,EVAL,11370.0,77.85,Attracted,Yes,1.0,Functional,,,
S_A_M_OY_TJ,OY_TJ,S,L3,TJ,Other,[GLCLC text removed],有,Attracted,EVAL,11370.0,77.85,Attracted,Yes,1.0,Functional,,,
S_A_M_OY_TJ,OY_TJ,S,L3,TJ,Other,[GLCLC text removed],有,Attracted,EVAL,11370.0,77.85,Attracted,Yes,1.0,Functional,,,
S_A_M_CGL_MG,CGL_MG,S,L3,MG,Other,[GLCLC text removed],有,Attracted,DISP,531.0,77.85,Attracted,Yes,1.0,Functional,,,
W_A_F_AYD_KG_5,AYD_KG,W,L3,KG,TK,[GLCLC text removed],欢迎,Attracted,DISP,19.0,0.0,Repelled,Yes,2.0,Manner,,,
W_A_F_FSHY_VN_5,FSHY_VN,W,L3,VN,VN,[GLCLC text removed],欢迎,Attracted,MS,21.0,0.0,Repelled,Yes,2.0,Manner,,,
W_A_M_WPY_VN_4,WPY_VN,W,L3,VN,VN,[GLCLC text removed],欢迎,Attracted,MS,21.0,0.0,Repelled,Yes,2.0,Manner,,,
W_A_M_XT_UZ_3,XT_UZ,W,L3,UZ,TK,[GLCLC text removed],欢迎,Attracted,MS,21.0,0.0,Repelled,Yes,2.0,Manner,,,
S_A_F_AYD_KG,AYD_KG,S,L3,KG,TK,[GLCLC text removed],有,Attracted,EVAL,11370.0,61.17,Attracted,Yes,1.0,Functional,,,
W_A_F_JDHN_KR,JDHN_KR,W,L3,KR,KR,[GLCLC text removed],温柔,Attracted,DISP,90.0,0.0,Repelled,Yes,4.0,Manner,,,
W_A_F_ZYJA_TH_3,ZYJA_TH,W,L3,TH,TH,[GLCLC text removed],温柔,Attracted,DISP,90.0,0.0,Repelled,Yes,4.0,Manner,,,
W_A_M_QTGTL_JP,QTGTL_JP,W,L3,JP,JP,[GLCLC text removed],满意,Attracted,MS,1602.0,25.95,Attracted,Yes,2.0,Psych,,,
W_A_F_DLY_RU_1,DLY_RU,W,L3,RU,RU,[GLCLC text removed],漠不关心,Attracted,EVAL,51.0,0.0,,Yes,6.0,Manner,,,
W_A_F_ZSYA_TH_2,ZSYA_TH,W,L3,TH,TH,[GLCLC text removed],热心,Attracted,MS,28.0,1.85,Attracted,Yes,4.0,Manner,,,
S_A_F_GSJ_TH,GSJ_TH,S,L3,TH,TH,[GLCLC text removed],热情,Attracted,DISP,75.0,5.56,Attracted,Yes,2.0,Manner,,,
S_A_F_GSJ_TH,GSJ_TH,S,L3,TH,TH,[GLCLC text removed],热情,Attracted,DISP,75.0,5.56,Attracted,Yes,2.0,Manner,,,
S_A_F_DFH_TH_1,DFH_TH,S,L3,TH,TH,[GLCLC text removed],热情,Attracted,DISP,75.0,5.56,Attracted,Yes,2.0,Manner,,,
S_A_F_ZXL_TH_1,ZXL_TH,S,L3,TH,TH,[GLCLC text removed],热情,Attracted,DISP,75.0,5.56,Attracted,Yes,2.0,Manner,,,
W_A_F_QJZE_KR_1,QJZE_KR,W,L3,KR,KR,[GLCLC text removed],热情,Attracted,DISP,75.0,5.56,Attracted,Yes,2.0,Manner,,,
W_A_F_YTQZ_JP_2,YTQZ_JP,W,L3,JP,JP,[GLCLC text removed],热情,Attracted,DISP,75.0,5.56,Attracted,Yes,2.0,Manner,,,
W_A_M_JLB_KZ_3,JLB_KZ,W,L3,KZ,TK,[GLCLC text removed],热情,Attracted,DISP,75.0,5.56,Attracted,Yes,2.0,Manner,,,
W_A_F_ZXLI_TH_2,ZXLI_TH,W,L3,TH,TH,[GLCLC text removed],热情,Attracted,DISP,75.0,5.56,Attracted,Yes,2.0,Manner,,,
W_A_M_ZYK_VE_5,ZYK_VE,W,L3,VE,ES,[GLCLC text removed],生气,Attracted,MS,89.0,0.0,Repelled,Yes,2.0,Psych,,,
S_A_M_JTL_KR_2,JTL_KR,S,L3,KR,KR,[GLCLC text removed],用,Attracted,EVAL,7.0,1.85,Repelled,Yes,2.0,Functional,,,
S_A_F_ZSY_TH_1,ZSY_TH,S,L3,TH,TH,[GLCLC text removed],积极,Repelled,ABT,8.0,0.0,Repelled,Yes,3.0,Manner,,,
W_A_M_RYQ_VN_3,RYQ_VN,W,L3,VN,VN,[GLCLC text removed],给予,Attracted,EVAL,8.0,1.85,Attracted,Yes,5.0,Functional,,,
W_A_M_ADHK_KZ_2,ADHK_KZ,W,L3,KZ,TK,[GLCLC text removed],给予,Attracted,EVAL,8.0,1.85,Attracted,Yes,5.0,Functional,,,
W_A_M_JBY_KR_2,JBY_KR,W,L3,KR,KR,[GLCLC text removed],给予,Attracted,EVAL,8.0,1.85,Attracted,Yes,5.0,Functional,,,
W_A_F_CAMLG_TH_4,CAMLG_TH,W,L3,TH,TH,[GLCLC text removed],表白,Attracted,DA,126.0,0.0,Repelled,No,3.0,Communication,,,
W_A_M_QS_US_1,QS_US,W,L3,US,EN,[GLCLC text removed],表示,Attracted,DA,5528.0,7.41,Attracted,No,3.0,Communication,,,
W_A_M_RYQ_VN_2,RYQ_VN,W,L3,VN,VN,[GLCLC text removed],表示,Attracted,DA,5528.0,7.41,Attracted,No,3.0,Communication,,,
W_A_F_CQH_VN_5,CQH_VN,W,L3,VN,VN,[GLCLC text removed],表示,Attracted,DA,5528.0,7.41,Attracted,No,3.0,Communication,,,
W_A_F_LHYA_TH_5,LHYA_TH,W,L3,TH,TH,[GLCLC text removed],表示,Attracted,DA,5528.0,7.41,Attracted,No,3.0,Communication,,,
W_A_F_MEQ_TH_5,MEQ_TH,W,L3,TH,TH,[GLCLC text removed],表示,Attracted,DISP,5528.0,7.41,Attracted,No,3.0,Communication,,,
W_A_F_WLY_RU_5,WLY_RU,W,L3,RU,RU,[GLCLC text removed],表示,Attracted,DA,5528.0,7.41,Attracted,No,3.0,Communication,,,
W_A_F_WLY_RU_5,WLY_RU,W,L3,RU,RU,[GLCLC text removed],表示,Attracted,DISP,5528.0,7.41,Attracted,No,3.0,Communication,,,
W_A_F_WSNA_KR_1,WSNA_KR,W,L3,KR,KR,[GLCLC text removed],表示,Attracted,DA,5528.0,7.41,Attracted,No,3.0,Communication,,,
W_A_F_WSNA_KR_1,WSNA_KR,W,L3,KR,KR,[GLCLC text removed],表示,Attracted,EVAL,5528.0,7.41,Attracted,No,3.0,Communication,,,
W_A_F_ZAZ_TH_5,ZAZ_TH,W,L3,TH,TH,[GLCLC text removed],表示,Attracted,DA,5528.0,7.41,Attracted,No,3.0,Communication,,,
W_A_F_ZZ_KZ_4,ZZ_KZ,W,L3,KZ,TK,[GLCLC text removed],表示,Attracted,DA,5528.0,7.41,Attracted,No,3.0,Communication,,,
W_A_M_FZLD_UZ_5,FZLD_UZ,W,L3,UZ,TK,[GLCLC text removed],表示,Attracted,DA,5528.0,7.41,Attracted,No,3.0,Communication,,,
W_A_M_YYM_VN_2,YYM_VN,W,L3,VN,VN,[GLCLC text removed],表示,Attracted,DISP,5528.0,7.41,Attracted,No,3.0,Communication,,,
W_A_F_LMR_TH_3,LMR_TH,W,L3,TH,TH,[GLCLC text removed],表示,Attracted,DA,5528.0,7.41,Attracted,No,3.0,Communication,,,
W_A_F_LMR_TH_3,LMR_TH,W,L3,TH,TH,[GLCLC text removed],表示,Attracted,DA,5528.0,7.41,Attracted,No,3.0,Communication,,,
W_A_F_LSYI_TH_2,LSYI_TH,W,L3,TH,TH,[GLCLC text removed],表示,Attracted,DA,5528.0,7.41,Attracted,No,3.0,Communication,,,
W_A_F_YLN_RU_2,YLN_RU,W,L3,RU,RU,[GLCLC text removed],表示,Attracted,DA,5528.0,7.41,Attracted,No,3.0,Communication,,,
W_A_M_AJX_KR_4,AJX_KR,W,L3,KR,KR,[GLCLC text removed],表示,Attracted,DA,5528.0,7.41,Attracted,No,3.0,Communication,,,
W_A_F_JXY_KR_2,JXY_KR,W,L3,KR,KR,[GLCLC text removed],表示,Attracted,DISP,5528.0,7.41,Attracted,No,3.0,Communication,,,
W_A_F_WLNA_RU,WLNA_RU,W,L3,RU,RU,[GLCLC text removed],表示,Attracted,EVAL,5528.0,7.41,Attracted,No,3.0,Communication,,,
W_A_M_FLUS_RU_4,FLUS_RU,W,L3,RU,RU,[GLCLC text removed],尊重,Attracted,MS,458.0,1.85,,Yes,3.0,Manner,,,
W_A_F_SNY_KZ_2,SNY_KZ,W,L3,KZ,TK,[GLCLC text removed],要求,Attracted,MS,708.0,0.0,Attracted,No,2.0,Psych,,,
W_A_F_ZSYI_TH_3,ZSYI_TH,W,L3,TH,TH,[GLCLC text removed],讲,Attracted,DA,3272.0,11.12,Attracted,No,2.0,Communication,,,
S_A_F_ZFH_TH,ZFH_TH,S,L3,TH,TH,[GLCLC text removed],说,Attracted,DA,63257.0,385.55,Attracted,No,1.0,Communication,,,
S_A_F_XYY_TH_1,XYY_TH,S,L3,TH,TH,[GLCLC text removed],说,Attracted,DA,63257.0,385.55,Attracted,No,1.0,Communication,,,
S_A_F_ZYJ_TH_1,ZYJ_TH,S,L3,TH,TH,[GLCLC text removed],说,Attracted,DA,63257.0,385.55,Attracted,No,1.0,Communication,,,
S_A_M_HH_SD_4,HH_SD,S,L3,SD,AR,[GLCLC text removed],说,Attracted,DA,63257.0,385.55,Attracted,No,1.0,Communication,,,
S_A_M_HH_SD_4,HH_SD,S,L3,SD,AR,[GLCLC text removed],说,Attracted,DA,63257.0,385.55,Attracted,No,1.0,Communication,,,
S_A_M_HH_SD_4,HH_SD,S,L3,SD,AR,[GLCLC text removed],说,Attracted,DA,63257.0,385.55,Attracted,No,1.0,Communication,,,
W_A_M_QS_US_1,QS_US,W,L3,US,EN,[GLCLC text removed],说,Attracted,DA,63257.0,385.55,Attracted,No,1.0,Communication,,,
W_A_F_LZHY_KR_1,LZHY_KR,W,L3,KR,KR,[GLCLC text removed],说,Attracted,DA,63257.0,385.55,Attracted,No,1.0,Communication,,,
W_A_F_LZHY_KR_1,LZHY_KR,W,L3,KR,KR,[GLCLC text removed],说,Attracted,DA,63257.0,385.55,Attracted,No,1.0,Communication,,,
W_A_F_JDHN_KR,JDHN_KR,W,L3,KR,KR,[GLCLC text removed],说,Attracted,DA,63257.0,385.55,Attracted,No,1.0,Communication,,,
W_A_F_JDHN_KR,JDHN_KR,W,L3,KR,KR,[GLCLC text removed],说,Attracted,DA,63257.0,385.55,Attracted,No,1.0,Communication,,,
W_A_F_JNX_KR_1,JNX_KR,W,L3,KR,KR,[GLCLC text removed],说,Attracted,DA,63257.0,385.55,Attracted,No,1.0,Communication,,,
W_A_M_LWC_TH_1,LWC_TH,W,L3,TH,TH,[GLCLC text removed],说,Attracted,DA,63257.0,385.55,Attracted,No,1.0,Communication,,,
W_A_F_HYW_TH_1,HYW_TH,W,L3,TH,TH,[GLCLC text removed],说,Attracted,DA,63257.0,385.55,Attracted,No,1.0,Communication,,,
W_A_F_MCWX_JP_4,MCWX_JP,W,L3,JP,JP,[GLCLC text removed],说,Attracted,DA,63257.0,385.55,Attracted,No,1.0,Communication,,,
W_A_F_ZXW_KR_1,ZXW_KR,W,L3,KR,KR,[GLCLC text removed],说,Attracted,DA,63257.0,385.55,Attracted,No,1.0,Communication,,,
W_A_F_ZXW_KR_1,ZXW_KR,W,L3,KR,KR,[GLCLC text removed],说,Attracted,DA,63257.0,385.55,Attracted,No,1.0,Communication,,,
W_A_F_ZXW_KR_1,ZXW_KR,W,L3,KR,KR,[GLCLC text removed],说,Attracted,DA,63257.0,385.55,Attracted,No,1.0,Communication,,,
W_A_F_JYS_KR_1,JYS_KR,W,L3,KR,KR,[GLCLC text removed],说,Attracted,DA,63257.0,385.55,Attracted,No,1.0,Communication,,,
W_A_F_SJNS_JP_2,SJNS_JP,W,L3,JP,JP,[GLCLC text removed],说,Attracted,DA,63257.0,385.55,Attracted,No,1.0,Communication,,,
W_A_F_SJNS_JP_2,SJNS_JP,W,L3,JP,JP,[GLCLC text removed],说,Attracted,DA,63257.0,385.55,Attracted,No,1.0,Communication,,,
W_A_F_JML_KR_2,JML_KR,W,L3,KR,KR,[GLCLC text removed],说,Attracted,DA,63257.0,385.55,Attracted,No,1.0,Communication,,,
W_A_F_JZHX_KR_2,JZHX_KR,W,L3,KR,KR,[GLCLC text removed],说,Attracted,DA,63257.0,385.55,Attracted,No,1.0,Communication,,,
W_A_M_TYSR_JP_2,TYSR_JP,W,L3,JP,JP,[GLCLC text removed],说,Attracted,DA,63257.0,385.55,Attracted,No,1.0,Communication,,,
W_A_M_TYSR_JP_2,TYSR_JP,W,L3,JP,JP,[GLCLC text removed],说,Attracted,DA,63257.0,385.55,Attracted,No,1.0,Communication,,,
W_A_M_TYSR_JP_2,TYSR_JP,W,L3,JP,JP,[GLCLC text removed],说,Attracted,DA,63257.0,385.55,Attracted,No,1.0,Communication,,,
W_A_M_KME_UZ_1,KME_UZ,W,L3,UZ,TK,[GLCLC text removed],说,Attracted,DA,63257.0,385.55,Attracted,No,1.0,Communication,,,
W_A_F_JMT_KR_2,JMT_KR,W,L3,KR,KR,[GLCLC text removed],说,Attracted,EVAL,1.0,385.55,Attracted,No,1.0,Communication,,,
W_A_F_AM_GN_2,AM_GN,W,L3,GN,EN,[GLCLC text removed],说,Attracted,DA,63257.0,385.55,Attracted,No,1.0,Communication,,,
W_A_F_AM_GN_2,AM_GN,W,L3,GN,EN,[GLCLC text removed],说,Attracted,DA,63257.0,385.55,Attracted,No,1.0,Communication,,,
W_A_F_JJB_KR_2,JJB_KR,W,L3,KR,KR,[GLCLC text removed],说,Attracted,DA,63257.0,385.55,Attracted,No,1.0,Communication,,,
W_A_F_LY_SK_2,LY_SK,W,L3,SK,Other,[GLCLC text removed],说,Attracted,DA,63257.0,385.55,Attracted,No,1.0,Communication,,,
W_A_F_QYX_KR_2,QYX_KR,W,L3,KR,KR,[GLCLC text removed],说,Attracted,DA,63257.0,385.55,Attracted,No,1.0,Communication,,,
W_A_F_CLB_TH_1,CLB_TH,W,L3,TH,TH,[GLCLC text removed],说,Attracted,DA,63257.0,385.55,Attracted,No,1.0,Communication,,,
W_A_F_XMX_KR_2,XMX_KR,W,L3,KR,KR,[GLCLC text removed],说,Attracted,DA,63257.0,385.55,Attracted,No,1.0,Communication,,,
W_A_M_SMR_TH_4,SMR_TH,W,L3,TH,TH,[GLCLC text removed],说,Attracted,DA,63257.0,385.55,Attracted,No,1.0,Communication,,,
W_A_M_ZYK_VE_8,ZYK_VE,W,L3,VE,ES,[GLCLC text removed],说,Attracted,EVAL,1.0,385.55,Attracted,No,1.0,Communication,,,
W_A_F_ALU_KG_2,ALU_KG,W,L3,KG,TK,[GLCLC text removed],说,Attracted,DA,63257.0,385.55,Attracted,No,1.0,Communication,,,
W_A_M_AJX_KR_5,AJX_KR,W,L3,KR,KR,[GLCLC text removed],说,Attracted,DA,63257.0,385.55,Attracted,No,1.0,Communication,,,
W_A_F_ZML_TH_3,ZML_TH,W,L3,TH,TH,[GLCLC text removed],说,Attracted,DA,63257.0,385.55,Attracted,No,1.0,Communication,,,
S_A_M_DBL_BF_5,DBL_BF,S,L3,BF,FR,[GLCLC text removed],说,Attracted,DA,63257.0,385.55,Attracted,No,1.0,Communication,,,
W_A_F_JZHX_KR_2,JZHX_KR,W,L3,KR,KR,[GLCLC text removed],说,Attracted,EVAL,1.0,385.55,Attracted,No,1.0,Communication,,,
W_A_M_WCG_TH_1,WCG_TH,W,L3,TH,TH,[GLCLC text removed],负,Attracted,EVAL,718.0,7.41,Attracted,Yes,3.0,Functional,,,
W_A_F_CLB_TH_3,CLB_TH,W,L3,TH,TH,[GLCLC text removed],过分,Repelled,DISP,19.0,0.0,Repelled,Yes,5.0,Manner,,,
W_A_M_LDYU_KR_4,LDYU_KR,W,L3,KR,KR,[GLCLC text removed],过奖,Attracted,DA,0.0,0.0,Repelled,Yes,5.0,Communication,,,
W_A_F_JYS_KR_1,JYS_KR,W,L3,KR,KR,[GLCLC text removed],这样,Repelled,DISP,41.0,1.85,Repelled,Yes,1.0,Manner,,,
W_A_F_WLN_KZ_6,WLN_KZ,W,L3,KZ,TK,[GLCLC text removed],进行,Attracted,SI,33794.0,37.07,Attracted,Yes,5.0,Functional,,,
W_A_F_DFH_TH_3,DFH_TH,W,L3,TH,TH,[GLCLC text removed],进行,Attracted,SI,33794.0,37.07,Attracted,Yes,5.0,Functional,,,
S_A_M_NE_KZ,NE_KZ,S,L3,KZ,TK,[GLCLC text removed],适应,Repelled,EVAL,101.0,1.85,Attracted,Yes,3.0,Psych,,,
W_A_F_XMX_KR_1,XMX_KR,W,L3,KR,KR,[GLCLC text removed],造成,Attracted,EVAL,3422.0,7.41,Attracted,Yes,4.0,Functional,,,
W_A_M_LWC_TH_1,LWC_TH,W,L3,TH,TH,[GLCLC text removed],道歉,Attracted,DA,121.0,0.0,Repelled,No,3.0,Communication,,,
W_A_F_GBQ_TH_3,GBQ_TH,W,L3,TH,TH,[GLCLC text removed],*,,EVAL,0.0,0.0,,*,,,,,
W_A_F_LSJ_KR_1,LSJ_KR,W,L3,KR,KR,[GLCLC text removed],*,,DISP,0.0,0.0,,*,,,,,
S_A_F_YYQH_JP,YYQH_JP,S,L3,JP,JP,[GLCLC text removed],合适,Repelled,EVAL,40.0,0.0,Repelled,No,3.0,Attribute,,,
S_A_F_LRY_KR,LRY_KR,S,L3,KR,KR,[GLCLC text removed],合适,Repelled,EVAL,40.0,0.0,Repelled,No,3.0,Attribute,,,
W_A_F_RHF_VN_3,RHF_VN,W,L3,VN,VN,[GLCLC text removed],合适,Repelled,EVAL,40.0,0.0,Repelled,No,3.0,Attribute,,,
W_A_M_ABR_UZ_1,ABR_UZ,W,L3,UZ,TK,[GLCLC text removed],合适,Repelled,EVAL,40.0,0.0,Repelled,No,3.0,Attribute,,,
W_A_M_WJL_VE_6,WJL_VE,W,L3,VE,ES,[GLCLC text removed],合适,Repelled,EVAL,40.0,0.0,Repelled,No,3.0,Attribute,,,
W_A_M_JBY_KR_1,JBY_KR,W,L3,KR,KR,[GLCLC text removed],合适,Repelled,EVAL,40.0,0.0,Repelled,No,3.0,Attribute,,,
W_A_F_QYX_KR_1,QYX_KR,W,L3,KR,KR,[GLCLC text removed],好,Repelled,DISP,613.0,5.56,Repelled,Yes,1.0,Manner,,,
S_A_M_BL_CL_2,BL_CL,S,L3,CL,ES,[GLCLC text removed],是,Attracted,EVAL,4128.0,18.54,Repelled,Yes,1.0,Functional,,,
S_A_F_JJB_KR,JJB_KR,S,L3,KR,KR,[GLCLC text removed],是,Attracted,EVAL,4128.0,18.54,Repelled,Yes,1.0,Functional,,,
S_A_F_NSJ_RU,NSJ_RU,S,L3,RU,RU,[GLCLC text removed],是,Attracted,EVAL,4128.0,18.54,Repelled,Yes,1.0,Functional,,,
W_A_F_JMT_KR_2,JMT_KR,W,L3,KR,KR,[GLCLC text removed],是,Attracted,EVAL,4128.0,18.54,Repelled,Yes,1.0,Functional,,,
W_A_F_XMX_KR_1,XMX_KR,W,L3,KR,KR,[GLCLC text removed],是,Attracted,EVAL,4128.0,18.54,Repelled,Yes,1.0,Functional,,,
W_A_M_FLS_RU_6,FLS_RU,W,L3,RU,RU,[GLCLC text removed],是,Attracted,EVAL,4128.0,18.54,Repelled,Yes,1.0,Functional,,,
W_A_F_HPL_TH_3,HPL_TH,W,L3,TH,TH,[GLCLC text removed],是,Attracted,EVAL,4128.0,18.54,Repelled,Yes,1.0,Functional,,,
W_A_F_LXQ_ID_1,LXQ_ID,W,L3,ID,Other,[GLCLC text removed],有,Attracted,EVAL,11370.0,87.12,Attracted,Yes,1.0,Functional,,,
W_A_F_SHL_TH,SHL_TH,W,L3,TH,TH,[GLCLC text removed],有,Attracted,EVAL,11370.0,87.12,Attracted,Yes,1.0,Functional,,,
W_A_M_HSHU_ID_1,HSHU_ID,W,L3,ID,Other,[GLCLC text removed],有,Attracted,EVAL,11370.0,87.12,Attracted,Yes,1.0,Functional,,,
W_A_F_SNME_KR_1,SNME_KR,W,L3,KR,KR,[GLCLC text removed],有,Attracted,EVAL,11370.0,87.12,Attracted,Yes,1.0,Functional,,,
W_A_M_WPY_VN_4,WPY_VN,W,L3,VN,VN,[GLCLC text removed],是,Attracted,EVAL,4128.0,18.54,Repelled,Yes,1.0,Functional,,,
W_A_M_YK_TR_1,YK_TR,W,L3,TR,TK,[GLCLC text removed],没用,Attracted,EVAL,89.0,1.85,Attracted,No,1.0,Attribute,,,
W_A_F_TLL_UA_3,TLL_UA,W,L3,UA,Other,[GLCLC text removed],是,Attracted,EVAL,4128.0,18.54,Repelled,Yes,1.0,Functional,,,
W_A_F_LJ_RU_3,LJ_RU,W,L3,RU,RU,[GLCLC text removed],简单,Repelled,EVAL,2.0,0.0,Repelled,Yes,2.0,Attribute,,,
W_A_F_ZSYA_TH_2,ZSYA_TH,W,L3,TH,TH,[GLCLC text removed],重要,Repelled,EVAL,400.0,9.27,Attracted,Yes,2.0,Attribute,,,
W_A_M_WHY_TH_1,WHY_TH,W,L3,TH,TH,[GLCLC text removed],重要,Repelled,EVAL,400.0,9.27,Attracted,Yes,2.0,Attribute,,,
W_A_F_LHL_ID_3,LHL_ID,W,L3,ID,Other,[GLCLC text removed],一无所知,Attracted,MS,259.0,0.0,Repelled,No,6.0,Psych,,,
S_A_F_LHL_ID,LHL_ID,S,L3,ID,Other,[GLCLC text removed],了解,Attracted,MS,1829.0,12.98,Attracted,Yes,2.0,Psych,,,
S_A_F_CAMLG_TH_1,CAMLG_TH,S,L3,TH,TH,[GLCLC text removed],了解,Attracted,MS,1829.0,12.98,Attracted,Yes,2.0,Psych,,,
W_A_M_PWL_AU_2,PWL_AU,W,L3,AU,EN,[GLCLC text removed],了解,Attracted,MS,1829.0,12.98,Attracted,Yes,2.0,Psych,,,
W_A_F_KELA_PE_2,KELA_PE,W,L3,PE,ES,[GLCLC text removed],了解,Attracted,MS,1829.0,12.98,Attracted,Yes,2.0,Psych,,,
W_A_M_ZHX_VE_10,ZHX_VE,W,L3,VE,ES,[GLCLC text removed],了解,Attracted,MS,1829.0,12.98,Attracted,Yes,2.0,Psych,,,
W_A_F_JBLU_KR_3,JBLU_KR,W,L3,KR,KR,[GLCLC text removed],了解,Attracted,MS,1829.0,12.98,Attracted,Yes,2.0,Psych,,,
W_A_F_CQH_VN_6,CQH_VN,W,L3,VN,VN,[GLCLC text removed],产生,Attracted,EVAL,3919.0,9.27,Attracted,Yes,4.0,Functional,,,
W_A_F_YENY_KZ_5,YENY_KZ,W,L3,KZ,TK,[GLCLC text removed],产生,Attracted,EVAL,3919.0,9.27,Attracted,Yes,4.0,Functional,,,
W_A_M_JXX_KR,JXX_KR,W,L3,KR,KR,[GLCLC text removed],产生,Attracted,EVAL,3919.0,9.27,Attracted,Yes,4.0,Functional,,,
W_A_F_JMZJ_KR,JMZJ_KR,W,L3,KR,KR,[GLCLC text removed],产生,Attracted,MS,3678.0,9.27,Attracted,Yes,4.0,Functional,,,
W_A_F_DFH_TH_5,DFH_TH,W,L3,TH,TH,[GLCLC text removed],产生,Attracted,MS,3678.0,20.39,Attracted,Yes,4.0,Psych,,,
W_A_F_ANA_RU,ANA_RU,W,L3,RU,RU,[GLCLC text removed],充满,Attracted,MS,2539.0,7.41,Attracted,Yes,4.0,Functional,,,
W_A_M_TMEW_UZ_6,TMEW_UZ,W,L3,UZ,TK,[GLCLC text removed],充满,Attracted,MS,2539.0,7.41,Attracted,Yes,4.0,Functional,,,
W_A_M_ALFA_YE_1,ALFA_YE,W,L3,YE,AR,[GLCLC text removed],充满,Attracted,MS,2539.0,7.41,Attracted,Yes,4.0,Functional,,,
W_A_F_YLN_RU_5,YLN_RU,W,L3,RU,RU,[GLCLC text removed],失去,Attracted,EVAL,906.0,3.71,Attracted,Yes,4.0,Functional,,,
S_A_F_JZHX_KR_1,JZHX_KR,S,L3,KR,KR,[GLCLC text removed],好,Repelled,EVAL,60.0,0.0,Repelled,Yes,1.0,Attribute,,,
S_A_F_AYD_KG,AYD_KG,S,L3,KG,TK,[GLCLC text removed],好,Repelled,EVAL,60.0,0.0,Repelled,Yes,1.0,Attribute,,,
S_A_F_DJM_KR,DJM_KR,S,L3,KR,KR,[GLCLC text removed],好,Repelled,EVAL,60.0,0.0,Repelled,Yes,1.0,Attribute,,,
S_A_M_BL_CL_2,BL_CL,S,L3,CL,ES,[GLCLC text removed],好,Repelled,EVAL,60.0,0.0,Repelled,Yes,1.0,Attribute,,,
S_A_M_DL_TG_5,DL_TG,S,L3,TG,EN,[GLCLC text removed],好,Repelled,EVAL,60.0,0.0,Repelled,Yes,1.0,Attribute,,,
S_A_M_NE_KZ,NE_KZ,S,L3,KZ,TK,[GLCLC text removed],好,Repelled,EVAL,60.0,0.0,Repelled,Yes,1.0,Attribute,,,
S_A_F_DFH_TH_2,DFH_TH,S,L3,TH,TH,[GLCLC text removed],好,Repelled,EVAL,60.0,0.0,Repelled,Yes,1.0,Attribute,,,
S_A_F_HTYJ_JP,HTYJ_JP,S,L3,JP,JP,[GLCLC text removed],好,Repelled,EVAL,60.0,0.0,Repelled,Yes,1.0,Attribute,,,
S_A_F_XLNS_JP,XLNS_JP,S,L3,JP,JP,[GLCLC text removed],好,Repelled,EVAL,60.0,0.0,Repelled,Yes,1.0,Attribute,,,
S_A_M_GQ_TJ,GQ_TJ,S,L3,TJ,Other,[GLCLC text removed],好,Repelled,EVAL,60.0,0.0,Repelled,Yes,1.0,Attribute,,,
S_A_M_GQ_TJ,GQ_TJ,S,L3,TJ,Other,[GLCLC text removed],好,Repelled,EVAL,60.0,0.0,Repelled,Yes,1.0,Attribute,,,
W_A_F_QSQ_KR,QSQ_KR,W,L3,KR,KR,[GLCLC text removed],好,Repelled,EVAL,60.0,0.0,Repelled,Yes,1.0,Attribute,,,
W_A_F_QSQ_KR,QSQ_KR,W,L3,KR,KR,[GLCLC text removed],好,Repelled,EVAL,60.0,0.0,Repelled,Yes,1.0,Attribute,,,
W_A_F_JZHX_KR_1,JZHX_KR,W,L3,KR,KR,[GLCLC text removed],好,Repelled,EVAL,60.0,0.0,Repelled,Yes,1.0,Attribute,,,
W_A_F_ZYJA_TH_1,ZYJA_TH,W,L3,TH,TH,[GLCLC text removed],好,Repelled,EVAL,60.0,0.0,Repelled,Yes,1.0,Attribute,,,
W_A_M_JCXI_KR,JCXI_KR,W,L3,KR,KR,[GLCLC text removed],好,Repelled,EVAL,60.0,0.0,Repelled,Yes,1.0,Attribute,,,
W_A_F_LQQ_TH_3,LQQ_TH,W,L3,TH,TH,[GLCLC text removed],是,Attracted,EVAL,4128.0,18.54,Repelled,Yes,1.0,Functional,,,
W_A_F_DLY_RU_1,DLY_RU,W,L3,RU,RU,[GLCLC text removed],存在,Attracted,EVAL,314.0,0.0,Repelled,Yes,4.0,Functional,,,
W_A_F_HPL_TH_3,HPL_TH,W,L3,TH,TH,[GLCLC text removed],实行,Attracted,SI,3481.0,0.0,,Yes,5.0,Functional,,,
S_A_F_QJY_KR,QJY_KR,S,L3,KR,KR,[GLCLC text removed],容易,Repelled,EVAL,9.0,0.0,,Yes,2.0,Attribute,,,
S_A_M_HH_SD_3,HH_SD,S,L3,SD,AR,[GLCLC text removed],影响,Attracted,EVAL,733.0,11.12,Attracted,Yes,2.0,Functional,,,
W_A_M_LWP_TH_3,LWP_TH,W,L3,TH,TH,[GLCLC text removed],影响,Attracted,EVAL,733.0,11.12,Attracted,Yes,2.0,Functional,,,
W_A_M_LK_FR_4,LK_FR,W,L3,FR,FR,[GLCLC text removed],影响,Attracted,EVAL,733.0,11.12,Attracted,Yes,2.0,Functional,,,
W_A_M_ZCY_KR_2,ZCY_KR,W,L3,KR,KR,[GLCLC text removed],影响,Attracted,EVAL,733.0,11.12,Attracted,Yes,2.0,Functional,,,
W_A_M_ZCY_KR_2,ZCY_KR,W,L3,KR,KR,[GLCLC text removed],亲切,Attracted,DISP,42.0,1.85,Attracted,Yes,2.0,Manner,,,
W_A_M_QAL_KZ_5,QAL_KZ,W,L3,KZ,TK,[GLCLC text removed],念念不忘,Attracted,MS,28.0,0.0,Repelled,Yes,6.0,Psych,,,
W_A_F_JBLU_KR_4,JBLU_KR,W,L3,KR,KR,[GLCLC text removed],想,Repelled,MS,228.0,0.0,Repelled,No,1.0,Psych,,,
S_A_F_GSJ_TH,GSJ_TH,S,L3,TH,TH,[GLCLC text removed],感,Attracted,MS,1119.0,53.75,Attracted,Yes,2.0,Psych,,,
S_A_F_GSJ_TH,GSJ_TH,S,L3,TH,TH,[GLCLC text removed],感,Attracted,MS,1119.0,53.75,Attracted,Yes,2.0,Psych,,,
S_A_F_YYQH_JP,YYQH_JP,S,L3,JP,JP,[GLCLC text removed],感,Attracted,MS,1119.0,53.75,Attracted,Yes,2.0,Psych,,,
W_A_F_MQH_VN_1,MQH_VN,W,L3,VN,VN,[GLCLC text removed],感,Attracted,MS,1119.0,53.75,Attracted,Yes,2.0,Psych,,,
W_A_F_WLN_KZ_3,WLN_KZ,W,L3,KZ,TK,[GLCLC text removed],感,Attracted,MS,1119.0,53.75,Attracted,Yes,2.0,Psych,,,
W_A_F_YENY_KZ_1,YENY_KZ,W,L3,KZ,TK,[GLCLC text removed],感,Attracted,MS,1119.0,53.75,Attracted,Yes,2.0,Psych,,,
W_A_F_ZZ_KZ_1,ZZ_KZ,W,L3,KZ,TK,[GLCLC text removed],感,Attracted,MS,1119.0,53.75,Attracted,Yes,2.0,Psych,,,
W_A_M_XIW_RU_1,XIW_RU,W,L3,RU,RU,[GLCLC text removed],感,Attracted,MS,1119.0,53.75,Attracted,Yes,2.0,Psych,,,
W_A_M_ZJM_IR_1,ZJM_IR,W,L3,IR,Other,[GLCLC text removed],感,Attracted,MS,1119.0,53.75,Attracted,Yes,2.0,Psych,,,
W_A_F_DAJM_RU,DAJM_RU,W,L3,RU,RU,[GLCLC text removed],感,Attracted,MS,1119.0,53.75,Attracted,Yes,2.0,Psych,,,
W_A_F_FSHY_VN_6,FSHY_VN,W,L3,VN,VN,[GLCLC text removed],感,Attracted,MS,1119.0,53.75,Attracted,Yes,2.0,Psych,,,
W_A_F_MQH_VN_6,MQH_VN,W,L3,VN,VN,[GLCLC text removed],感,Attracted,MS,1119.0,53.75,Attracted,Yes,2.0,Psych,,,
W_A_M_CGL_MG_5,CGL_MG,W,L3,MG,Other,[GLCLC text removed],感,Attracted,MS,1119.0,53.75,Attracted,Yes,2.0,Psych,,,
W_A_M_DLST_UZ_1,DLST_UZ,W,L3,UZ,TK,[GLCLC text removed],感,Attracted,MS,1119.0,53.75,Attracted,Yes,2.0,Psych,,,
W_A_M_DLST_UZ_1,DLST_UZ,W,L3,UZ,TK,[GLCLC text removed],感,Attracted,MS,1119.0,53.75,Attracted,Yes,2.0,Psych,,,
W_A_M_HANL_KZ,HANL_KZ,W,L3,KZ,TK,[GLCLC text removed],感,Attracted,MS,1119.0,53.75,Attracted,Yes,2.0,Psych,,,
W_A_M_QS_US_1,QS_US,W,L3,US,EN,[GLCLC text removed],感,Attracted,MS,1119.0,53.75,Attracted,Yes,2.0,Psych,,,
W_A_M_WHY_TH_3,WHY_TH,W,L3,TH,TH,[GLCLC text removed],感,Attracted,MS,1119.0,53.75,Attracted,Yes,2.0,Psych,,,
W_A_M_YLYA_RU_1,YLYA_RU,W,L3,RU,RU,[GLCLC text removed],感,Attracted,MS,1119.0,53.75,Attracted,Yes,2.0,Psych,,,
W_A_F_LUJ_PA_2,LUJ_PA,W,L3,PA,ES,[GLCLC text removed],感,Attracted,MS,1119.0,53.75,Attracted,Yes,2.0,Psych,,,
W_A_F_FSHY_VN_5,FSHY_VN,W,L3,VN,VN,[GLCLC text removed],感,Attracted,MS,1119.0,53.75,Attracted,Yes,2.0,Psych,,,
W_A_F_LUJ_PA_1,LUJ_PA,W,L3,PA,ES,[GLCLC text removed],感,Attracted,MS,1119.0,53.75,Attracted,Yes,2.0,Psych,,,
W_A_M_RYQ_VN_1,RYQ_VN,W,L3,VN,VN,[GLCLC text removed],感,Attracted,MS,1119.0,53.75,Attracted,Yes,2.0,Psych,,,
W_A_M_RYQ_VN_1,RYQ_VN,W,L3,VN,VN,[GLCLC text removed],感,Attracted,MS,1119.0,53.75,Attracted,Yes,2.0,Psych,,,
W_A_M_ZLB_RU_1,ZLB_RU,W,L3,RU,RU,[GLCLC text removed],感,Attracted,MS,1119.0,53.75,Attracted,Yes,2.0,Psych,,,
W_A_F_LYN_RU_1,LYN_RU,W,L3,RU,RU,[GLCLC text removed],感,Attracted,MS,1119.0,53.75,Attracted,Yes,2.0,Psych,,,
W_A_M_HSHU_ID_2,HSHU_ID,W,L3,ID,Other,[GLCLC text removed],感,Attracted,MS,1119.0,53.75,Attracted,Yes,2.0,Psych,,,
W_A_M_HSHU_ID_2,HSHU_ID,W,L3,ID,Other,[GLCLC text removed],感,Attracted,MS,1119.0,53.75,Attracted,Yes,2.0,Psych,,,
W_A_F_JMZJ_KR,JMZJ_KR,W,L3,KR,KR,[GLCLC text removed],感,Attracted,MS,1119.0,53.75,Attracted,Yes,2.0,Psych,,,
W_A_F_MCWX_JP_1,MCWX_JP,W,L3,JP,JP,[GLCLC text removed],感,Attracted,MS,1119.0,53.75,Attracted,Yes,2.0,Psych,,,
W_A_M_CRHU_KR,CRHU_KR,W,L3,KR,KR,[GLCLC text removed],感,Attracted,MS,1119.0,53.75,Attracted,Yes,2.0,Psych,,,
W_A_M_TMEH_KZ_1,TMEH_KZ,W,L3,KZ,TK,[GLCLC text removed],感,Attracted,MS,1119.0,53.75,Attracted,Yes,2.0,Psych,,,
W_A_F_YTQZ_JP_2,YTQZ_JP,W,L3,JP,JP,[GLCLC text removed],感,Attracted,MS,1119.0,53.75,Attracted,Yes,2.0,Psych,,,
W_A_F_KELA_PE_2,KELA_PE,W,L3,PE,ES,[GLCLC text removed],感,Attracted,MS,1119.0,53.75,Attracted,Yes,2.0,Psych,,,
W_A_F_DOJM_KR_7,DOJM_KR,W,L3,KR,KR,[GLCLC text removed],感,Attracted,MS,1119.0,53.75,Attracted,Yes,2.0,Psych,,,
W_A_F_FSHY_VN_8,FSHY_VN,W,L3,VN,VN,[GLCLC text removed],感,Attracted,MS,1119.0,53.75,Attracted,Yes,2.0,Psych,,,
W_A_F_WLN_KZ_8,WLN_KZ,W,L3,KZ,TK,[GLCLC text removed],感,Attracted,MS,1119.0,53.75,Attracted,Yes,2.0,Psych,,,
W_A_M_HSMH_JP_8,HSMH_JP,W,L3,JP,JP,[GLCLC text removed],感,Attracted,MS,1119.0,53.75,Attracted,Yes,2.0,Psych,,,
W_A_M_QAL_KZ_6,QAL_KZ,W,L3,KZ,TK,[GLCLC text removed],感,Attracted,MS,1119.0,53.75,Attracted,Yes,2.0,Psych,,,
W_A_M_WPY_VN_6,WPY_VN,W,L3,VN,VN,[GLCLC text removed],感,Attracted,MS,1119.0,53.75,Attracted,Yes,2.0,Psych,,,
W_A_M_WWY_VN_5,WWY_VN,W,L3,VN,VN,[GLCLC text removed],感,Attracted,MS,1119.0,53.75,Attracted,Yes,2.0,Psych,,,
W_A_M_ZJM_IR_5,ZJM_IR,W,L3,IR,Other,[GLCLC text removed],感,Attracted,MS,1119.0,53.75,Attracted,Yes,2.0,Psych,,,
W_A_F_JBLU_KR_4,JBLU_KR,W,L3,KR,KR,[GLCLC text removed],感,Attracted,MS,1119.0,53.75,Attracted,Yes,2.0,Psych,,,
W_A_F_JBLU_KR_4,JBLU_KR,W,L3,KR,KR,[GLCLC text removed],感,Attracted,MS,1119.0,53.75,Attracted,Yes,2.0,Psych,,,
W_A_F_LMHU_BR,LMHU_BR,W,L3,BR,PT,[GLCLC text removed],感,Attracted,MS,1119.0,53.75,Attracted,Yes,2.0,Psych,,,
W_A_M_LK_FR_2,LK_FR,W,L3,FR,FR,[GLCLC text removed],感,Attracted,MS,1119.0,53.75,Attracted,Yes,2.0,Psych,,,
W_A_F_GB_MX_6,GB_MX,W,L3,MX,ES,[GLCLC text removed],感,Attracted,MS,1119.0,53.75,Attracted,Yes,2.0,Psych,,,
W_A_F_GB_MX_4,GB_MX,W,L3,MX,ES,[GLCLC text removed],感,Attracted,MS,1119.0,53.75,Attracted,Yes,2.0,Psych,,,
W_A_F_YLN_RU_5,YLN_RU,W,L3,RU,RU,[GLCLC text removed],感,Attracted,MS,1119.0,53.75,Attracted,Yes,2.0,Psych,,,
W_A_F_JBLU_KR_3,JBLU_KR,W,L3,KR,KR,[GLCLC text removed],感,Attracted,MS,1119.0,53.75,Attracted,Yes,2.0,Psych,,,
W_A_F_JML_KR_3,JML_KR,W,L3,KR,KR,[GLCLC text removed],感,Attracted,MS,1119.0,53.75,Attracted,Yes,2.0,Psych,,,
W_A_F_MQH_VN_5,MQH_VN,W,L3,VN,VN,[GLCLC text removed],感到,Attracted,MS,6686.0,5.56,Repelled,Yes,2.0,Psych,,,
W_A_F_YLN_RU_1,YLN_RU,W,L3,RU,RU,[GLCLC text removed],感到,Attracted,MS,6686.0,5.56,Repelled,Yes,2.0,Psych,,,
W_A_M_PWL_AU_3,PWL_AU,W,L3,AU,EN,[GLCLC text removed],感到,Attracted,MS,6686.0,5.56,Repelled,Yes,2.0,Psych,,,
W_A_F_HJQ_TH_4,HJQ_TH,W,L3,TH,TH,[GLCLC text removed],感到,Attracted,MS,6686.0,5.56,Repelled,Yes,2.0,Psych,,,
W_A_F_YLN_RU_5,YLN_RU,W,L3,RU,RU,[GLCLC text removed],感到,Attracted,MS,6686.0,5.56,Repelled,Yes,2.0,Psych,,,
W_A_M_KME_UZ_4,KME_UZ,W,L3,UZ,TK,[GLCLC text removed],打折,Repelled,DISP,1.0,0.0,Repelled,No,6.0,Social,,,
W_A_M_FZLD_UZ_5,FZLD_UZ,W,L3,UZ,TK,[GLCLC text removed],提出,Attracted,DA,4619.0,0.0,Repelled,No,6.0,Communication,,,
W_A_F_KJ_RU_1,KJ_RU,W,L3,RU,RU,[GLCLC text removed],敏感,Attracted,MS,141.0,1.85,Attracted,Yes,4.0,Psych,,,
W_A_F_MLT_TJ,MLT_TJ,W,L3,TJ,Other,[GLCLC text removed],是,Attracted,EVAL,4128.0,18.54,Repelled,Yes,1.0,Functional,,,
W_A_F_LY_SK_1,LY_SK,W,L3,SK,Other,[GLCLC text removed],是,Attracted,EVAL,4128.0,18.54,Repelled,Yes,1.0,Functional,,,
S_A_F_AYD_KG,AYD_KG,S,L3,KG,TK,[GLCLC text removed],有,Attracted,EVAL,11370.0,77.85,Attracted,Yes,1.0,Functional,,,
S_A_F_DJM_KR,DJM_KR,S,L3,KR,KR,[GLCLC text removed],有,Attracted,EVAL,11370.0,87.12,Attracted,Yes,1.0,Functional,,,
S_A_M_DBL_BF_3,DBL_BF,S,L3,BF,FR,[GLCLC text removed],有,Attracted,EVAL,11370.0,77.85,Attracted,Yes,1.0,Functional,,,
S_A_M_BAOLUO_CL_3,BAOLUO_CL,S,L3,CL,ES,[GLCLC text removed],有,Attracted,EVAL,11370.0,87.12,Attracted,Yes,1.0,Functional,,,
S_A_M_HH_SD_2,HH_SD,S,L3,SD,AR,[GLCLC text removed],有,Attracted,EVAL,11370.0,61.17,Attracted,Yes,1.0,Functional,,,
W_A_M_LDYU_KR_1,LDYU_KR,W,L3,KR,KR,[GLCLC text removed],有,Attracted,EVAL,11370.0,77.85,Attracted,Yes,1.0,Functional,,,
W_A_F_AM_GN_2,AM_GN,W,L3,GN,EN,[GLCLC text removed],有,Attracted,EVAL,11370.0,77.85,Attracted,Yes,1.0,Functional,,,
W_A_M_CYJ_KR_1,CYJ_KR,W,L3,KR,KR,[GLCLC text removed],有,Attracted,EVAL,11370.0,77.85,Attracted,Yes,1.0,Functional,,,
W_A_M_HJY_JP,HJY_JP,W,L3,JP,JP,[GLCLC text removed],有,Attracted,EVAL,11370.0,77.85,Attracted,Yes,1.0,Functional,,,
W_A_F_LHL_ID_3,LHL_ID,W,L3,ID,Other,[GLCLC text removed],有,Attracted,EVAL,11370.0,77.85,Attracted,Yes,1.0,Functional,,,
W_A_M_ADY_SE_4,ADY_SE,W,L3,SE,Other,[GLCLC text removed],有,Attracted,EVAL,11370.0,77.85,Attracted,Yes,1.0,Functional,,,
W_A_M_YLYA_RU_3,YLYA_RU,W,L3,RU,RU,[GLCLC text removed],有,Attracted,MS,23048.0,77.85,Attracted,Yes,1.0,Functional,,,
W_A_F_CLY_KR,CLY_KR,W,L3,KR,KR,[GLCLC text removed],有,Attracted,EVAL,11370.0,77.85,Attracted,Yes,1.0,Functional,,,
W_A_F_KLN_RU_1,KLN_RU,W,L3,RU,RU,[GLCLC text removed],有,Attracted,EVAL,11370.0,77.85,Attracted,Yes,1.0,Functional,,,
W_A_M_FZLD_UZ_6,FZLD_UZ,W,L3,UZ,TK,[GLCLC text removed],有,Attracted,EVAL,11370.0,77.85,Attracted,Yes,1.0,Functional,,,
W_A_M_AJX_KR_6,AJX_KR,W,L3,KR,KR,[GLCLC text removed],有,Attracted,EVAL,11370.0,77.85,Attracted,Yes,1.0,Functional,,,
W_A_M_CGL_MG_3,CGL_MG,W,L3,MG,Other,[GLCLC text removed],有,Attracted,MS,23048.0,77.85,Attracted,Yes,1.0,Functional,,,
W_A_M_LDYU_KR_2,LDYU_KR,W,L3,KR,KR,[GLCLC text removed],有,Attracted,EVAL,11370.0,77.85,Attracted,Yes,1.0,Functional,,,
S_A_F_JXY_KR,JXY_KR,S,L3,KR,KR,[GLCLC text removed],有,Attracted,EVAL,11370.0,77.85,Attracted,Yes,1.0,Functional,,,
S_A_F_TLL_UA,TLL_UA,S,L3,UA,Other,[GLCLC text removed],有,Attracted,EVAL,11370.0,77.85,Attracted,Yes,1.0,Functional,,,
S_A_M_ADY_SE,ADY_SE,S,L3,SE,Other,[GLCLC text removed],有,Attracted,EVAL,11370.0,77.85,Attracted,Yes,1.0,Functional,,,
S_A_M_CGL_MG,CGL_MG,S,L3,MG,Other,[GLCLC text removed],有,Attracted,EVAL,11370.0,77.85,Attracted,Yes,1.0,Functional,,,
W_A_F_YLN_RU_3,YLN_RU,W,L3,RU,RU,[GLCLC text removed],有,Attracted,EVAL,11370.0,77.85,Attracted,Yes,1.0,Functional,,,
W_A_M_NG_KZ_4,NG_KZ,W,L3,KZ,TK,[GLCLC text removed],有,Attracted,EVAL,11370.0,77.85,Attracted,Yes,1.0,Functional,,,
W_A_M_SSH_KZ_2,SSH_KZ,W,L3,KZ,TK,[GLCLC text removed],有,Attracted,MS,23048.0,77.85,Attracted,Yes,1.0,Functional,,,
W_A_F_JDHN_KR,JDHN_KR,W,L3,KR,KR,[GLCLC text removed],有,Attracted,EVAL,11370.0,77.85,Attracted,Yes,1.0,Functional,,,
W_A_F_MCWX_JP_1,MCWX_JP,W,L3,JP,JP,[GLCLC text removed],有,Attracted,EVAL,11370.0,77.85,Attracted,Yes,1.0,Functional,,,
W_A_F_MYS_BR,MYS_BR,W,L3,BR,PT,[GLCLC text removed],有,Attracted,EVAL,11370.0,77.85,Attracted,Yes,1.0,Functional,,,
W_A_F_ZEH_KR,ZEH_KR,W,L3,KR,KR,[GLCLC text removed],有,Attracted,EVAL,11370.0,77.85,Attracted,Yes,1.0,Functional,,,
W_A_F_KLN_RU_5,KLN_RU,W,L3,RU,RU,[GLCLC text removed],有,Attracted,EVAL,11370.0,77.85,Attracted,Yes,1.0,Functional,,,
W_A_F_ZZ_KZ_6,ZZ_KZ,W,L3,KZ,TK,[GLCLC text removed],有,Attracted,EVAL,11370.0,77.85,Attracted,Yes,1.0,Functional,,,
W_A_M_RJF_VN,RJF_VN,W,L3,VN,VN,[GLCLC text removed],有,Attracted,EVAL,11370.0,77.85,Attracted,Yes,1.0,Functional,,,
W_A_M_ZHX_VE_10,ZHX_VE,W,L3,VE,ES,[GLCLC text removed],有,Attracted,EVAL,11370.0,77.85,Attracted,Yes,1.0,Functional,,,
W_A_M_ZHX_VE_9,ZHX_VE,W,L3,VE,ES,[GLCLC text removed],有,Attracted,EVAL,11370.0,77.85,Attracted,Yes,1.0,Functional,,,
W_A_M_ZYK_VE_6,ZYK_VE,W,L3,VE,ES,[GLCLC text removed],有,Attracted,EVAL,11370.0,77.85,Attracted,Yes,1.0,Functional,,,
W_A_F_YESE_KZ_2,YESE_KZ,W,L3,KZ,TK,[GLCLC text removed],有,Attracted,EVAL,11370.0,77.85,Attracted,Yes,1.0,Functional,,,
W_A_M_HSMH_JP_7,HSMH_JP,W,L3,JP,JP,[GLCLC text removed],有,Attracted,EVAL,11370.0,77.85,Attracted,Yes,1.0,Functional,,,
S_A_M_HH_SD_3,HH_SD,S,L3,SD,AR,[GLCLC text removed],有,Attracted,EVAL,11370.0,87.12,Attracted,Yes,1.0,Functional,,,
W_A_M_FZLD_UZ_1,FZLD_UZ,W,L3,UZ,TK,[GLCLC text removed],有,Attracted,EVAL,11370.0,87.12,Attracted,Yes,1.0,Functional,,,
W_A_F_ASL_KZ_2,ASL_KZ,W,L3,KZ,TK,[GLCLC text removed],有,Attracted,MS,23048.0,77.85,Attracted,Yes,1.0,Functional,,,
W_A_F_JBLU_KR_1,JBLU_KR,W,L3,KR,KR,[GLCLC text removed],有,Attracted,EVAL,11370.0,77.85,Attracted,Yes,1.0,Functional,,,
S_A_F_LSJ_KR,LSJ_KR,S,L3,KR,KR,[GLCLC text removed],有,Attracted,EVAL,11370.0,87.12,Attracted,Yes,1.0,Functional,,,
S_A_F_KAL_PE,KAL_PE,S,L3,PE,ES,[GLCLC text removed],有,Attracted,EVAL,11370.0,87.12,Attracted,Yes,1.0,Functional,,,
S_A_M_HH_SD_7,HH_SD,S,L3,SD,AR,[GLCLC text removed],有,Attracted,EVAL,11370.0,87.12,Attracted,Yes,1.0,Functional,,,
W_A_F_ALU_KG_1,ALU_KG,W,L3,KG,TK,[GLCLC text removed],有,Attracted,EVAL,11370.0,87.12,Attracted,Yes,1.0,Functional,,,
W_A_F_XEY_MM_7,XEY_MM,W,L3,MM,Other,[GLCLC text removed],有,Attracted,EVAL,11370.0,87.12,Attracted,Yes,1.0,Functional,,,
W_A_F_HJQ_TH_4,HJQ_TH,W,L3,TH,TH,[GLCLC text removed],有,Attracted,EVAL,11370.0,87.12,Attracted,Yes,1.0,Functional,,,
S_A_M_ZCY_KR_1,ZCY_KR,S,L3,KR,KR,[GLCLC text removed],有,Attracted,EVAL,11370.0,77.85,Attracted,Yes,1.0,Functional,,,
S_A_M_ZCY_KR_1,ZCY_KR,S,L3,KR,KR,[GLCLC text removed],有,Attracted,EVAL,11370.0,77.85,Attracted,Yes,1.0,Functional,,,
W_A_F_LHL_ID_1,LHL_ID,W,L3,ID,Other,[GLCLC text removed],有,Attracted,EVAL,11370.0,87.12,Attracted,Yes,1.0,Functional,,,
W_A_F_YAL_KZ_4,YAL_KZ,W,L3,KZ,TK,[GLCLC text removed],有,Attracted,EVAL,11370.0,87.12,Attracted,Yes,1.0,Functional,,,
S_A_F_LJ_RU,LJ_RU,S,L3,RU,RU,[GLCLC text removed],有,Attracted,EVAL,11370.0,87.12,Attracted,Yes,1.0,Functional,,,
W_A_M_ZSD_RU_3,ZSD_RU,W,L3,RU,RU,[GLCLC text removed],有,Attracted,EVAL,11370.0,87.12,Attracted,Yes,1.0,Functional,,,
W_A_F_ZSY_TH_5,ZSY_TH,W,L3,TH,TH,[GLCLC text removed],有,Attracted,EVAL,11370.0,87.12,Attracted,Yes,1.0,Functional,,,
W_A_M_DBL_BF_2,DBL_BF,W,L3,BF,FR,[GLCLC text removed],有,Attracted,EVAL,11370.0,87.12,Attracted,Yes,1.0,Functional,,,
W_A_F_GB_MX_4,GB_MX,W,L3,MX,ES,[GLCLC text removed],有,Attracted,EVAL,11370.0,87.12,Attracted,Yes,1.0,Functional,,,
S_A_M_DBL_BF_5,DBL_BF,S,L3,BF,FR,[GLCLC text removed],有,Attracted,EVAL,11370.0,77.85,Attracted,Yes,1.0,Functional,,,
W_A_F_ALX_KZ_5,ALX_KZ,W,L3,KZ,TK,[GLCLC text removed],有,Attracted,EVAL,11370.0,87.12,Attracted,Yes,1.0,Functional,,,
W_A_F_JIN_RU_2,JIN_RU,W,L3,RU,RU,[GLCLC text removed],有,Attracted,EVAL,11370.0,87.12,Attracted,Yes,1.0,Functional,,,
W_A_M_PWL_AU_2,PWL_AU,W,L3,AU,EN,[GLCLC text removed],有,Attracted,EVAL,11370.0,77.85,Attracted,Yes,1.0,Functional,,,
W_A_F_SXX_KR,SXX_KR,W,L3,KR,KR,[GLCLC text removed],有,Attracted,EVAL,11370.0,77.85,Attracted,Yes,1.0,Functional,,,
W_A_F_YAL_KZ_5,YAL_KZ,W,L3,KZ,TK,[GLCLC text removed],有,Attracted,EVAL,11370.0,61.17,Attracted,Yes,1.0,Functional,,,
W_A_F_JBLU_KR_4,JBLU_KR,W,L3,KR,KR,[GLCLC text removed],有,Attracted,EVAL,11370.0,61.17,Attracted,Yes,1.0,Functional,,,
S_A_M_WGT_LT_2,WGT_LT,S,L3,LT,Other,[GLCLC text removed],有,Attracted,MS,23048.0,61.17,Attracted,Yes,1.0,Functional,,,
S_A_M_BJDG_JP,BJDG_JP,S,L3,JP,JP,[GLCLC text removed],有,Attracted,EVAL,11370.0,77.85,Attracted,Yes,1.0,Functional,,,
S_A_F_JML_KR_3,JML_KR,S,L3,KR,KR,[GLCLC text removed],有,Attracted,EVAL,11370.0,77.85,Attracted,Yes,1.0,Functional,,,
W_A_F_LYN_RU_1,LYN_RU,W,L3,RU,RU,[GLCLC text removed],有,Attracted,EVAL,11370.0,61.17,Attracted,Yes,1.0,Functional,,,
W_A_F_DLY_RU_1,DLY_RU,W,L3,RU,RU,[GLCLC text removed],有,Attracted,DISP,531.0,61.17,Attracted,Yes,1.0,Functional,,,
S_A_F_JXY_KR,JXY_KR,S,L3,KR,KR,[GLCLC text removed],满意,Attracted,MS,1602.0,25.95,Attracted,Yes,2.0,Psych,,,
S_A_M_WGT_LT_3,WGT_LT,S,L3,LT,Other,[GLCLC text removed],满意,Attracted,MS,1602.0,25.95,Attracted,Yes,2.0,Psych,,,
W_A_F_YESE_KZ_3,YESE_KZ,W,L3,KZ,TK,[GLCLC text removed],满意,Attracted,MS,1602.0,25.95,Attracted,Yes,2.0,Psych,,,
W_A_F_ASL_KZ_1,ASL_KZ,W,L3,KZ,TK,[GLCLC text removed],满意,Attracted,MS,1602.0,25.95,Attracted,Yes,2.0,Psych,,,
W_A_F_SNME_KR_1,SNME_KR,W,L3,KR,KR,[GLCLC text removed],满足,Attracted,MS,52.0,0.0,Repelled,Yes,4.0,Psych,,,
W_A_F_WSNA_KR_2,WSNA_KR,W,L3,KR,KR,[GLCLC text removed],烂熟于心,Repelled,MS,0.0,0.0,,Yes,6.0,Psych,,,
W_A_F_LJW_VE_1,LJW_VE,W,L3,VE,ES,[GLCLC text removed],熟悉,Attracted,MS,1180.0,5.56,Attracted,Yes,3.0,Psych,,,
W_A_F_HPL_TH_4,HPL_TH,W,L3,TH,TH,[GLCLC text removed],熟悉,Attracted,MS,1180.0,5.56,Attracted,Yes,3.0,Psych,,,
W_A_F_ZXLI_TH_4,ZXLI_TH,W,L3,TH,TH,[GLCLC text removed],熟悉,Attracted,MS,1180.0,5.56,Attracted,Yes,3.0,Psych,,,
W_A_F_FSHY_VN_7,FSHY_VN,W,L3,VN,VN,[GLCLC text removed],熟悉,Attracted,MS,1180.0,5.56,Attracted,Yes,3.0,Psych,,,
W_A_F_XMX_KR_4,XMX_KR,W,L3,KR,KR,[GLCLC text removed],熟悉,Attracted,MS,1180.0,5.56,Attracted,Yes,3.0,Psych,,,
W_A_F_MLK_KG,MLK_KG,W,L3,KG,TK,[GLCLC text removed],熟悉,Attracted,MS,1180.0,5.56,Attracted,Yes,3.0,Psych,,,
S_A_F_LYL_KR,LYL_KR,S,L3,KR,KR,[GLCLC text removed],理解,Attracted,MS,390.0,16.68,Repelled,No,3.0,Psych,,,
W_A_F_LY_SK_2,LY_SK,W,L3,SK,Other,[GLCLC text removed],理解,Attracted,MS,390.0,16.68,Repelled,No,3.0,Psych,,,
W_A_M_WHY_TH_1,WHY_TH,W,L3,TH,TH,[GLCLC text removed],理解,Attracted,MS,390.0,16.68,Repelled,No,3.0,Psych,,,
W_A_F_FSHY_VN_5,FSHY_VN,W,L3,VN,VN,[GLCLC text removed],留下,Attracted,MS,161.0,0.0,Repelled,No,6.0,Functional,,,
S_A_F_QYX_KR_2,QYX_KR,S,L3,KR,KR,[GLCLC text removed],相信,Repelled,MS,122.0,0.0,Repelled,No,2.0,Psych,,,
S_A_F_QYX_KR_2,QYX_KR,S,L3,KR,KR,[GLCLC text removed],相信,Repelled,MS,122.0,0.0,Repelled,No,2.0,Psych,,,
W_A_M_FZLD_UZ_7,FZLD_UZ,W,L3,UZ,TK,[GLCLC text removed],知道,Repelled,MS,492.0,1.85,Repelled,No,1.0,Psych,,,
W_A_M_AJX_KR_5,AJX_KR,W,L3,KR,KR,[GLCLC text removed],知道,Repelled,MS,492.0,1.85,Repelled,No,1.0,Psych,,,
W_A_M_AJ_KZ_1,AJ_KZ,W,L3,KZ,TK,[GLCLC text removed],糊涂,Repelled,MS,0.0,0.0,Repelled,No,4.0,Psych,,,
W_A_M_WHY_TH_1,WHY_TH,W,L3,TH,TH,[GLCLC text removed],自豪,Repelled,MS,16.0,0.0,Repelled,Yes,4.0,Psych,,,
W_A_F_YLN_RU_5,YLN_RU,W,L3,RU,RU,[GLCLC text removed],茫然,Repelled,MS,10.0,0.0,Repelled,No,6.0,Psych,,,
W_A_F_XEY_MM_5,XEY_MM,W,L3,MM,Other,[GLCLC text removed],表示,Attracted,DA,5528.0,7.41,Attracted,No,3.0,Communication,,,
W_A_M_PWL_AU_3,PWL_AU,W,L3,AU,EN,[GLCLC text removed],觉得,Repelled,MS,388.0,0.0,Repelled,No,1.0,Psych,,,
W_A_F_MCWX_JP_3,MCWX_JP,W,L3,JP,JP,[GLCLC text removed],负,Attracted,EVAL,718.0,7.41,Attracted,Yes,3.0,Functional,,,
W_A_F_ZXW_KR_2,ZXW_KR,W,L3,KR,KR,[GLCLC text removed],负,Attracted,EVAL,718.0,7.41,Attracted,Yes,3.0,Functional,,,
W_A_M_CFX_TH_2,CFX_TH,W,L3,TH,TH,[GLCLC text removed],负,Attracted,EVAL,718.0,7.41,Attracted,Yes,3.0,Functional,,,
W_A_M_ZCS_TH_2,ZCS_TH,W,L3,TH,TH,[GLCLC text removed],负,Attracted,EVAL,718.0,7.41,Attracted,Yes,3.0,Functional,,,
W_A_F_CAMLG_TH_2,CAMLG_TH,W,L3,TH,TH,[GLCLC text removed],赞同,Attracted,MS,54.0,0.0,Repelled,Yes,4.0,Psych,,,
W_A_F_JXZI_KR,JXZI_KR,W,L3,KR,KR,[GLCLC text removed],重要,Repelled,EVAL,400.0,9.27,Attracted,Yes,2.0,Attribute,,,
W_A_F_FSHY_VN_7,FSHY_VN,W,L3,VN,VN,[GLCLC text removed],陌生,Attracted,MS,100.0,0.0,Repelled,Yes,4.0,Psych,,,
W_A_F_CSXQ_VN_2,CSXQ_VN,W,L3,VN,VN,[GLCLC text removed],陌生,Attracted,MS,100.0,0.0,Repelled,Yes,4.0,Psych,,,
W_A_M_QAL_KZ_5,QAL_KZ,W,L3,KZ,TK,[GLCLC text removed],难,Repelled,EVAL,8.0,0.0,Repelled,No,2.0,Attribute,,,
W_A_F_DLY_RU_2,DLY_RU,W,L3,RU,RU,[GLCLC text removed],忘怀,Attracted,EVAL,49.0,0.0,Repelled,Yes,6.0,Psych,,,
W_A_F_DLY_RU_3,DLY_RU,W,L3,RU,RU,[GLCLC text removed],忘怀,Attracted,EVAL,49.0,0.0,Repelled,Yes,6.0,Psych,,,
W_A_F_ZSYA_TH_1,ZSYA_TH,W,L3,TH,TH,[GLCLC text removed],骄傲,Repelled,MS,9.0,0.0,Repelled,Yes,3.0,Psych,,,
S_B_M_ABD_YE,ABD_YE,S,L1,YE,AR,[GLCLC text removed],了解,Attracted,ABT,1829.0,12.98,Attracted,Yes,2.0,Psych,Error,Non-dui-construction,"Error type: This is a grammatical misuse - specifically, the student used the wrong grammatical marker. They substituted:
在 (progressive aspect: ""in the process of""). When they needed a degree adverb (越来越/更) Correct forms: 越来越了解了, 更了解了, 了解更多了"
W_B_F_RFM_VN,RFM_VN,W,L1,VN,VN,[GLCLC text removed],好玩,Repelled,EVAL,0.0,0.0,,No,6.0,Attribute,Error,Non-dui-construction,"对Y + Predicate (EVAL, no 来说 needed):. 重要 = property/quality (性质) - inherent characteristic. 有用、有害、有利、必要、关键 = properties that exist relative to Y. 对Y + 好玩 (WRONG) because 好玩 is a 感受/体验 (experiential feeling/subjective experience)?
It describes how someone experiences something, not an inherent property. The predicate doesn't match the construction's requirements."
W_B_F_OMLI_TH_1,OMLI_TH,W,L1,TH,TH,[GLCLC text removed],*,Attracted,EVAL,0.0,385.55,Attracted,*,1.0,Communication,Error,Omission,The error: Missing speech verb 说 - the learner treats 对我 as if it can directly introduce a clause/reported speech.
S_B_F_WJS_RU,WJS_RU,S,L1,RU,RU,[GLCLC text removed],是,Attracted,EVAL,4128.0,18.54,Repelled,Yes,1.0,Functional,Error,Non-dui-construction,"EVAL word order error: 对Y placed before subject; should be ""学习汉语对Y是..."" or fronted with 来说 ""对Y来说,学习汉语是..."""
W_B_F_OMLI_TH_1,OMLI_TH,W,L1,TH,TH,[GLCLC text removed],*,Attracted,EVAL,0.0,385.55,Attracted,*,1.0,Communication,Error,Omission,The error: Missing speech verb 说 - the learner treats 对我 as if it can directly introduce a clause/reported speech.
W_B_F_OMLI_TH_1,OMLI_TH,W,L1,TH,TH,[GLCLC text removed],*,Attracted,EVAL,0.0,385.55,Attracted,*,1.0,Communication,Error,Omission,The error: Missing speech verb 说 - the learner treats 对我 as if it can directly introduce a clause/reported speech.
S_B_M_ADL_YE,ADL_YE,S,L1,YE,AR,[GLCLC text removed],*,Attracted,MS,0.0,53.75,Attracted,Yes,2.0,Psych,Error,Word-Order,MS missing predicate: 对+N instead of full construction; should be 我对游泳有兴趣/感兴趣
S_B_F_JXJ_KR,JXJ_KR,S,L1,KR,KR,[GLCLC text removed],有,Attracted,MS,23048.0,77.85,Attracted,Yes,1.0,Functional,Error,Insertion,"Conflated 有兴趣 + 感兴趣 → *有感兴趣; use either 有兴趣 OR 感兴趣, not both"
S_B_F_LX_RU,LX_RU,S,L1,RU,RU,[GLCLC text removed],*,Attracted,EVAL,0.0,87.12,Attracted,*,1.0,Functional,Error,Collocational,"Wrong predicate form: 很印象 (印象=N, cannot take 很); should be 印象很深 or 印象深刻 for ""impressive"""
S_B_F_RSHF_VN,RSHF_VN,S,L1,VN,VN,[GLCLC text removed],有意思,Attracted,EVAL,33.0,87.12,Attracted,No,1.0,Attribute,Error,Collocational,"Inanimate subject + 感受-type predicate (有意思) requires 对Y来说; 对Y有意思 only works with animate X (MS: ""X is interested in Y"")"
S_B_F_JXY_KR+B_F_NEE_KR,NEE_KR,S,L1,KR,KR,[GLCLC text removed],送,Repelled,SI,13.0,0.0,Repelled,No,1.0,Social,Error,Collocational,"对-construction marks directional orientation, not transfer recipient; 送 (transfer verb) requires 给-construction for recipient; 对≠给. 给+送+物品 is conventionalized for gift transfer; 对+送 only in fixed expressions like 送秋波"
W_B_F_JXZU_KR,JXZU_KR,W,L1,KR,KR,[GLCLC text removed],有意思,Attracted,EVAL,33.0,87.12,Attracted,No,1.0,Attribute,Error,Collocational,Inanimate X (在广州的生活) + 感受-type predicate (有意思) requires 对Y来说 frame
W_B_F_ALUN_RU,ALUN_RU,W,L1,RU,RU,[GLCLC text removed],舒服,Repelled,EVAL,0.0,0.0,Repelled,No,2.0,Attribute,Error,Non-dui-construction,舒服 is experience - not innate property
S_B_M_LMN_TH_3,LMN_TH,S,L1,TH,TH,[GLCLC text removed],辛苦,Repelled,EVAL,0.0,0.0,Repelled,No,3.0,Attribute,Error,Non-dui-construction,辛苦 is experience - not innate property
W_B_F_JAN_RU,JAN_RU,W,L1,RU,RU,[GLCLC text removed],热衷,Attracted,MS,56.0,0.0,Repelled,No,6.0,Psych,Error,Collocational,热衷通常作为transitive verb 使用. TL低频、作为manner通常使用程度副词 - 对 Y 热衷 得很
S_B_M_AYO_TG,AYO_TG,S,L1,TG,EN,[GLCLC text removed],理解,Attracted,MS,390.0,16.68,Repelled,No,3.0,Psych,Error,Collocational,"语义不对, should be 了解"
S_B_M_CMX_VN,CMX_VN,S,L1,VN,VN,[GLCLC text removed],一样,Repelled,EVAL,91.0,0.0,Repelled,Yes,2.0,Attribute,Error,Non-dui-construction,X 对 Y 跟… 什么一样 is ok but it is used as DISP where X is the agent and Y is the reciient. Here the learner used this for EVAL but asimile requires 对 X 来说
S_B_F_JZY_KR,JZY_KR,S,L1,KR,KR,[GLCLC text removed],聊天,Repelled,DA,0.0,0.0,Repelled,No,2.0,Communication,Error,Collocational,deeper analysis beyond 'wrong proposition' or 'substitution' shows the reason this is wrong is because 聊天 is not conventionalised. There are 4 instances in the native corpus.
W_B_F_YRS_KR,YRS_KR,W,L1,KR,KR,[GLCLC text removed],说,Attracted,DA,63257.0,385.55,Attracted,No,1.0,Communication,Error,Word-Order,should be 对我的朋友说这经历
W_B_M_JJXH_JP,JJXH_JP,W,L1,JP,JP,[GLCLC text removed],说,Attracted,DA,63257.0,385.55,Attracted,No,1.0,Communication,Error,Collocational,"说话 is typically used with 和/跟. However, it is usedi in BCC 2536 times. These usage tend to require additional context, such as adverbs."
W_B_F_YRS_KR,YRS_KR,W,L1,KR,KR,[GLCLC text removed],问,Repelled,DA,166.0,0.0,Repelled,No,1.0,Communication,Error,Collocational,向/跟X问好 is conventionalized in TL; 对X问好 has low collostructional strength (BCC: only 5 instances). Learner overgeneralized 对 as directional marker.
W_I_F_CZJ_KR_1,CZJ_KR,W,L2,KR,KR,[GLCLC text removed],*,Attracted,EVAL,0.0,87.12,Attracted,*,1.0,Functional,Error,Omission,frame incomplete: missing copula 是; should be 对我们来说这件事情是好的记忆
W_I_F_SSXI_KR_3,SSXI_KR,W,L2,KR,KR,[GLCLC text removed],*,Attracted,EVAL,0.0,18.54,Repelled,*,1.0,Functional,Error,Omission,frame incomplete: missing copula 是; should be 对我来说是第一次去外国的机会
W_I_F_WUYM_CR_16,WUYM_CR,W,L2,CR,ES,[GLCLC text removed],*,Attracted,EVAL,0.0,87.12,Attracted,*,1.0,Functional,Error,Omission,frame incomplete: missing 是 or 有; should be 对外国学生有很好的影响 or 是很好的影响
W_I_F_SZYI_KR_3,SZYI_KR,W,L2,KR,KR,[GLCLC text removed],*,Attracted,EVAL,0.0,18.54,Repelled,*,1.0,Functional,Error,Omission,frame incomplete: missing copula 是; should be ...对工作的人是必须的条件
W_I_F_JRY_KR_3,JRY_KR,W,L2,KR,KR,[GLCLC text removed],*,Attracted,EVAL,0.0,18.54,Repelled,*,1.0,Functional,Error,Omission,frame incomplete: missing copula 是; should be 对女人是更好的条件
W_I_F_HZJ_KR_1,HZJ_KR,W,L2,KR,KR,[GLCLC text removed],*,Repelled,DISP,0.0,0.0,Repelled,*,3.0,Functional,Error,Omission,Simile construction requires 像; should be 对他们像父母一样
W_I_F_JHXU_KR_1,JHXU_KR,W,L2,KR,KR,[GLCLC text removed],不好意思,Repelled,MS,0.0,0.0,Repelled,No,6.0,Psych,Error,Collocational,MS with 不好意思 requires 感到 or 觉得 as psychological verb; should be 对家人觉得真不好意思
W_I_M_LDYI_KR_3,LDYI_KR,W,L2,KR,KR,[GLCLC text removed],不好意思,Repelled,MS,0.0,0.0,Repelled,No,6.0,Psych,Error,Collocational,MS with 不好意思 requires 感到 or 觉得 as psychological verb; should be 对他们觉得不好意思
S_I_F_JDYI_KR+I_,JDYI_KR+I_,S,L2,KR,KR,[GLCLC text removed],产生,Attracted,MS,3678.0,9.27,Attracted,Yes,4.0,Functional,Error,Non-dui-construction,"Causative meaning requires 使/让 construction, not 对; should be 这样的节目让孩子们产生了想象力"
S_I_F_GDX_KR_2,GDX_KR,S,L2,KR,KR,[GLCLC text removed],介绍,Attracted,SI,172.0,0.0,Repelled,No,1.0,Communication,Error,Collocational,给Y介绍 is more conventionalized and has higher collostructional strength than 对Y介绍 (BCC 197 only); should be 给李敏镐介绍一下
W_I_M_EI_RU_1,EI_RU,W,L2,RU,RU,[GLCLC text removed],介绍,Attracted,SI,172.0,0.0,Repelled,No,1.0,Communication,Error,Collocational,给Y介绍 is more conventionalized and has higher collostructional strength than 对Y介绍; should be 给您介绍我最喜欢的爱好
W_I_F_XX_TH,XX_TH,W,L2,TH,TH,[GLCLC text removed],伤心,Repelled,MS,12.0,0.0,Repelled,No,3.0,Psych,Error,Collocational,MS with animate Y (自己) dispreferred; causative frame 让+animate+psychological state is conventionalized; should be 让自己很伤心
W_I_F_SSXI_KR_9,SSXI_KR,W,L2,KR,KR,[GLCLC text removed],伤心,Repelled,MS,12.0,0.0,Repelled,No,3.0,Psych,Error,Collocational,MS with animate Y (他们) dispreferred; 他们让我伤心 preferred; (2) Word order error: 很对他们 → 对他们很
S_I_F_JA_KR_3,JA_KR,S,L2,KR,KR,[GLCLC text removed],健康,Repelled,EVAL,0.0,0.0,Repelled,No,2.0,Attribute,Error,Collocational,"Non-conventionalized collocation; 对身体好 or 对健康好 are entrenched patterns, not 对身体健康"
W_I_M_LMN_TH_14,LMN_TH,W,L2,TH,TH,[GLCLC text removed],健康,Repelled,EVAL,0.0,0.0,Repelled,No,2.0,Attribute,Error,Collocational,"对身体好 / 对健康好 are conventionalized, not 对身体健康; (2) 好看 is appearance, doesn't fit EVAL ""benefit for Y"" frame"
W_I_F_QSY_KR_1,QSY_KR,W,L2,KR,KR,[GLCLC text removed],印象,Repelled,MS,22.0,1.85,Attracted,No,3.0,Psych,Error,Word-Order,"MS configuration reversed: Experiencer (我) should be subject, not Y; should be 我对他印象很深 (I have deep impression of him) or causative 他让我印象很深"
W_I_F_LLS_TH_1,LLS_TH,W,L2,TH,TH,[GLCLC text removed],发生,Attracted,EVAL,247.0,1.85,Attracted,No,3.0,Functional,Error,Non-dui-construction,"对 doesn't mark ""recipient of event""; 发生 (happen) takes locative frame, not 对-construction; should be 不好的事情发生在我身上 or 我身上发生了不好的事情"
W_I_F_LLS_TH_3,LLS_TH,W,L2,TH,TH,[GLCLC text removed],发生,Attracted,EVAL,247.0,1.85,Attracted,No,3.0,Functional,Error,Non-dui-construction,"Same as above: 发生 requires locative frame, not 对-construction; should be 在我身上发生"
W_I_F_CAMLG_TH_7,CAMLG_TH,W,L2,TH,TH,[GLCLC text removed],受,Repelled,EVAL,0.0,0.0,Repelled,No,6.0,Functional,Error,Collocational,"对Y受欢迎 doesn't fit any 对-construction function; 受欢迎 is stative/passive (be popular), not an action toward Y; could be EVAL with 来说: 对女生们来说，娜莱雅品牌很受欢迎; or no 对: 娜莱雅品牌很受女生们的欢迎"
S_I_M_AHA_ID_1,AHA_ID,S,L2,ID,Other,[GLCLC text removed],听,Repelled,EVAL,60.0,0.0,Repelled,No,1.0,Physical,Error,Non-dui-construction,"对 doesn't mark experiencer/agent of resultative complement (V得C); learner may be translating ""to you"" → 对你们; should be 希望你们可以听得懂我的说话 or 希望我的说话你们能听得懂"
S_I_F_NSJP_RU_3,NSJP_RU,S,L2,RU,RU,[GLCLC text removed],可靠,Repelled,EVAL,0.0,0.0,Repelled,No,4.0,Attribute,Error,Collocational,"X-Y configuration reversed: if EVAL, 名牌 should be subject with 对我来说名牌可靠得多; if MS (trust), 我 should be subject with 我对名牌更信任/放心"
W_I_M_MHMAD_TJ_3,MHMAD_TJ,W,L2,TJ,Other,[GLCLC text removed],同意,Repelled,MS,21.0,0.0,Repelled,No,2.0,Psych,Error,Collocational,"同意 takes direct object (同意+NP/VP) or 对+abstract topic (对这件事同意); 对+animate person doesn't work because agreement is directed at a proposal/action, not toward a person; should be 妈妈同意了孩子(做某事)"
S_I_F_XSM_KR,XSM_KR,S,L2,KR,KR,[GLCLC text removed],告诉,Repelled,DA,0.0,0.0,Repelled,No,1.0,Communication,Error,Collocational,"告诉 is ditransitive taking recipient directly (告诉+recipient+content); 对+告诉 not conventionalized; 对+speech verb works with 说/讲 (DA), not 告诉; should be 我告诉朋友们... or 我对朋友们说..."
W_I_F_JHXI_KR_3,JHXI_KR,W,L2,KR,KR,[GLCLC text removed],告诉,Repelled,DA,0.0,0.0,Repelled,No,1.0,Communication,Error,Collocational,"Same pattern: 告诉 takes direct recipient, not 对-marked; should be 告诉丈夫今天发现的事儿 or 对丈夫说今天发现的事儿"
W_I_F_GKA_TH_2,GKA_TH,W,L2,TH,TH,[GLCLC text removed],喜欢,Repelled,MS,182.0,1.85,Repelled,Yes,1.0,Psych,Error,Word-Order,对 inserted incorrectly into clause structure; intended meaning has no 对-construction; should be 我发现了我喜欢中文的原因 or if MS: 我发现了我对中文感兴趣的原因
W_I_F_LWL_ID_14,LWL_ID,W,L2,ID,Other,[GLCLC text removed],多,Repelled,EVAL,2.0,3.71,Repelled,No,1.0,Attribute,Error,Non-dui-construction,EVAL perspective frame requires 来说 at sentence-initial position; should be 对我们外国人来说，中国的人太多
W_I_F_JZXU_KR_4,JZXU_KR,W,L2,KR,KR,[GLCLC text removed],套近乎,Attracted,DA,0.0,0.0,,No,6.0,Social,Error,Collocational,"跟/向X套近乎 is conventionalized; 套近乎 implies approaching/getting familiar, 跟 better captures reciprocal movement; 对 as pure directional is dispreferred here"
W_I_M_BJM_AO_2,BJM_AO,W,L2,AO,PT,[GLCLC text removed],好,Repelled,EVAL,60.0,0.0,Repelled,Yes,1.0,Attribute,Error,Collocational,"Incomplete/incoherent frame: if MS (dislike), requires psychological predicate 我对广州菜没好感/不喜欢; if EVAL, requires proper structure 广州菜对我来说不好; bare 对Y+不好 would be DISP ""treat Y badly"" requiring animate Y"
W_I_F_JZNA_KR_3,JZNA_KR,W,L2,KR,KR,[GLCLC text removed],好,Repelled,EVAL,60.0,0.0,Repelled,Yes,1.0,Attribute,Error,Non-dui-construction,EVAL frame missing copula 是; should be 对我是很好的地方 or 对我来说是很好的地方
W_I_F_JZUE_KR_5,JZUE_KR,W,L2,KR,KR,[GLCLC text removed],*,Attracted,EVAL,0.0,18.54,Repelled,*,1.0,Functional,Error,Omission,EVAL frame missing copula 是; should be 对我来说那时候的回忆很好 or 对我来说那个时候是很好的回忆
W_I_F_WDLY_RU_4,WDLY_RU,W,L2,RU,RU,[GLCLC text removed],*,Attracted,EVAL,0.0,18.54,Repelled,*,1.0,Functional,Error,Omission,EVAL frame missing copula 是; should be 对我是最好的经历
W_I_F_YR_ES_8,YR_ES,W,L2,ES,ES,[GLCLC text removed],感谢,Attracted,MS,43.0,0.0,Repelled,No,3.0,Psych,Error,Word-Order,"Multiple errors: word order chaotic, 对这样 doesn't form coherent Y-phrase; possibly intended 对此我很感谢 or 因为这样我很感谢"
W_I_F_LZSA_KR_3,LZSA_KR,W,L2,KR,KR,[GLCLC text removed],对不起,Repelled,DA,0.0,0.0,,No,1.0,Communication,Error,Collocational,对不起 is lexicalized verb with internal 对; cannot function as MS predicate with external 对Y; learner treated 对不起 as regular psychological verb; should be 对不起她 (transitive) or 觉得对不起她
W_I_F_PML_CG_2,PML_CG,W,L2,CG,FR,[GLCLC text removed],小心翼翼,Repelled,DISP,6.0,0.0,,Yes,5.0,Manner,Error,Collocational,"Y-phrase (酒量=alcohol tolerance) and predicate (小心翼翼=careful) don't cohere; one is careful toward alcohol/drinking, not toward alcohol capacity; should be 对喝酒小心翼翼"
W_I_F_LHYI_VN_7,LHYI_VN,W,L2,VN,VN,[GLCLC text removed],开心,Repelled,MS,0.0,0.0,Repelled,No,3.0,Psych,Error,Collocational,"对Y开心 requires Y to be achievement/event (BCC: 获奖, 能买到); 我 as Y-phrase not conventionalized; should be 我很开心 or 对X我很开心 (X=achievement)"
W_I_F_NJ_RU_2,NJ_RU,W,L2,RU,RU,[GLCLC text removed],开心,Repelled,EVAL,0.0,0.0,Repelled,No,3.0,Psych,Error,Non-dui-construction,"对Y开心 requires Y to be achievement/event (BCC: 获奖, 能买到); 我 as Y-phrase not conventionalized; should be 我很开心 or 对X我很开心 (X=achievement)"
W_I_F_JZHX_KR_2,JZHX_KR,W,L2,KR,KR,[GLCLC text removed],影响,Attracted,EVAL,733.0,11.12,Attracted,Yes,2.0,Functional,Error,Collocational,"EVAL 影响 takes degree (影响很大) or nominal form (有影响/产生影响), not transitive 影响了+NP; learner conflated EVAL and causative frames; should be 对我影响很大 or X影响了我的决定"
W_I_F_HNN_PE_3,HNN_PE,W,L2,PE,ES,[GLCLC text removed],辣,Repelled,EVAL,0.0,0.0,Repelled,No,3.0,Attribute,Error,Non-dui-construction,"辣 is 感受-type (taste experience), not 性质-type; requires 对Y来说; should be 对他来说中国菜很辣"
W_I_F_MX_CS,MX_CS,W,L2,CS,Other,[GLCLC text removed],舒服,Repelled,EVAL,0.0,0.0,Repelled,No,2.0,Attribute,Error,Non-dui-construction,"舒服 is 感受-type (bodily sensation), not 性质-type; requires 对Y来说; should be 这个方式对他来说很舒服"
W_I_F_CAMLG_TH_3,CAMLG_TH,W,L2,TH,TH,[GLCLC text removed],快乐,Repelled,MS,0.0,0.0,Repelled,No,1.0,Psych,Error,Collocational,"对Y快乐 not conventionalized in BCC; 快乐 typically describes general state, not Y-triggered; should be 对工作很满意 or 对工作感到满足"
W_I_F_CZJ_KR_1,CZJ_KR,W,L2,KR,KR,[GLCLC text removed],怕,Attracted,EVAL,90.0,0.0,Repelled,No,1.0,Psych,Error,Non-dui-construction,"X-Y configuration reversed: Experiencer (我们) should be subject, not Y; should be 我们对X真的怕"
S_I_F_DLYH_RU_1,DLYH_RU,S,L2,RU,RU,[GLCLC text removed],感,Attracted,EVAL,1119.0,53.75,Attracted,Yes,2.0,Psych,Error,Non-dui-construction,Experiencer must precede 对Y in MS; should be 我对∅感兴趣的工作
W_I_F_HHC_KR_2,HHC_KR,W,L2,KR,KR,[GLCLC text removed],感到,Attracted,MS,6686.0,5.56,Repelled,Yes,2.0,Psych,Error,Collocational," 有人情味并不是一个可以被激发的心理活动. 有人情味 is property OF 广东人, not psychological state IN X; 感到 requires X's internal state; should be 觉得广东人很有人情味"
S_I_F_NS_ML_2,NS_ML,S,L2,ML,FR,[GLCLC text removed],愿意,Repelled,MS,0.0,0.0,Repelled,No,2.0,Psych,Error,Non-dui-construction,愿意 is modal verb requiring VP complement; incomplete construction; should be 我愿意跟大家一起坐公交车
W_I_F_HLM_KR_1,HLM_KR,W,L2,KR,KR,[GLCLC text removed],成为,Repelled,EVAL,15.0,0.0,Repelled,No,3.0,Functional,Error,Non-dui-construction,EVAL frame missing 是 or 来说; should be 对我来说成为难忘的记忆 or 对我是难忘的记忆
W_I_F_QZY_KR_2,QZY_KR,W,L2,KR,KR,[GLCLC text removed],打,Repelled,SI,37.0,0.0,Repelled,No,1.0,Communication,Error,Collocational,给X打电话 is conventionalized for call recipient; 对 doesn't mark phone call recipient; should be 给老公打个电话
W_I_F_YY_KR_2,YY_KR,W,L2,KR,KR,[GLCLC text removed],推荐,Repelled,SI,0.0,0.0,Repelled,No,4.0,Communication,Error,Collocational,Transfer verb 推荐 (recommend) takes 给 or double object for recipient: 给我推荐X / 推荐给我X; 对 doesn't mark indirect object/recipient with transfer verbs
W_I_F_YTQZ_JP_3,YTQZ_JP,W,L2,JP,JP,[GLCLC text removed],教,Repelled,SI,0.0,0.0,Repelled,No,2.0,Social,Error,Collocational,TL低频  (5 times). Teaching verb 教 takes 给 or double object for recipient: 给学生教Y / 教学生Y; 对 cannot mark teaching recipient
W_I_F_ZJJ_KR,ZJJ_KR,W,L2,KR,KR,[GLCLC text removed],教,Repelled,SI,0.0,0.0,Repelled,No,2.0,Social,Error,Collocational,TL低频  (5 times). Teaching verb 教 takes 给 or double object for recipient: 给X教Y / 教XY; 对X教Y is not a conventionalized pattern in Chinese
W_I_M_YTHZ_JP,YTHZ_JP,W,L2,JP,JP,[GLCLC text removed],教,Repelled,SI,0.0,0.0,Repelled,No,2.0,Social,Error,Collocational,TL低频  (5 times).Teaching verb 教 takes 给 or double object for recipient: 给外国人教语言 / 教外国人语言; 对 cannot mark teaching recipient
W_I_M_YTHZ_JP,YTHZ_JP,W,L2,JP,JP,[GLCLC text removed],教,Repelled,SI,0.0,0.0,Repelled,No,2.0,Social,Error,Collocational,TL低频  (5 times). Transfer/teaching verb 教(育) takes 给 or double object for recipient: 给同事教X / 教同事X; 对 cannot mark teaching recipient
W_I_F_YYZ_KR_4,YYZ_KR,W,L2,KR,KR,[GLCLC text removed],新奇,Attracted,EVAL,0.0,0.0,Repelled,Yes,6.0,Attribute,Error,Non-dui-construction,新奇 is 感受-type (experiential) predicate describing subjective novelty; bare 对Y only works with 性质-type (inherent property) predicates; 感受-type requires perspective frame 对Y来说: 对我来说很新奇
S_I_F_JHF_KR,JHF_KR,S,L2,KR,KR,[GLCLC text removed],是,Attracted,EVAL,4128.0,18.54,Repelled,Yes,1.0,Functional,Error,Non-dui-construction,Incomplete/orphaned structure; 对我是 doesn't form coherent construction; likely attempting perspective frame 对我来说，我觉得我是善良的
W_I_M_MHMAD_TJ_3,MHMAD_TJ,W,L2,TJ,Other,[GLCLC text removed],是,Attracted,EVAL,4128.0,18.54,Repelled,Yes,1.0,Functional,Error,Non-dui-construction,Multiple 对 used chaotically without coherent structure; unanalyzable
W_I_M_MHMAD_TJ_3,MHMAD_TJ,W,L2,TJ,Other,[GLCLC text removed],好,Repelled,EVAL,60.0,0.0,Repelled,Yes,1.0,Attribute,Error,Non-dui-construction,Attempting perspective frame but structure incoherent; intended meaning unclear; possibly 对我来说，你身体好就好了，不要别的
W_I_F_YIL_BR_8,YIL_BR,W,L2,BR,PT,[GLCLC text removed],*,Attracted,EVAL,0.0,18.54,Repelled,*,1.0,Functional,Error,Non-dui-construction,Topicalized 对Y used where 对Y来说 perspective frame required; correct: 对我的朋友们来说，是第一次去海边
W_I_F_JHXI_KR_2,JHXI_KR,W,L2,KR,KR,[GLCLC text removed],感受,Attracted,EVAL,66.0,0.0,Repelled,No,4.0,Psych,Error,Non-dui-construction,"Causative meaning ""X makes Y feel Z"" has no 对-construction equivalent; Chinese uses 让/使/给 for causative: 这个特点让人感到冷漠 / 这个特点给人冷漠的印象"
W_I_F_JJB_KR_4,JJB_KR,W,L2,KR,KR,[GLCLC text removed],有,Attracted,MS,11370.0,77.85,Attracted,Yes,1.0,Functional,Error,Collocational,"MS requires 有+N or 觉得+Adj; 浪漫 is adjective, cannot follow 有; correct: 我觉得招待所很浪漫 or 对我来说招待所很浪漫"
W_I_F_JHXU_KR_1,JHXU_KR,W,L2,KR,KR,[GLCLC text removed],有,Attracted,EVAL,11370.0,61.17,Attracted,Yes,1.0,Functional,Error,Collocational,关心 as verb takes direct object directly: 关心我的教育; 对X有关心 is not conventionalized; also 教 incomplete (教育/教学?)
W_I_M_ADH_RU_3,ADH_RU,W,L2,RU,RU,[GLCLC text removed],有,Attracted,MS,23048.0,77.85,Attracted,Yes,1.0,Functional,Error,Non-dui-construction,丰富 doesn't collocate with 印象; conventionalized patterns are 印象深刻/印象很深; correct: 对我印象很深
S_I_F_JZUE_KR_2,JZUE_KR,S,L2,KR,KR,[GLCLC text removed],*,Attracted,EVAL,0.0,87.12,Attracted,*,1.0,Functional,Error,Non-dui-construction,Topicalized 对Y with 感受-type predicate 有意思; requires 来说 frame; correct: 对我来说很有意思的经历
W_I_F_SF_RU_2,SF_RU,W,L2,RU,RU,[GLCLC text removed],有,Attracted,EVAL,11370.0,87.12,Attracted,Yes,1.0,Functional,Error,Non-dui-construction,"Structure broken; 度过 needs object, 对老太太 not properly integrated; possibly intended: 对老太太来说，度过[时间]有什么意思？"
W_I_M_NJX_KR_1,NJX_KR,W,L2,KR,KR,[GLCLC text removed],有意思,Attracted,EVAL,33.0,87.12,Attracted,No,1.0,Psych,Error,Non-dui-construction,Topicalized 对Y with 感受-type predicate 有意思; requires 来说 frame; correct: 对我来说最有意思的地方是澳门
W_I_F_TKLS_JP,TKLS_JP,W,L2,JP,JP,[GLCLC text removed],有,Attracted,MS,23048.0,77.85,Attracted,Yes,1.0,Functional,Error,Insertion,Blended two forms: 对X有兴趣 + 对X感兴趣 → *对X有感兴趣; correct: 对中国有兴趣 OR 对中国感兴趣
W_I_F_SJNS_JP,SJNS_JP,W,L2,JP,JP,[GLCLC text removed],有,Attracted,MS,23048.0,77.85,Attracted,Yes,1.0,Functional,Error,Insertion,Blended two forms: 对X有兴趣 + 对X感兴趣 → *对X有感兴趣; correct: 对中国有兴趣 OR 对中国感兴趣
W_I_F_ZLE_KR,ZLE_KR,W,L2,KR,KR,[GLCLC text removed],有,Attracted,MS,23048.0,77.85,Attracted,Yes,1.0,Functional,Error,Insertion,Blended two forms: 对X有兴趣 + 对X感兴趣 → *对X有感兴趣; correct: 对中国有兴趣 OR 对中国感兴趣
W_I_F_JYU_KZ_2,JYU_KZ,W,L2,KZ,TK,[GLCLC text removed],有,Attracted,MS,23048.0,77.85,Attracted,Yes,1.0,Functional,Error,Insertion,Blended two forms: 对X有兴趣 + 对X感兴趣 → *对X有感兴趣; correct: 对中国有兴趣 OR 对中国感兴趣
W_I_F_YYL_TH_3,YYL_TH,W,L2,TH,TH,[GLCLC text removed],有,Attracted,EVAL,11370.0,77.85,Attracted,Yes,1.0,Functional,Error,Insertion,Blended two forms: 对X有兴趣 + 对X感兴趣 → *对X有感兴趣; correct: 对中国有兴趣 OR 对中国感兴趣
W_I_F_GBQ_TH_5,GBQ_TH,W,L2,TH,TH,[GLCLC text removed],有,Attracted,MS,23048.0,77.85,Attracted,Yes,1.0,Functional,Error,Insertion,Blended two forms: 对X有兴趣 + 对X感兴趣 → *对X有感兴趣; correct: 对中国有兴趣 OR 对中国感兴趣
W_I_F_JYN_KR,JYN_KR,W,L2,KR,KR,[GLCLC text removed],有,Attracted,MS,23048.0,77.85,Attracted,Yes,1.0,Functional,Error,Insertion,Blended two forms: 对X有兴趣 + 对X感兴趣 → *对X有感兴趣; correct: 对中国有兴趣 OR 对中国感兴趣
W_I_F_ZXLI_TH_5,ZXLI_TH,W,L2,TH,TH,[GLCLC text removed],有趣,Repelled,EVAL,0.0,0.0,Repelled,No,1.0,Attribute,Error,Non-dui-construction,"Perspective/experiencer frame ""for me"" requires 对Y来说; 有趣 is 感受-type predicate; correct: 对我来说很有趣"
W_I_F_LYSU_KR_1,LYSU_KR,W,L2,KR,KR,[GLCLC text removed],有,Attracted,EVAL,11370.0,87.12,Attracted,Yes,1.0,Functional,Error,Non-dui-construction,"Perspective frame ""for me, there's X"" requires 对Y来说; bare 对Y doesn't mark existential perspective; correct: 对我来说有一个问题 or simply 我有一个问题"
W_I_F_CZJ_KR_1,CZJ_KR,W,L2,KR,KR,[GLCLC text removed],怕,Attracted,MS,90.0,77.85,Attracted,No,1.0,Psych,Error,Collocational,MS structure valid (X对Y没有[emotion]) but 怕的感觉 not conventionalized; use 不害怕/没有恐惧感/不怕人; correct: (猴子们)对人不害怕 or 对人没有恐惧感
W_I_F_LWL_ID_7,LWL_ID,W,L2,ID,Other,[GLCLC text removed],沮丧,Repelled,MS,0.0,0.0,Repelled,Yes,5.0,Psych,Error,Word-Order,MS construction with 对Y in wrong position; 沮丧 should follow 对Y phrase; correct: 片山由美对自己没学好英文和中文感到很沮丧
S_I_F_JZNA_KR+I_,JZNA_KR+I_,S,L2,KR,KR,[GLCLC text removed],深刻,Repelled,EVAL,0.0,0.0,Repelled,No,4.0,Attribute,Error,Non-dui-construction,Missing 印象 in MS pattern 对Y印象深刻; correct: 对我来说印象最深刻的是摩托车 or 让我印象最深刻的是摩托车
W_I_F_JZXU_KR_4,JZXU_KR,W,L2,KR,KR,[GLCLC text removed],深刻,Repelled,MS,0.0,0.0,Repelled,No,4.0,Psych,Error,Omission,Missing 印象 in MS pattern 对Y印象深刻; correct: 让我对印度印象深刻
W_I_F_JZXU_KR_4,JZXU_KR,W,L2,KR,KR,[GLCLC text removed],深刻,Repelled,EVAL,0.0,0.0,Repelled,No,4.0,Attribute,Error,Non-dui-construction,Missing 印象; attempting MS 对Y印象深刻 or perspective frame; correct: 我对这想法印象非常深刻 or 对我来说这想法非常深刻
W_I_F_ANA_RU_3,ANA_RU,W,L2,RU,RU,[GLCLC text removed],满足,Attracted,EVAL,52.0,0.0,Repelled,Yes,4.0,Psych,Error,Non-dui-construction,"MS experiencer must be subject (她对X满意), not Y; also 满足≠满意 (满意=satisfied with; 满足=content/satisfy); correct: 她满意的工作 or 让她满足的工作"
W_I_F_YY_KR_1,YY_KR,W,L2,KR,KR,[GLCLC text removed],熟,Attracted,EVAL,48.0,0.0,Repelled,Yes,3.0,Attribute,Error,Non-dui-construction,"Perspective frame ""for us, X is unfamiliar"" requires 对Y来说; bare 对Y cannot function as perspective marker; correct: 对我们来说，X不熟悉"
W_I_F_YZX_KR_2,YZX_KR,W,L2,KR,KR,[GLCLC text removed],熟悉,Attracted,EVAL,1180.0,5.56,Attracted,Yes,3.0,Psych,Error,Non-dui-construction,"Perspective frame ""for me, familiar"" requires 对Y来说; correct: 对我来说很熟悉的城市"
W_I_F_YZX_KR_2,YZX_KR,W,L2,KR,KR,[GLCLC text removed],熟悉,Attracted,EVAL,1180.0,5.56,Attracted,Yes,3.0,Psych,Error,Non-dui-construction,"Perspective frame ""for me, familiar"" requires 对Y来说; correct: 对我来说很熟悉的城市"
W_I_M_YCHI_VN,YCHI_VN,W,L2,VN,VN,[GLCLC text removed],熟悉,Attracted,EVAL,1180.0,5.56,Attracted,Yes,3.0,Psych,Error,Non-dui-construction,"Perspective frame ""for me, becoming familiar"" requires 对Y来说; correct: 对我来说越来越熟悉"
W_I_F_PRL_KR_2,PRL_KR,W,L2,KR,KR,[GLCLC text removed],特别,Repelled,EVAL,1.0,0.0,Repelled,No,2.0,Attribute,Error,Non-dui-construction,"Perspective frame ""for me"" requires 对Y来说; correct: 对我来说很特别的理由"
W_I_F_JZXIU_KR_1,JZXIU_KR,W,L2,KR,KR,[GLCLC text removed],珍惜,Attracted,EVAL,64.0,0.0,Repelled,Yes,4.0,Psych,Error,Non-dui-construction,"Perspective frame ""for me"" requires 对Y来说; correct: 对本人来说非常珍惜 OR if MS intended: 本人对X非常珍惜"
W_I_F_JJB_KR_6,JJB_KR,W,L2,KR,KR,[GLCLC text removed],生疏,Attracted,EVAL,10.0,0.0,,No,5.0,Attribute,Error,Non-dui-construction,"Perspective frame ""for me, unfamiliar"" requires 对Y来说; correct: 对我来说有点生疏"
W_I_M_LK_FR_2,LK_FR,W,L2,FR,FR,[GLCLC text removed],留下,Attracted,MS,161.0,0.0,Repelled,No,4.0,Functional,Error,Non-dui-construction,"留(下)印象 takes 给 for recipient, not 对; correct: 给我留下很深的印象; also 大 doesn't collocate with 印象 (use 深)"
S_I_M_SUZY_KR_2,SUZY_KR,S,L2,KR,KR,[GLCLC text removed],留下,Attracted,MS,161.0,0.0,Repelled,No,4.0,Functional,Error,Non-dui-construction,留下印象 takes 给 for recipient; correct: X给我留下深刻的印象
S_I_M_SUZY_KR_2,SUZY_KR,S,L2,KR,KR,[GLCLC text removed],留下,Attracted,MS,161.0,0.0,Repelled,No,4.0,Functional,Error,Non-dui-construction,留下印象 takes 给 for recipient; correct: X给我们留下很好的印象
W_I_M_SUZY_KR,SUZY_KR,W,L2,KR,KR,[GLCLC text removed],留下,Attracted,MS,161.0,0.0,Repelled,No,4.0,Functional,Error,Non-dui-construction,留下印象 takes 给 for recipient; correct: X给我留下了很好的印象
W_I_F_JDR_KR_4,JDR_KR,W,L2,KR,KR,[GLCLC text removed],留下,Attracted,MS,161.0,0.0,Repelled,No,4.0,Functional,Error,Non-dui-construction,留下印象 takes 给 for recipient; correct: 给我留下很深印象的是那里的风景
W_I_F_SSXI_KR_8,SSXI_KR,W,L2,KR,KR,[GLCLC text removed],感动,Repelled,MS,46.0,0.0,Repelled,No,3.0,Psych,Error,Non-dui-construction,"Perspective frame ""in their eyes / to them"" requires 对Y来说; learner treating bare 对Y as perspective marker; correct: 对他们来说，老人看起来很感动"
S_I_M_AILAN_PK_3,AILAN_PK,S,L2,PK,Other,[GLCLC text removed],知道,Repelled,EVAL,492.0,1.85,Repelled,No,1.0,Psych,Error,Non-dui-construction,"Learner treating 对Y as perspective ""for you""; requires 对Y来说 or restructure: 对你来说有的东西却不知道 / 有的东西你却不知道"
S_I_M_MW_RU,MW_RU,S,L2,RU,RU,[GLCLC text removed],知道,Repelled,MS,492.0,1.85,Repelled,No,1.0,Psych,Error,Collocational,"BCC - 501； 知道 takes direct object, not 对Y; correct: 知道中国很多事情的人 or use 对X了解: 对中国了解很多的人"
W_I_F_QFM_KR_1,QFM_KR,W,L2,KR,KR,[GLCLC text removed],给,Attracted,DA,27.0,0.0,Repelled,No,1.0,Functional,Error,Collocational,给 not 对 for showing to someone; correct: 给我们看地图问路
W_I_F_YR_ES_14,YR_ES,W,L2,ES,ES,[GLCLC text removed],是,Attracted,EVAL,4128.0,18.54,Repelled,Yes,1.0,Functional,Error,Word-Order,Valid EVAL construction but elements mispositioned; 对Y should precede predicate; correct: 它对每个来这儿上学的人是绝无仅有的
W_I_F_NSJB_RU_1,NSJB_RU,W,L2,RU,RU,[GLCLC text removed],行,Repelled,EVAL,167.0,0.0,Repelled,No,3.0,Functional,Error,Collocational,Structure incoherent; intended meaning unclear; possibly: 对我们好一点 or 对我们来说行
W_I_F_JYU_KZ_5,JYU_KZ,W,L2,KZ,TK,[GLCLC text removed],好,Repelled,EVAL,60.0,0.0,Repelled,Yes,1.0,Attribute,Error,Collocational,"访问 takes direct object, not 对Y; correct: 访问她很顺利 or 对她的访问很顺利"
W_I_M_MHMAD_TJ_3,MHMAD_TJ,W,L2,TJ,Other,[GLCLC text removed],送,Repelled,SI,13.0,0.0,Repelled,No,1.0,Social,Error,Collocational,Transfer verb 送 takes 给 for recipient; correct: 给妈妈从中国送一个礼物
W_I_F_KELA_PE_1,KELA_PE,W,L2,PE,ES,[GLCLC text removed],重要,Repelled,EVAL,400.0,9.27,Attracted,Yes,2.0,Attribute,Error,Non-dui-construction,Perspective frame requires 对Y来说; correct: 对学外语来说，最重要的是了解那个地方/国家的文化
W_I_F_LCL_KR_1,LCL_KR,W,L2,KR,KR,[GLCLC text removed],问,Repelled,DA,166.0,0.0,Repelled,No,1.0,Communication,Error,Collocational,"“问”和对的contingeny非常低 BCC-186; 问 takes direct object or 向/跟 for asking someone; correct: 问孩子""什么事？"" or 向孩子问"
W_I_F_JJB_KR_9,JJB_KR,W,L2,KR,KR,[GLCLC text removed],问,Repelled,DA,166.0,0.0,Repelled,No,1.0,Communication,Error,Collocational,问 takes direct object or 向/跟; correct: 问女人们这个问题的话 or 向女人们问这个问题的话
W_I_F_HLM_KR_1,HLM_KR,W,L2,KR,KR,[GLCLC text removed],问,Repelled,DA,166.0,0.0,Repelled,No,1.0,Communication,Error,Collocational,"""When asking them for directions"" - 问路 takes 向Y问路 or direct object pattern, not 对Y; correct: 向他们问路的时候"
W_I_F_XAW_ML_4,XAW_ML,W,L2,ML,FR,[GLCLC text removed],陌生,Attracted,MS,100.0,0.0,Repelled,Yes,4.0,Psych,Error,Omission,"""I feel unfamiliar with them"" - MS pattern but missing 感到; correct: 对他们感到陌生"
W_I_F_TKLS_JP,TKLS_JP,W,L2,JP,JP,[GLCLC text removed],难,Repelled,EVAL,8.0,0.0,Repelled,No,2.0,Attribute,Error,Non-dui-construction,"""The study content there is difficult for me"" - perspective frame needs 对我来说; correct: 对我来说，那边的学习内容很难"
W_I_F_WML_KR_3,WML_KR,W,L2,KR,KR,[GLCLC text removed],难,Repelled,EVAL,8.0,0.0,Repelled,No,2.0,Attribute,Error,Non-dui-construction,"""For some people, Chinese names are difficult to pronounce"" - perspective frame needs 对...来说/对于; correct: 对有的人来说，中国名字比较难说"
W_I_M_MLIK_TJ,MLIK_TJ,W,L2,TJ,Other,[GLCLC text removed],难,Repelled,ABT,8.0,0.0,Repelled,No,2.0,Attribute,Error,Word-Order,"ABT construction ""regarding my eating"" - 对我吃饭 should be fronted as topic, not placed at end; correct: 对我吃饭（这件事），有一点难 or 对于我吃饭来说，有一点难"
S_I_F_JZUE_KR_2,JZUE_KR,S,L2,KR,KR,[GLCLC text removed],*,Attracted,EVAL,0.0,18.54,Repelled,*,1.0,Functional,Error,Omission,EVAL construction missing copula 是; correct: 这是对我真的难忘的一个旅行
S_I_F_JZUE_KR_2,JZUE_KR,S,L2,KR,KR,[GLCLC text removed],*,Attracted,EVAL,0.0,18.54,Repelled,*,1.0,Functional,Error,Omission,EVAL construction missing copula 是; correct: 这是对我很难忘的旅行
W_I_F_CZJ_KR_1,CZJ_KR,W,L2,KR,KR,[GLCLC text removed],难忘,Attracted,EVAL,14.0,0.0,Repelled,No,6.0,Psych,Error,Non-dui-construction,"""It's unforgettable for me"" - perspective; correct: 对我来说很难忘"
W_I_F_HZJ_KR_2,HZJ_KR,W,L2,KR,KR,[GLCLC text removed],*,Attracted,EVAL,0.0,18.54,Repelled,*,1.0,Functional,Error,Omission,EVAL construction missing copula 是; correct: 这是对我真的难忘的一个旅行
W_I_F_RXBHZ_JP,RXBHZ_JP,W,L2,JP,JP,[GLCLC text removed],难忘,Attracted,EVAL,14.0,0.0,Repelled,No,6.0,Psych,Error,Non-dui-construction,Same - perspective frame; correct: 对我来说很难忘
W_I_F_SZXY_KR,SZXY_KR,W,L2,KR,KR,[GLCLC text removed],难忘,Attracted,EVAL,14.0,0.0,Repelled,No,6.0,Psych,Error,Non-dui-construction,Same - perspective frame; correct: 对我来说很难忘
W_I_M_SGY_KR_3,SGY_KR,W,L2,KR,KR,[GLCLC text removed],难忘,Attracted,EVAL,14.0,0.0,Repelled,No,6.0,Psych,Error,Non-dui-construction,Same - perspective frame; correct: 对我来说很难忘
W_I_F_JA_KR_5,JA_KR,W,L2,KR,KR,[GLCLC text removed],顽皮,Repelled,EVAL,0.0,0.0,Repelled,No,6.0,Attribute,Error,Non-dui-construction,"""If the children are very naughty (for me)"" - 顽皮 is property of children, not directed at someone; needs 对我来说; correct: 对我来说，孩子们太顽皮的话"
W_I_F_LHYI_VN_12,LHYI_VN,W,L2,VN,VN,[GLCLC text removed],骂,Repelled,DA,96.0,1.85,Repelled,No,4.0,Communication,Error,Collocational,"""Scolded her"" - 骂 takes direct object; correct: 骂她"
W_I_M_HYH_KR_1,HYH_KR,W,L2,KR,KR,[GLCLC text removed],骗,Repelled,DISP,0.0,0.0,Repelled,No,3.0,Social,Error,Collocational,"""Deceived me about..."" - 骗 takes direct object; correct: 骗我; 1 instance in BCC."
S_I_F_NS_ML_1,NS_ML,S,L2,ML,FR,[GLCLC text removed],高兴,Repelled,MS,78.0,0.0,Repelled,No,1.0,Psych,Error,Non-dui-construction,"""If this salesperson does something that makes me unhappy"" - incomplete sentence, causative intended; structure broken"
S_I_M_ALFD_GN_3,ALFD_GN,S,L2,GN,EN,[GLCLC text removed],高兴,Repelled,MS,78.0,0.0,Repelled,No,1.0,Psych,Error,Non-dui-construction,"""If this salesperson does something that makes me unhappy"" - incomplete sentence, causative intended; structure broken"
W_I_F_LZYO_KR,LZYO_KR,W,L2,KR,KR,[GLCLC text removed],鼓起,Repelled,EVAL,0.0,0.0,Repelled,No,6.0,Functional,Error,Collocational,"""Gave them courage/encouraged them"" - 鼓起勇气 is reflexive (muster one's own courage); correct: 鼓励他们 or 给他们鼓励"
S_I_M_DYSR_JP+I_,DYSR_JP+I_,S,L2,JP,JP,[GLCLC text removed],*,,Purpose,0.0,0.0,,No,,,Error,Non-dui-construction,"Purpose meaning ""in order to understand..."" requires 为了, not 对; correct: 为了了解那些其他亚洲国家的文化"
S_I_M_MALK_TJ,MALK_TJ,S,L2,TJ,Other,[GLCLC text removed],*,,Purpose,0.0,0.0,,No,,,Error,Non-dui-construction,"Purpose meaning ""in order to understand..."" requires 为了, not 对; correct: 为了了解那些其他亚洲国家的文化"
W_I_F_YZX_KR_1,YZX_KR,W,L2,KR,KR,[GLCLC text removed],帮,Repelled,DISP,13.0,0.0,Repelled,No,1.0,Social,Error,Word-Order,"""Any diet's effect helps..."" - 对 doesn't fit here; structure broken"
W_I_F_SXX_KR_2,SXX_KR,W,L2,KR,KR,[GLCLC text removed],发生,Attracted,EVAL,247.0,1.85,Attracted,No,3.0,Functional,Error,Non-dui-construction,"""For me, a student learning Chinese, a wish arose"" - perspective frame needs 对我来说; correct: 对我这个学中文的学生来说"
W_I_F_YY_TH_3,YY_TH,W,L2,TH,TH,[GLCLC text removed],幸福,Repelled,MS,0.0,0.0,Repelled,No,3.0,Psych,Error,Non-dui-construction,"让/使; ""The second use is it makes you happy"" - causative meaning needs 让/使; correct: 让你很幸福"
W_I_F_YY_TH_3,YY_TH,W,L2,TH,TH,[GLCLC text removed],讨厌,Repelled,EVAL,75.0,0.0,Repelled,No,3.0,Psych,Error,Non-dui-construction,"""It's annoying and heartbreaking for you"" - perspective frame; correct: 对你来说很讨厌"
W_I_F_BYL_BR_3,BYL_BR,W,L2,BR,PT,[GLCLC text removed],不如,Repelled,EVAL,8.0,0.0,Repelled,No,4.0,Attribute,Error,Non-dui-construction,"""For Chinese proficiency, writing is not as good as speaking practice"" - perspective; correct: 对于汉语水平来说"
W_I_F_SCYS_JP_2,SCYS_JP,W,L2,JP,JP,[GLCLC text removed],好用,Repelled,EVAL,0.0,0.0,Repelled,No,6.0,Attribute,Error,Non-dui-construction,"""A phone easy to use for elderly and children"" - perspective; correct: 对老人和小孩子来说好用的手机"
W_I_F_PRL_KR_4,PRL_KR,W,L2,KR,KR,[GLCLC text removed],扔,Attracted,DA,23.0,0.0,Repelled,No,3.0,Physical,Error,Collocational,"""After throwing the ball hard at him"" - physical direction uses 向/朝, not 对; correct: 朝他把球使劲扔出去"
W_I_F_JZUE_KR_2,JZUE_KR,W,L2,KR,KR,[GLCLC text removed],难忘,Attracted,EVAL,14.0,0.0,Repelled,No,6.0,Psych,Error,Non-dui-construction,"""Unforgettable for me"" - perspective frame needs 对我来说; correct: 对我来说很难忘"
W_I_F_JZUE_KR_2,JZUE_KR,W,L2,KR,KR,[GLCLC text removed],难忘,Attracted,EVAL,14.0,0.0,Repelled,No,6.0,Psych,Error,Non-dui-construction,Same - perspective; correct: 对我来说难忘
W_I_F_QBYZ_JP_6,QBYZ_JP,W,L2,JP,JP,[GLCLC text removed],难忘,Attracted,EVAL,14.0,0.0,Repelled,No,6.0,Psych,Error,Omission,EVAL construction missing copula 是; correct: (这)对路易丝是难忘的礼物 or 对路易丝来说是难忘的礼物
W_I_M_ZCYT_JP_1,ZCYT_JP,W,L2,JP,JP,[GLCLC text removed],带来,Attracted,EVAL,820.0,0.0,Repelled,No,6.0,Functional,Error,Collocational,"OV incompatible, 语义不对，带来通常+负面 。""Brought wonderful influence to young me"" - 精彩 doesn't collocate with 影响 (use 深刻/积极); also 带来影响 is typically negative or neutral"
W_I_F_LXJ_KR_2,LXJ_KR,W,L2,KR,KR,[GLCLC text removed],*,Attracted,EVAL,0.0,87.12,Attracted,*,1.0,Functional,Error,Omission,EVAL missing 有; correct: 对我很有帮助
W_I_M_LTT_KR,LTT_KR,W,L2,KR,KR,[GLCLC text removed],吃,Repelled,MS,12.0,0.0,Repelled,No,1.0,Physical,Error,Non-dui-construction,"ABT construction ""regarding normal Chinese food"" - 对Y is identifiable as topic frame but structure needs reorganizing; correct: 对于一般中国菜，我吃不了，因为中国菜陌生的香味…"
S_I_M_CL_GN,CL_GN,S,L2,GN,EN,[GLCLC text removed],想,Repelled,MS,228.0,0.0,Repelled,No,1.0,Psych,Error,Non-dui-construction,"Doubled 对, false start; structure broken"
W_I_F_WAL_EE_4,WAL_EE,W,L2,EE,Other,[GLCLC text removed],感觉,Attracted,MS,130.0,0.0,Repelled,Yes,3.0,Psych,Error,Collocational,"MS pattern but 感觉 doesn't work here; correct: 对自己感到自豪 (感到, not 感觉)"
S_I_M_QFS_KR,QFS_KR,S,L2,KR,KR,[GLCLC text removed],*,Attracted,EVAL,0.0,18.54,Repelled,*,1.0,Functional,Error,Non-dui-construction,"""It's the same for your body"" - perspective frame; correct: 对你的身体来说是一样"
W_I_M_YCHI_VN,YCHI_VN,W,L2,VN,VN,[GLCLC text removed],不错,Attracted,EVAL,2.0,18.54,Repelled,Yes,1.0,Attribute,Error,Non-dui-construction,"""For me, an average student, it's not bad"" - perspective; correct: 对我这样一般的学生来说，还不错"
S_I_M_QFS_KR,QFS_KR,S,L2,KR,KR,[GLCLC text removed],健康,Repelled,EVAL,0.0,0.0,Repelled,No,2.0,Attribute,Error,Collocational,健康 doesn't function as EVAL predicate in 对Y pattern; conventionalized forms are 对身体好/有益/有好处; correct: 对你的身体好/有益
W_I_M_LDYI_KR_4,LDYI_KR,W,L2,KR,KR,[GLCLC text removed],兴奋,Repelled,MS,29.0,0.0,Repelled,No,3.0,Psych,Error,Collocational,MS predicate 兴奋 typically takes inanimate Y (event/news as stimulus); 男孩 (animate) doesn't align; correct: 对生了男孩（这件事）兴奋不已 or 为有了男孩兴奋不已
W_I_M_MHMAD_TJ_3,MHMAD_TJ,W,L2,TJ,Other,[GLCLC text removed],有,Attracted,EVAL,11370.0,87.12,Attracted,Yes,1.0,Functional,Error,Non-dui-construction,"""For me...only you in my heart"" - perspective; correct: 对我来说，在我心里只有你"
S_I_M_AMT_TJ,AMT_TJ,S,L2,TJ,Other,[GLCLC text removed],友好,Attracted,DISP,31.0,87.12,Attracted,Yes,1.0,Manner,Error,Collocational,友好 not conventionalized as EVAL predicate; correct: 对身体好/有益
W_I_F_YYQH_JP_1,YYQH_JP,W,L2,JP,JP,[GLCLC text removed],应该,Repelled,EVAL,3.0,0.0,Repelled,No,1.0,Functional,Error,Collocational,应该 not conventionalized as EVAL predicate; construction doesn't work
W_I_F_CXYA_KR_1,CXYA_KR,W,L2,KR,KR,[GLCLC text removed],变,Repelled,EVAL,1.0,0.0,Repelled,No,2.0,Functional,Error,Collocational,"EVAL requires stative/innate property, but 变好 is dynamic change-of-state; correct: (这)会让你的皮肤变好 (causative)"
W_I_F_WLLY_RU_3,WLLY_RU,W,L2,RU,RU,[GLCLC text removed],好,Repelled,EVAL,60.0,0.0,Repelled,Yes,1.0,Attribute,Error,Non-dui-construction,"""Which is best for me"" - perspective; correct: 对我来说哪一个最好"
W_I_F_SF_RU_1,SF_RU,W,L2,RU,RU,[GLCLC text removed],好,Repelled,EVAL,60.0,0.0,Repelled,Yes,1.0,Attribute,Error,Non-dui-construction,"EVAL ""trip is good for mind/heart"" - valid construction but wrong order; correct: 这个旅途对脑筋和心头很好"
W_I_F_JA_KR_4,JA_KR,W,L2,KR,KR,[GLCLC text removed],*,Attracted,EVAL,0.0,18.54,Repelled,*,1.0,Functional,Error,Omission,EVAL missing copula 是; correct: 这是对我真不好的回忆
W_I_M_HSE_PK_6,HSE_PK,W,L2,PK,Other,[GLCLC text removed],好,Repelled,DISP,613.0,5.56,Repelled,Yes,1.0,Manner,Error,Non-dui-construction,"""Have good relationship with me"" - 关系 takes 和/跟, not 对; correct: 别人会跟我关系好"
W_I_F_BYL_BR_3,BYL_BR,W,L2,BR,PT,[GLCLC text removed],好,Repelled,EVAL,60.0,0.0,Repelled,Yes,1.0,Attribute,Error,Collocational,EVAL construction but 全面 (adjective) doesn't fit the noun slot; needs nominalized form 整体性; correct: 对用语言表达的整体性特别好
W_I_F_LXHU_KR_6,LXHU_KR,W,L2,KR,KR,[GLCLC text removed],*,Attracted,EVAL,0.0,18.54,Repelled,*,1.0,Functional,Error,Omission,"EVAL ""precious experience for me"" missing copula 是; correct: 这对我是很宝贵的经验"
W_I_M_SGY_KR_3,SGY_KR,W,L2,KR,KR,[GLCLC text removed],建议,Repelled,DA,16.0,0.0,Repelled,No,3.0,Communication,Error,Collocational,"TL低频 （21 instances）； 建议 takes 向/给 or direct object, not 对; correct: 向我建议 or 给我建议 or 建议我"
S_I_F_CLY_KR,CLY_KR,S,L2,KR,KR,[GLCLC text removed],放开,Attracted,EVAL,44.0,0.0,Repelled,No,4.0,Functional,Error,Non-dui-construction,"""Regarding advertising liberalization"" - topic frame needs 对于; correct: 对于广告放开，我觉得..."
W_I_F_LXHU_KR_2,LXHU_KR,W,L2,KR,KR,[GLCLC text removed],*,Attracted,EVAL,0.0,18.54,Repelled,*,1.0,Functional,Error,Omission,"EVAL ""indispensable part for Korean economy"" missing copula 是; correct: 这是对韩国经济必不可少的部分"
S_I_M_HAS_CU_1,HAS_CU,S,L2,CU,ES,[GLCLC text removed],有,Attracted,MS,23048.0,77.85,Attracted,Yes,1.0,Functional,Error,Insertion,MS - blending 有兴趣 + 感兴趣 → *有很感兴趣; correct: 对中国很有兴趣 or 对中国很感兴趣
S_I_F_PML_CG_2,PML_CG,S,L2,CG,FR,[GLCLC text removed],有,Attracted,MS,23048.0,77.85,Attracted,Yes,1.0,Functional,Error,Insertion,MS - blending 没有兴趣 + 不感兴趣 → *没有感兴趣; correct: 对硬币没有兴趣 or 对硬币不感兴趣
S_I_F_YYQ_CH,YYQ_CH,S,L2,CH,Other,[GLCLC text removed],感,Attracted,MS,1119.0,53.75,Attracted,Yes,2.0,Psych,Error,Collocational,MS - blending 没有兴趣 + 不感兴趣 → *没感兴趣; correct: 对足球一点都没兴趣 or 对足球一点都不感兴趣
W_I_F_SJNS_JP,SJNS_JP,W,L2,JP,JP,[GLCLC text removed],有,Attracted,MS,23048.0,77.85,Attracted,Yes,1.0,Functional,Error,Insertion,MS - same blending; correct: 对中国没有兴趣 or 对中国不感兴趣
W_I_M_ZYK_VE,ZYK_VE,W,L2,VE,ES,[GLCLC text removed],感,Attracted,EVAL,1119.0,53.75,Attracted,Yes,2.0,Psych,Error,Word-Order,"Intended ""young people aren't interested"" but structure is broken - cannot identify construction type; correct: 年轻人对这个不感兴趣，所以只有我一个人敢玩儿"
W_I_F_JDR_KR_1,JDR_KR,W,L2,KR,KR,[GLCLC text removed],感到,Attracted,MS,6686.0,5.56,Repelled,Yes,2.0,Psych,Error,Insertion,"MS - blending 感到 + 兴趣; conventionalized forms are 感兴趣 or 有兴趣, not *感到兴趣; correct: 对方言第一次感兴趣 or 对方言第一次有兴趣"
W_I_F_QY_TH_2,QY_TH,W,L2,TH,TH,[GLCLC text removed],感,Attracted,MS,1119.0,53.75,Attracted,Yes,2.0,Psych,Error,Insertion,MS - blending 没有兴趣 + 不感兴趣 → *没有感兴趣; correct: 对汉语没有兴趣 or 对汉语不感兴趣
W_I_M_HSE_PK_1,HSE_PK,W,L2,PK,Other,[GLCLC text removed],感,Attracted,MS,1119.0,53.75,Attracted,Yes,2.0,Psych,Error,Insertion,"MS - 感兴趣 is verb, cannot be nominalized with 的; noun slot requires 兴趣; correct: 对中文的兴趣不一样"
W_I_F_LWL_ID_12,LWL_ID,W,L2,ID,Other,[GLCLC text removed],滋长,Repelled,MS,0.0,0.0,,Yes,6.0,Psych,Error,Insertion,MS - 滋长 takes noun object but 感兴趣 is verb; correct: 对中国滋长了兴趣
W_I_F_JJL_KR_2,JJL_KR,W,L2,KR,KR,[GLCLC text removed],感,Attracted,MS,1119.0,53.75,Attracted,Yes,2.0,Psych,Error,Collocational,MS - *没感兴趣 is blending of 没有兴趣 + 不感兴趣; correct: 对汉语没有兴趣 or 对汉语不感兴趣
W_I_F_ZYY_VE_9,ZYY_VE,W,L2,VE,ES,[GLCLC text removed],感,Attracted,MS,1119.0,53.75,Attracted,Yes,2.0,Psych,Error,Collocational,"MS stative predicate 感兴趣 requires 不 for negation, not 没; correct: 对中国不感兴趣，但专门喜欢看成龙的电影"
W_I_F_QBYZ_JP_11,QBYZ_JP,W,L2,JP,JP,[GLCLC text removed],感,Attracted,MS,1119.0,53.75,Attracted,Yes,2.0,Psych,Error,Non-dui-construction,"Intended ""It's interesting to me"" (perspective) not ""interested IN me"" (MS); needs 对我来说; correct: 对我来说很有意思"
W_I_F_LCL_KR_1,LCL_KR,W,L2,KR,KR,[GLCLC text removed],投,Attracted,SI,94.0,0.0,Repelled,No,6.0,Physical,Error,Collocational,"DA - 投球 ""throw ball at"" takes 向/朝, not 对; correct: 向/朝那个男人投球以后"
S_I_F_NSJP_RU_3,NSJP_RU,S,L2,RU,RU,[GLCLC text removed],可靠,Attracted,EVAL,0.0,18.54,Repelled,No,3.0,Attribute,Error,Non-dui-construction,"Intended ""For Chinese people, ads with foreigners are most reliable"" - perspective frame; correct: 对中国人来说，有外国人的广告是最可靠的"
S_I_M_LBO_SE,LBO_SE,S,L2,SE,Other,[GLCLC text removed],有,Attracted,MS,23048.0,77.85,Attracted,Yes,1.0,Functional,Error,Non-dui-construction,MS - elements wrongly positioned; correct: 对我印象很好 or 我对X的印象很好
S_I_M_QFS_KR,QFS_KR,S,L2,KR,KR,[GLCLC text removed],有,Attracted,ABT,11370.0,87.12,Attracted,Yes,1.0,Functional,Error,Insertion,Structure severely broken; intended meaning unclear
S_I_M_QFS_KR,QFS_KR,S,L2,KR,KR,[GLCLC text removed],有,Attracted,EVAL,11370.0,87.12,Attracted,Yes,1.0,Functional,Error,Collocational,"Structure broken - *有升了 ungrammatical, *高血力 should be 高血压; intended causative: 也会让你的身体血压升高"
W_I_F_LXHU_KR_2,LXHU_KR,W,L2,KR,KR,[GLCLC text removed],有,Attracted,EVAL,11370.0,77.85,Attracted,Yes,1.0,Functional,Error,Collocational,MS - *自豪心 not conventionalized; correct: 对汉语有自豪感 or 对汉语感到自豪
W_I_F_YTJ_JP,YTJ_JP,W,L2,JP,JP,[GLCLC text removed],有,Attracted,EVAL,11370.0,61.17,Attracted,Yes,1.0,Functional,Error,Collocational,SI - 有了+activity doesn't align with 对Y pattern; correct: 对日本国民进行了迅速救助 (SI) or 为日本国民开展了救助活动
W_I_F_LMY_TH_1,LMY_TH,W,L2,TH,TH,[GLCLC text removed],有,Attracted,EVAL,11370.0,87.12,Attracted,Yes,1.0,Functional,Error,Non-dui-construction,"""For you it might not be special"" - perspective frame; correct: 对你来说可能不太特别"
W_I_M_ABL_UZ_3,ABL_UZ,W,L2,UZ,TK,[GLCLC text removed],有,Attracted,SI,11370.0,61.17,Attracted,Yes,1.0,Functional,Error,Word-Order,"EVAL ""discounts for students"" - 有优惠 reversed to *优惠有; correct: 对学生们大学里面都有优惠"
W_I_F_DFH_TH_3,DFH_TH,W,L2,TH,TH,[GLCLC text removed],有,Attracted,EVAL,11370.0,87.12,Attracted,Yes,1.0,Functional,Error,Non-dui-construction,"""For life there are big changes"" - perspective frame; correct: 对生活来说有很大的变化 or simply 生活有很大的变化"
W_I_F_TKLS_JP,TKLS_JP,W,L2,JP,JP,[GLCLC text removed],有意思,Attracted,EVAL,33.0,87.12,Attracted,No,1.0,Functional,Error,Non-dui-construction,"construction""It's interesting to me"" - perspective frame; correct: 对我来说很有意思"
W_I_M_SUZY_KR,SUZY_KR,W,L2,KR,KR,[GLCLC text removed],*,Attracted,EVAL,0.0,87.12,Attracted,*,1.0,Functional,Error,Omission,"""A memory interesting to me"" - perspective frame; correct: 对我来说很有意思的回忆"
W_I_M_MLIK_TJ,MLIK_TJ,W,L2,TJ,Other,[GLCLC text removed],有意思,Attracted,EVAL,33.0,87.12,Attracted,No,1.0,Psych,Error,Non-dui-construction,"""It's been interesting to me"" - perspective frame; correct: 对我来说很有意思"
S_I_F_AMEI_MU_3,AMEI_MU,S,L2,MU,Other,[GLCLC text removed],有,Attracted,EVAL,11370.0,87.12,Attracted,Yes,1.0,Functional,Error,Collocational,"EVAL - 有提高 doesn't function as EVAL predicate; 提高 is a verb, not a noun that fits 有+N slot; correct: 对身体有好处"
S_I_M_LC_TH_3,LC_TH,S,L2,TH,TH,[GLCLC text removed],有用,Attracted,EVAL,0.0,87.12,Attracted,No,1.0,Attribute,Error,Collocational,EVAL - 有用的 not conventionalized as predicate form; correct: 对身体有用 (without 的) or 对身体有好处
W_I_M_PZH_KR,PZH_KR,W,L2,KR,KR,[GLCLC text removed],有,Attracted,EVAL,11370.0,61.17,Attracted,Yes,1.0,Functional,Error,Non-dui-construction,"Intended ""when treating others"" needs 对待别人, not 对别人的时候; structure broken"
W_I_F_PMG_KR_2,PMG_KR,W,L2,KR,KR,[GLCLC text removed],有,Attracted,EVAL,11370.0,87.12,Attracted,Yes,1.0,Functional,Error,Non-dui-construction,"""For me he's interesting"" - perspective frame needs 对我来说; correct: 对我来说他很有趣"
W_I_F_NLSA_KG_3,NLSA_KG,W,L2,KG,TK,[GLCLC text removed],热衷,Attracted,MS,56.0,0.0,Repelled,No,6.0,Psych,Error,Collocational,"MS - 热衷 conventionally takes 于, not 对; correct: 对中国和中文热衷于其次 or 热衷于中国和中文"
W_I_M_WJS_MU,WJS_MU,W,L2,MU,Other,[GLCLC text removed],熟悉,Attracted,EVAL,1180.0,5.56,Attracted,Yes,3.0,Psych,Error,Non-dui-construction,"""For me it's familiar"" - perspective frame; correct: 对我来说很熟悉"
W_I_M_LMA_PT_2,LMA_PT,W,L2,PT,PT,[GLCLC text removed],熟悉,Attracted,EVAL,1180.0,5.56,Attracted,Yes,3.0,Psych,Error,Non-dui-construction,"""For us it's unfamiliar"" - perspective frame; correct: 对我们来说不熟悉"
W_I_F_YSLI_PE_3,YSLI_PE,W,L2,PE,ES,[GLCLC text removed],答谢,Repelled,DA,0.0,0.0,Repelled,No,6.0,Communication,Error,Collocational,TL低频(BCC只有三个); DA - 答谢 is low frequency with 对 (BCC: 3); conventionalized form is 向父母答谢 or 感谢父母
W_I_F_YR_ES_8,YR_ES,W,L2,ES,ES,[GLCLC text removed],给力,Repelled,DISP,0.0,0.0,Repelled,Yes,6.0,Manner,Error,Collocational,AV Incompatible; DISP - 给力 not conventionalized as DISP predicate toward animate Y; correct: 对我非常恭敬
W_I_F_HHC_KR_2,HHC_KR,W,L2,KR,KR,[GLCLC text removed],舒服,Repelled,EVAL,0.0,0.0,Repelled,No,2.0,Attribute,Error,Collocational,"EVAL - 舒服 describes how stomach feels, not effect FOR stomach; correct: 肚子很舒服 or 对肚子好/没有负担"
W_I_F_HHC_KR_3,HHC_KR,W,L2,KR,KR,[GLCLC text removed],表明,Attracted,DA,98.0,0.0,Repelled,No,4.0,Communication,Error,Collocational,DA - wrong verb; 表明 (make clear) vs 表示 (express); correct: 对他们表示感谢
W_I_M_MHMAD_TJ_3,MHMAD_TJ,W,L2,TJ,Other,[GLCLC text removed],*,,EVAL,0.0,0.0,,*,,Functional,Error,Non-dui-construction,"""For me, when your body is well, I don't need anything else"" - perspective frame; correct: 对我来说，你身体好就好了"
W_I_F_ZSYI_TH_3,ZSYI_TH,W,L2,TH,TH,[GLCLC text removed],觉得,Repelled,EVAL,388.0,0.0,Repelled,No,1.0,Psych,Error,Non-dui-construction,"""For me I feel I have value"" - perspective frame; correct: 对我来说，觉得自己有价值"
S_I_M_LCY_TH,LCY_TH,S,L2,TH,TH,[GLCLC text removed],认为,Repelled,ABT,53.0,0.0,Repelled,No,2.0,Psych,Error,Collocational,BCC-56; 减肥 as topic with 认为 is low frequency (BCC: 56); correct: 关于减肥，你怎么认为？ or 对于减肥，怎么看？
S_I_M_LCY_TH,LCY_TH,S,L2,TH,TH,[GLCLC text removed],*,Repelled,MS,0.0,0.0,Repelled,*,2.0,Psych,Error,Non-dui-construction,ABT - missing predicate verb after 对减肥; correct: 对于减肥，我的看法是...
S_I_F_ZRY_KR,ZRY_KR,S,L2,KR,KR,[GLCLC text removed],认识,Attracted,MS,499.0,0.0,Attracted,No,1.0,Psych,Error,Collocational,"BCC - 512; MS - 认识 typically takes animate objects or concrete nouns (people, characters), not abstract 事情; correct: 对中国的事情都了解"
S_I_F_LXHU_KR_3,LXHU_KR,S,L2,KR,KR,[GLCLC text removed],讲,Attracted,ABT,3272.0,11.12,Attracted,No,2.0,Communication,Error,Non-dui-construction,DA - 对明星+是 not conventionalized (BCC: 0); structure unclear; correct: 关于明星，我不用多讲
W_I_F_JEL_KR_1,JEL_KR,W,L2,KR,KR,[GLCLC text removed],适合,Attracted,EVAL,65.0,0.0,Repelled,No,3.0,Attribute,Error,Collocational,"Intended ""exercise suitable for oneself"" but structure broken; correct: 适合自己的运动"
W_I_M_ZCYT_JP_1,ZCYT_JP,W,L2,JP,JP,[GLCLC text removed],适合,Attracted,EVAL,65.0,0.0,Repelled,No,3.0,Attribute,Error,Collocational,"Intended ""suitable for us"" but 适合 takes direct object, not 对Y; correct: 很适合我们"
W_I_F_BYL_BR_6,BYL_BR,W,L2,BR,PT,[GLCLC text removed],适合,Attracted,EVAL,65.0,0.0,Repelled,No,3.0,Attribute,Error,Omission,Long list as Y-phrase breaks structure; correct: 尤其对于从事脑力劳动的人来说
W_I_F_JML_KR_2,JML_KR,W,L2,KR,KR,[GLCLC text removed],熟悉,Attracted,EVAL,1180.0,5.56,Attracted,Yes,3.0,Psych,Error,Non-dui-construction,"""A place unfamiliar to me"" - perspective; correct: 对我来说很不熟悉的地方"
S_I_F_JDYI_KR+I_,JDYI_KR,S,L2,KR,KR,[GLCLC text removed],适当,Repelled,EVAL,0.0,0.0,Repelled,No,6.0,Attribute,Error,Collocational,"EVAL - 适当 is adverb not adjective, cannot be EVAL predicate; correct: 适合孩子们的节目 or 对孩子们合适的节目"
S_I_M_WYMU_SD_3,WYMU_SD,S,L2,SD,AR,[GLCLC text removed],重要,Repelled,EVAL,400.0,9.27,Attracted,Yes,2.0,Attribute,Error,Non-dui-construction,"""Important for products to sell"" - perspective frame; correct: 对于产品卖出去来说很重要"
W_I_F_JXJ_KR_3,JXJ_KR,W,L2,KR,KR,[GLCLC text removed],问,Repelled,DA,166.0,0.0,Repelled,No,1.0,Communication,Error,Collocational,DA - 问 takes direct object or 向; 对我问 is low frequency (BCC: 185); correct: 问我
S_I_F_MZY_KR_2,MZY_KR,S,L2,KR,KR,[GLCLC text removed],难忘,Attracted,EVAL,14.0,0.0,Repelled,No,6.0,Psych,Error,Non-dui-construction,"""Unforgettable trip for me"" - needs 是 or 来说; correct: 对我来说难忘的旅行 or 对我是难忘的旅行"
W_I_F_LXHU_KR_6,LXHU_KR,W,L2,KR,KR,[GLCLC text removed],难忘,Attracted,EVAL,14.0,0.0,Repelled,No,6.0,Psych,Error,Non-dui-construction,Same - perspective frame; correct: 对我来说难忘的事
W_I_F_TKQX_JP_1,TKQX_JP,W,L2,JP,JP,[GLCLC text removed],难忘,Attracted,EVAL,14.0,0.0,Repelled,No,6.0,Psych,Error,Non-dui-construction,Same - perspective frame; correct: 对我来说难忘呢？
S_I_M_ZLO_RU_2+I,ZLO_RU,S,L2,RU,RU,[GLCLC text removed],方便,Attracted,EVAL,17.0,18.54,Repelled,No,1.0,Attribute,Error,Non-dui-construction,"""It's hard to say for me"" - perspective; correct: 对我来说也很难说"
W_I_F_JYU_KZ_1,JYU_KZ,W,L2,KZ,TK,[GLCLC text removed],麻烦,Repelled,EVAL,0.0,0.0,Repelled,No,3.0,Attribute,Error,Non-dui-construction,"""It's troublesome for her friend Anna"" - perspective; correct: 对她的朋友安娜来说很麻烦"
S_I_F_JHXI_KR_4,JHXI_KR,S,L2,KR,KR,[GLCLC text removed],*,,ABT,0.0,0.0,,*,,,Error,Non-dui-construction,"Intended ""for me buying things"" or ""regarding my shopping"" - needs 给我买东西 or 对于我买东西来说; correct: 给我买东西"
W_A_M_XT_UZ_2,XT_UZ,W,L3,UZ,TK,[GLCLC text removed],*,Attracted,MS,0.0,77.85,Attracted,*,1.0,Functional,Error,Omission,Missing 有; correct: 对这个工作有很大的兴趣
W_A_F_KLN_RU_5,KLN_RU,W,L3,RU,RU,[GLCLC text removed],*,Attracted,MS,0.0,53.75,Attracted,*,2.0,Psych,Error,Omission,Missing 感兴趣; correct: 对苹果手机...感兴趣
S_A_F_LZG_KR,LZG_KR,S,L3,KR,KR,[GLCLC text removed],不好意思,Repelled,MS,0.0,0.0,Repelled,No,6.0,Psych,Error,Omission,Missing 感到; correct: 对爸爸妈妈感到不好意思
W_A_F_TLL_UA_3,TLL_UA,W,L3,UA,Other,[GLCLC text removed],举行,Repelled,DISP,32.0,0.0,Repelled,No,3.0,Social,Error,Non-dui-construction,"举行 takes beneficiary with 给/为, not 对; correct: 给/为学生们举行"
W_A_F_JDHN_KR,JDHN_KR,W,L3,KR,KR,[GLCLC text removed],关心,Attracted,DA,1040.0,18.54,Attracted,Yes,2.0,Manner,Error,Omission,Unnecessary 的; correct: 给我这么多关心 or 对我的关心
W_A_F_JJB_KR_2,JJB_KR,W,L3,KR,KR,[GLCLC text removed],关心,Attracted,MS,1040.0,18.54,Attracted,Yes,2.0,Manner,Error,Collocational,关心 requires [+human/human-relevant] Y; 歌词 is inanimate; correct: 对歌词关注
W_A_F_JDYA_KR,JDYA_KR,W,L3,KR,KR,[GLCLC text removed],关心,Attracted,MS,1040.0,18.54,Attracted,Yes,2.0,Manner,Error,Collocational,Same - 关心 animacy constraint; correct: 对中国并没有关注
W_A_M_CYJ_KR_1,CYJ_KR,W,L3,KR,KR,[GLCLC text removed],关心,Attracted,MS,1040.0,18.54,Attracted,Yes,2.0,Manner,Error,Collocational,Same - 关心 animacy constraint; correct: 对菜也关注
W_A_F_LMR_TH_4,LMR_TH,W,L3,TH,TH,[GLCLC text removed],印象,Repelled,MS,22.0,1.85,Attracted,No,3.0,Psych,Error,Non-dui-construction,"""Give you bad impression"" needs 给; correct: 给你的印象不好"
W_A_F_LMR_TH_4,LMR_TH,W,L3,TH,TH,[GLCLC text removed],印象,Repelled,MS,22.0,1.85,Attracted,No,3.0,Psych,Error,Non-dui-construction,Same - needs 给; correct: 给你的印象很好
W_A_F_ZSYI_TH_3,ZSYI_TH,W,L3,TH,TH,[GLCLC text removed],友善,Attracted,DISP,31.0,0.0,Repelled,Yes,6.0,Manner,Error,Insertion,Unnecessary 的 creating incomplete structure; correct: 对我们友善 or 对我们友善的[N]
W_A_F_XMX_KR_1,XMX_KR,W,L3,KR,KR,[GLCLC text removed],发下,Attracted,DA,12.0,0.0,Repelled,No,6.0,Communication,Error,Collocational,发下 not conventionalized with 心愿; correct: 对妖精许下心愿
W_A_F_XMX_KR_1,XMX_KR,W,L3,KR,KR,[GLCLC text removed],受到,Repelled,DA,0.0,0.0,Repelled,No,3.0,Functional,Error,Collocational,Structure severely broken; 受到+爱情 doesn't work; intended: 莫妮卡得到爱情后就被扔掉
W_A_F_XMX_KR_1,XMX_KR,W,L3,KR,KR,[GLCLC text removed],受到,Repelled,EVAL,0.0,0.0,Repelled,No,3.0,Functional,Error,Non-dui-construction,"""For mom to receive love"" - causative needs 让; correct: 让妈妈得到爱情"
W_A_F_CXZ_TH_5,CXZ_TH,W,L3,TH,TH,[GLCLC text removed],善良,Repelled,EVAL,0.0,0.0,Repelled,Yes,4.0,Attribute,Error,Collocational,"善良 is inherent trait, not DISP predicate; correct: 对我很好/友善"
W_A_F_LHYA_TH_5,LHYA_TH,W,L3,TH,TH,[GLCLC text removed],有,Attracted,EVAL,11370.0,87.12,Attracted,Yes,1.0,Functional,Error,Non-dui-construction,Adverbial 对贵方有帮助地 mispositioned; correct: 继续为贵方培养出人才，对贵方有帮助
W_A_F_ASL_KZ_4,ASL_KZ,W,L3,KZ,TK,[GLCLC text removed],建,Repelled,SI,0.0,0.0,Repelled,No,6.0,Social,Error,Non-dui-construction,Beneficiary of 建 needs 给/为; correct: 给留学生建一两个餐厅
W_A_M_FLUS_RU_4,FLUS_RU,W,L3,RU,RU,[GLCLC text removed],怎么样,Repelled,ABT,10.0,0.0,Repelled,Yes,1.0,Manner,Error,Non-dui-construction,"关系 takes 跟/和, not 对; correct: 他跟你的关系会怎么样"
W_A_F_LMR_TH_4,LMR_TH,W,L3,TH,TH,[GLCLC text removed],感觉,Attracted,SI,130.0,0.0,Repelled,Yes,3.0,Psych,Error,Non-dui-construction,"""Gives you feeling"" needs 给; correct: 给你的感觉不一样"
W_A_F_QYX_KR_3,QYX_KR,W,L3,KR,KR,[GLCLC text removed],感觉,Attracted,MS,130.0,0.0,Repelled,Yes,3.0,Psych,Error,Collocational,感觉 doesn't take abstract emotion 爱情 as object; correct: 对菊仙产生爱情 or 爱上菊仙
W_A_F_WLN_KZ_3,WLN_KZ,W,L3,KZ,TK,[GLCLC text removed],建立,Repelled,DA,80.0,0.0,Repelled,No,6.0,Social,Error,Non-dui-construction,"建立关系 takes 和/与, not 对; correct: 和贵公司建立业务关系"
W_A_F_JXA_KR_1,JXA_KR,W,L3,KR,KR,[GLCLC text removed],*,Attracted,EVAL,0.0,9.27,Attracted,*,3.0,Functional,Error,Omission,Missing 造成; correct: 对我的性格造成很大的改变
W_A_M_JBY_KR_1,JBY_KR,W,L3,KR,KR,[GLCLC text removed],改变,Attracted,SI,1.0,0.0,Repelled,No,3.0,Functional,Error,Non-dui-construction,"Causative ""make their behavior change"" needs 使/让; correct: 使他们的行为改变"
W_A_F_JXZI_KR,JXZI_KR,W,L3,KR,KR,[GLCLC text removed],改变,Attracted,EVAL,1.0,0.0,Repelled,No,3.0,Functional,Error,Non-dui-construction,Causative needs 使/让; correct: 使人生和意义改变了
W_A_M_AJX_KR_10,AJX_KR,W,L3,KR,KR,[GLCLC text removed],有,Attracted,EVAL,11370.0,77.85,Attracted,Yes,1.0,Functional,Error,Collocational,"爱国之心 means ""patriotic heart toward country"", cannot be directed at a company; semantic mismatch"
W_A_F_LYM_KR,LYM_KR,W,L3,KR,KR,[GLCLC text removed],树立,Repelled,SI,10.0,0.0,Repelled,No,5.0,Functional,Error,Collocational,树立形象 with recipient needs 给; correct: 给我树立了不好的形象
S_A_F_MQH_VN,MQH_VN,S,L3,VN,VN,[GLCLC text removed],比,Repelled,DA,63.0,0.0,Repelled,No,1.0,Functional,Error,Non-dui-construction,"比 takes 和/跟, not 对; correct: 和/跟越南比的话"
W_A_F_LYM_KR,LYM_KR,W,L3,KR,KR,[GLCLC text removed],留下,Attracted,SI,161.0,0.0,Repelled,No,4.0,Functional,Error,Non-dui-construction,留下印象 with recipient needs 给; correct: 给我留下了良好的印象
W_A_F_ZEH_KR,ZEH_KR,W,L3,KR,KR,[GLCLC text removed],留下,Attracted,SI,161.0,0.0,Repelled,No,4.0,Functional,Error,Non-dui-construction,Same - needs 给; correct: 给我留下很深的印象
W_A_F_RBZ_VN_3,RBZ_VN,W,L3,VN,VN,[GLCLC text removed],*,Attracted,EVAL,0.0,7.41,Attracted,*,3.0,Functional,Error,Omission,Missing 负; correct: 每位老师对学生都负责任
W_A_M_WHY_TH_1,WHY_TH,W,L3,TH,TH,[GLCLC text removed],道歉,Attracted,DA,121.0,0.0,Repelled,No,3.0,Communication,Error,Collocational,道歉 with 对 is low frequency (BCC: 135); correct: 向河道歉
S_A_M_ZCY_KR_2,ZCY_KR,S,L3,KR,KR,[GLCLC text removed],*,,EVAL,0.0,0.0,,*,,,Error,Non-dui-construction,Perspective frame needs 对...来说; correct: 对我来说，发生什么问题的时候可以很容易解决
W_A_M_AKH_UZ,AKH_UZ,W,L3,UZ,TK,[GLCLC text removed],尴尬,Repelled,EVAL,1.0,0.0,Repelled,No,5.0,Psych,Error,Non-dui-construction,Perspective frame needs 对...来说; correct: 对来自北校的我来说，相处起来总是有点尴尬
W_A_F_JMT_KR_1,JMT_KR,W,L3,KR,KR,[GLCLC text removed],可信,Repelled,EVAL,0.0,0.0,Repelled,No,6.0,Attribute,Error,Non-dui-construction,Perspective frame needs 对...来说; correct: 对我来说不可信的话
W_A_F_PSH_KR_5,PSH_KR,W,L3,KR,KR,[GLCLC text removed],合,Repelled,EVAL,0.0,0.0,Repelled,No,3.0,Attribute,Error,Collocational,合 not conventionalized as EVAL predicate; correct: 很适合我
W_A_F_AM_GN_1,AM_GN,W,L3,GN,EN,[GLCLC text removed],复杂,Repelled,EVAL,0.0,0.0,Repelled,No,3.0,Attribute,Error,Collocational,复杂 not conventionalized as EVAL predicate; correct: 对很多人来说非常复杂
S_A_F_JZHX_KR_2,JZHX_KR,S,L3,KR,KR,[GLCLC text removed],好,Repelled,EVAL,60.0,0.0,Repelled,Yes,1.0,Attribute,Error,Omission,"Perspective ""a good place for me"" needs 对...来说; correct: 对我来说很好的地方"
W_A_F_QYX_KR_1,QYX_KR,W,L3,KR,KR,[GLCLC text removed],*,Attracted,EVAL,0.0,18.54,Repelled,*,1.0,Functional,Error,Omission,Missing 是; correct: 对病人的家人也是更好的选择
W_A_F_JZHX_KR_3,JZHX_KR,W,L3,KR,KR,[GLCLC text removed],做,Attracted,EVAL,7.0,3.71,Repelled,Yes,1.0,Functional,Error,Collocational,Structure severely broken; intended meaning unclear
W_A_F_CXZ_TH_5,CXZ_TH,W,L3,TH,TH,[GLCLC text removed],惊讶,Attracted,EVAL,49.0,0.0,Repelled,Yes,5.0,Psych,Error,Non-dui-construction,"Perspective ""surprising for me"" needs 对...来说; correct: 这种情况对我来说很惊讶"
W_A_F_CLY_KR,CLY_KR,W,L3,KR,KR,[GLCLC text removed],是,Attracted,EVAL,4128.0,18.54,Repelled,Yes,1.0,Functional,Error,Collocational,"Perspective ""living is greater pain for him"" needs 对...来说; correct: 对他来说，活着是更大的痛苦"
S_A_F_ZSY_TH_3,ZSY_TH,S,L3,TH,TH,[GLCLC text removed],有,Attracted,MS,23048.0,87.12,Attracted,Yes,1.0,Functional,Error,Non-dui-construction,"""Give me impression"" needs 给; correct: 给我留下印象的"
W_A_F_JZHX_KR_2,JZHX_KR,W,L3,KR,KR,[GLCLC text removed],有,Repelled,EVAL,11370.0,0.0,Repelled,Yes,1.0,Functional,Error,Collocational,"Stative negation requires 不是, not 没; correct: 这对别人不是什么大事"
W_A_F_JZHX_KR_4,JZHX_KR,W,L3,KR,KR,[GLCLC text removed],看起来,Repelled,EVAL,0.0,0.0,Repelled,No,3.0,Psych,Error,Non-dui-construction,Perspective frame needs 对...来说; correct: 对我来说，不做的人看起来不礼貌
S_A_F_LRY_KR,LRY_KR,S,L3,KR,KR,[GLCLC text removed],符合,Repelled,EVAL,0.0,0.0,Repelled,No,3.0,Functional,Error,Collocational,"符合 means ""conform to"", not ""suitable for""; correct: 对小孩儿适合的教育方法"
S_A_F_LRY_KR,LRY_KR,S,L3,KR,KR,[GLCLC text removed],符合,Repelled,EVAL,0.0,0.0,Repelled,No,3.0,Functional,Error,Collocational,Same - 符合 vs 适合; correct: 对他们适合的教育方法
S_A_F_LRY_KR,LRY_KR,S,L3,KR,KR,[GLCLC text removed],符合,Repelled,EVAL,0.0,0.0,Repelled,No,3.0,Functional,Error,Collocational,Same - 符合 vs 适合; correct: 适合自己的部门
S_A_F_LRY_KR,LRY_KR,S,L3,KR,KR,[GLCLC text removed],符合,Repelled,EVAL,0.0,0.0,Repelled,No,3.0,Functional,Error,Collocational,Same - 符合 vs 适合; correct: 最适合我的位置
W_A_M_FLUS_RU_5,FLUS_RU,W,L3,RU,RU,[GLCLC text removed],符合,Repelled,EVAL,0.0,0.0,Repelled,No,3.0,Functional,Error,Collocational,Same - 符合 vs 适合; correct: 我非常适合这份工作
S_A_F_LZG_KR,LZG_KR,S,L3,KR,KR,[GLCLC text removed],适合,Attracted,EVAL,65.0,0.0,Repelled,No,3.0,Attribute,Error,Collocational,"适合 takes direct object, not 对Y; correct: 真的不适合我"
W_A_M_SMR_TH_4,SMR_TH,W,L3,TH,TH,[GLCLC text removed],适合,Attracted,EVAL,65.0,0.0,Repelled,No,3.0,Attribute,Error,Collocational,"符合 takes direct object, not 对Y; correct: 我非常符合这份工作的要求"
W_A_F_ZEH_KR,ZEH_KR,W,L3,KR,KR,[GLCLC text removed],陌生,Attracted,EVAL,5.0,0.0,Repelled,Yes,4.0,Psych,Error,Non-dui-construction,Perspective frame needs 对...来说; correct: 这样的情况对我来说很陌生
W_A_F_XMX_KR_1,XMX_KR,W,L3,KR,KR,[GLCLC text removed],需要,Repelled,EVAL,2.0,0.0,Repelled,No,2.0,Attribute,Error,Non-dui-construction,Perspective frame needs 对...来说; correct: 对莫妮卡来说，再也不需要...
S_A_F_AYD_KG,AYD_KG,S,L3,KG,TK,[GLCLC text removed],*,,EVAL,0.0,0.0,,*,,,Error,Non-dui-construction,Perspective frame needs 对...来说; correct: 对我们来说，你幸福就行
S_A_M_BL_CL_2,BL_CL,S,L3,CL,ES,[GLCLC text removed],吃,Repelled,ABT,12.0,0.0,Repelled,No,1.0,Physical,Error,Non-dui-construction,Formal topic marker needs 对于; correct: 对于海鲜，我不是经常吃
S_A_M_DL_TG_5,DL_TG,S,L3,TG,EN,[GLCLC text removed],一样,Repelled,ABT,91.0,0.0,Repelled,Yes,2.0,Attribute,Error,Insertion,"Redundant 对, structure broken; correct: 广州的生活差不多是..."
S_A_M_DBL_BF_2,DBL_BF,S,L3,BF,FR,[GLCLC text removed],一样,Repelled,DISP,91.0,0.0,Repelled,Yes,2.0,Attribute,Error,Non-dui-construction,Comparison needs 和/跟; correct: 和/跟我原来做过的不一样
W_A_F_LJ_RU_3,LJ_RU,W,L3,RU,RU,[GLCLC text removed],乏味,Repelled,MS,0.0,0.0,Repelled,No,6.0,Psych,Error,Omission,Missing 感到; correct: 我对电影感到乏味
W_A_F_JXY_KR_3,JXY_KR,W,L3,KR,KR,[GLCLC text removed],产生,Attracted,MS,3678.0,20.39,Attracted,Yes,4.0,Functional,Error,Word-Order,"X-Y reversal: 我 should be X (experiencer), Y (stimulus) missing; correct: 我对[X]产生极大兴趣"
W_A_F_TLL_UA_1,TLL_UA,W,L3,UA,Other,[GLCLC text removed],产生,Attracted,EVAL,3919.0,87.12,Attracted,Yes,4.0,Functional,Error,Insertion,Blending 产生了影响 + 有了影响 → *产生有了; correct: 对我学汉语产生了极大的影响
W_A_F_LJ_RU_3,LJ_RU,W,L3,RU,RU,[GLCLC text removed],产生,Attracted,MS,3678.0,9.27,Attracted,Yes,4.0,Functional,Error,Non-dui-construction,Needs 给 (recipient); correct: 给我留下不可磨灭的印象
W_A_M_HSHU_ID_1,HSHU_ID,W,L3,ID,Other,[GLCLC text removed],健康,Repelled,EVAL,0.0,0.0,Repelled,No,2.0,Attribute,Error,Collocational,健康 not EVAL predicate; correct: 对身体好/有益
W_A_M_ZYK_VE_6,ZYK_VE,W,L3,VE,ES,[GLCLC text removed],取得,Repelled,EVAL,8.0,1.85,Attracted,No,6.0,Functional,Error,Collocational,取得帮助 not conventionalized; correct: 对专业有更大的帮助
W_A_F_XMX_KR_3,XMX_KR,W,L3,KR,KR,[GLCLC text removed],变,Repelled,ABT,1.0,0.0,Repelled,No,2.0,Functional,Error,Non-dui-construction,"Structure broken, meaning unclear"
W_A_F_JMZJ_KR,JMZJ_KR,W,L3,KR,KR,[GLCLC text removed],合适,Repelled,EVAL,40.0,0.0,Repelled,No,3.0,Attribute,Error,Collocational,合适/适合 takes DO; correct: 适合自己的职业
W_A_F_RHF_VN_4,RHF_VN,W,L3,VN,VN,[GLCLC text removed],合适,Repelled,EVAL,40.0,0.0,Repelled,No,3.0,Attribute,Error,Collocational,合适→符合 takes DO; correct: 符合我的要求了一半
W_A_F_LY_SK_3,LY_SK,W,L3,SK,Other,[GLCLC text removed],*,Attracted,EVAL,0.0,77.85,Attracted,*,6.0,Functional,Error,Omission,Structure broken; maybe intended: 对自己家有同感的朋友
S_A_M_HH_SD_5,HH_SD,S,L3,SD,AR,[GLCLC text removed],影响,Attracted,EVAL,733.0,11.12,Attracted,Yes,2.0,Functional,Error,Word-Order,对Y mispositioned; correct: 对社会、对个人的影响更多一些
W_A_F_PYT_KR,PYT_KR,W,L3,KR,KR,[GLCLC text removed],好,Repelled,ABT,60.0,0.0,Repelled,Yes,1.0,Attribute,Error,Collocational,眼中 doesn't fit structure; maybe: 我眼中广外还是好的
W_A_F_SNME_KR_1,SNME_KR,W,L3,KR,KR,[GLCLC text removed],学,Repelled,ABT,15.0,0.0,Repelled,No,1.0,Social,Error,Collocational,学 with 对 low freq (BCC:32); correct: 关于...学得非常多
S_A_F_QYX_KR_1,QYX_KR,S,L3,KR,KR,[GLCLC text removed],*,Attracted,EVAL,0.0,87.12,Attracted,*,1.0,Functional,Error,Omission,Missing 有; correct: 对我有帮助的事情
W_A_F_YESE_KZ_2,YESE_KZ,W,L3,KZ,TK,[GLCLC text removed],开,Repelled,SI,160.0,0.0,Repelled,No,1.0,Social,Error,Collocational,Needs 向/给; correct: 生意的门口已经向我打开了
W_A_F_SZYA_KR,SZYA_KR,W,L3,KR,KR,[GLCLC text removed],想,Repelled,ABT,228.0,0.0,Repelled,No,1.0,Psych,Error,Collocational,"想/考虑 takes DO, not 对Y; correct: 从来没想过/考虑过我的将来"
W_A_M_ZYK_VE_7,ZYK_VE,W,L3,VE,ES,[GLCLC text removed],有,Attracted,MS,23048.0,77.85,Attracted,Yes,2.0,Functional,Error,Insertion,Blending: 有兴趣 + 感兴趣 → *有感兴趣
W_A_F_SJNS_JP_1,SJNS_JP,W,L3,JP,JP,[GLCLC text removed],有,Attracted,MS,23048.0,77.85,Attracted,Yes,2.0,Functional,Error,Insertion,Blending: 有兴趣 + 感兴趣 → *有感兴趣
W_A_M_NG_KZ_6,NG_KZ,W,L3,KZ,TK,[GLCLC text removed],*,Attracted,ABT,0.0,53.75,Attracted,*,2.0,Psych,Error,Insertion,"Word class: 感兴趣 is V, cannot nominalize with 的; correct: 对你们的兴趣"
W_A_M_BCW_KR_2,BCW_KR,W,L3,KR,KR,[GLCLC text removed],有,Attracted,MS,23048.0,77.85,Attracted,Yes,1.0,Functional,Error,Insertion,Blending: 有兴趣 + 感兴趣 → *有感兴趣
W_A_M_BCW_KR_2,BCW_KR,W,L3,KR,KR,[GLCLC text removed],有,Attracted,MS,23048.0,77.85,Attracted,Yes,1.0,Functional,Error,Insertion,Blending: 没有兴趣 + 不感兴趣 → *没有感兴趣
W_A_M_FLUS_RU_1,FLUS_RU,W,L3,RU,RU,[GLCLC text removed],有,Attracted,MS,23048.0,77.85,Attracted,Yes,1.0,Functional,Error,Insertion,Blending: 没有兴趣 + 不感兴趣 → *没有感兴趣
W_A_F_DBYYM_JP_2,DBYYM_JP,W,L3,JP,JP,[GLCLC text removed],新奇,Attracted,MS,0.0,0.0,Repelled,Yes,6.0,Attribute,Error,Omission,Missing 感到; correct: 对广州感到新奇
S_A_M_HH_SD_2,HH_SD,S,L3,SD,AR,[GLCLC text removed],无关,Repelled,EVAL,1.0,0.0,Repelled,No,6.0,Attribute,Error,Non-dui-construction,"无关 takes 与/跟, not 对; correct: 与/跟这些都无关"
W_A_F_PYT_KR,PYT_KR,W,L3,KR,KR,[GLCLC text removed],好,Repelled,ABT,60.0,0.0,Repelled,Yes,1.0,Attribute,Error,Non-dui-construction,"在…方面, Structure broken; maybe: 在这些方面广外是好的"
S_A_M_DL_TG_5,DL_TG,S,L3,TG,EN,[GLCLC text removed],有,Attracted,EVAL,11370.0,77.85,Attracted,Yes,1.0,Functional,Error,Word-Order,Y (广州) mispositioned; should be after 对; correct: 我对广州有什么问题
W_A_F_WSNA_KR_2,WSNA_KR,W,L3,KR,KR,[GLCLC text removed],有,Attracted,EVAL,11370.0,77.85,Attracted,Yes,1.0,Functional,Error,Collocational,Word class: 关心 is V in N slot; correct: 对服装有很多关注/兴趣
W_A_F_JXZI_KR,JXZI_KR,W,L3,KR,KR,[GLCLC text removed],有,Attracted,EVAL,11370.0,77.85,Attracted,Yes,1.0,Functional,Error,Word-Order,"X-Y reversal: 人 should be X, 旅游 should be Y; correct: 一般的人对旅游有很大的兴趣"
W_A_M_XT_UZ_3,XT_UZ,W,L3,UZ,TK,[GLCLC text removed],有,Attracted,EVAL,11370.0,77.85,Attracted,Yes,1.0,Functional,Error,Collocational,Missing 大; correct: 对他上的课有那么大的兴趣
W_A_M_FML_TH_3,FML_TH,W,L3,TH,TH,[GLCLC text removed],有,Attracted,EVAL,11370.0,87.12,Attracted,Yes,1.0,Functional,Error,Collocational,力量 not EVAL predicate; correct: 对身体有好处/有力
W_A_M_AIMA_AZ_1,AIMA_AZ,W,L3,AZ,TK,[GLCLC text removed],有,Attracted,EVAL,11370.0,87.12,Attracted,Yes,1.0,Functional,Error,Word-Order,"Adverb 很 mispositioned; should modify 有, not 好处; correct: 对皮肤病很有好处"
S_A_F_LSJ_KR,LSJ_KR,S,L3,KR,KR,[GLCLC text removed],有,Attracted,MS,23048.0,77.85,Attracted,Yes,1.0,Functional,Error,Insertion,Blending: 有兴趣 + 感兴趣 → *有感兴趣
W_A_M_ZHX_VE_1,ZHX_VE,W,L3,VE,ES,[GLCLC text removed],有,Attracted,MS,23048.0,77.85,Attracted,Yes,1.0,Functional,Error,Insertion,Blending: 有兴趣 + 感兴趣 → *有感兴趣
W_A_M_ZHX_VE_3,ZHX_VE,W,L3,VE,ES,[GLCLC text removed],有,Attracted,MS,23048.0,77.85,Attracted,Yes,1.0,Functional,Error,Insertion,Blending: 有兴趣 + 感兴趣 → *有感兴趣
W_A_M_FML_TH_1,FML_TH,W,L3,TH,TH,[GLCLC text removed],有,Attracted,MS,23048.0,77.85,Attracted,Yes,1.0,Functional,Error,Insertion,Blending: 有兴趣 + 感兴趣 → *有感兴趣
W_A_M_FML_TH_1,FML_TH,W,L3,TH,TH,[GLCLC text removed],有,Attracted,EVAL,11370.0,77.85,Attracted,Yes,1.0,Functional,Error,Insertion,Blending: 有兴趣 + 感兴趣 → *有感兴趣
W_A_M_JTJ_KR,JTJ_KR,W,L3,KR,KR,[GLCLC text removed],有,Attracted,MS,23048.0,77.85,Attracted,Yes,1.0,Functional,Error,Insertion,Blending: 有兴趣 + 感兴趣 → *有感兴趣
W_A_F_SJNS_JP_1,SJNS_JP,W,L3,JP,JP,[GLCLC text removed],有,Attracted,MS,23048.0,77.85,Attracted,Yes,1.0,Functional,Error,Insertion,Blending: 有兴趣 + 感兴趣 → *有感兴趣
W_A_F_LQQ_TH_2,LQQ_TH,W,L3,TH,TH,[GLCLC text removed],有,Attracted,MS,23048.0,77.85,Attracted,Yes,1.0,Functional,Error,Insertion,Blending: 有兴趣 + 感兴趣 → *有感兴趣
W_A_F_CQH_VN_8,CQH_VN,W,L3,VN,VN,[GLCLC text removed],有,Attracted,MS,23048.0,77.85,Attracted,Yes,1.0,Functional,Error,Insertion,Blending: 有兴趣 + 感兴趣 → *有感兴趣
W_A_F_CQH_VN_7,CQH_VN,W,L3,VN,VN,[GLCLC text removed],有,Attracted,MS,23048.0,77.85,Attracted,Yes,1.0,Functional,Error,Insertion,Blending: 有兴趣 + 感兴趣 → *有感兴趣
W_A_F_CQH_VN_7,CQH_VN,W,L3,VN,VN,[GLCLC text removed],有,Attracted,MS,23048.0,77.85,Attracted,Yes,1.0,Functional,Error,Insertion,Blending: 有兴趣 + 感兴趣 → *有感兴趣
W_A_M_FML_TH_3,FML_TH,W,L3,TH,TH,[GLCLC text removed],有,Attracted,MS,23048.0,77.85,Attracted,Yes,1.0,Functional,Error,Insertion,Blending: 有兴趣 + 感兴趣 → *有感兴趣
S_A_F_AM_GN_2,AM_GN,S,L3,GN,EN,[GLCLC text removed],有,Attracted,ABT,11370.0,61.17,Attracted,Yes,1.0,Functional,Error,Collocational,知识 not valid predicate for 有+N slot; correct: 对这个事情很了解
W_A_F_LZHY_KR_1,LZHY_KR,W,L3,KR,KR,[GLCLC text removed],有,Attracted,ABT,11370.0,61.17,Attracted,Yes,1.0,Functional,Error,Collocational,Needs 在...方面; correct: 在跆拳道方面有素养
W_A_F_JMZJ_KR,JMZJ_KR,W,L3,KR,KR,[GLCLC text removed],有,Attracted,ABT,11370.0,61.17,Attracted,Yes,1.0,Functional,Error,Collocational,Needs 在...方面; correct: 在外语方面有素质/天赋
S_A_M_DBL_BF_5,DBL_BF,S,L3,BF,FR,[GLCLC text removed],有,Attracted,ABT,11370.0,61.17,Attracted,Yes,1.0,Functional,Error,Collocational,Needs 对...来说 or 向; correct: 对我来说有什么问题 / 向我有什么问题
S_A_M_DBL_BF_5,DBL_BF,S,L3,BF,FR,[GLCLC text removed],有,Attracted,ABT,11370.0,61.17,Attracted,Yes,1.0,Functional,Error,Collocational,Same as above; correct: 对我们每一个儿子来说有什么问题
W_A_M_YK_TR_1,YK_TR,W,L3,TR,TK,[GLCLC text removed],有,Attracted,ABT,11370.0,87.12,Attracted,Yes,1.0,Functional,Error,Collocational,Needs 在...面前; correct: 在他面前没有面子
W_A_F_MCWX_JP_1,MCWX_JP,W,L3,JP,JP,[GLCLC text removed],有,Attracted,ABT,11370.0,61.17,Attracted,Yes,1.0,Functional,Error,Non-dui-construction,Needs 在...方面; correct: 老百姓在政治方面没有力量/影响力
W_A_F_HJQ_TH_5,HJQ_TH,W,L3,TH,TH,[GLCLC text removed],热烈,Repelled,MS,2.0,0.0,Repelled,No,6.0,Psych,Error,Collocational,Structure broken; 兴奋地热烈 ungrammatical
W_A_F_JQZ_KR_5,JQZ_KR,W,L3,KR,KR,[GLCLC text removed],留下,Attracted,MS,161.0,0.0,Repelled,No,4.0,Functional,Error,Non-dui-construction,Needs 给 (recipient); correct: 给我们留下了深刻的印象
S_A_F_ANJ_MN,ANJ_MN,S,L3,MN,Other,[GLCLC text removed],破坏,Attracted,EVAL,27.0,0.0,Repelled,Yes,4.0,Social,Error,Collocational,Structure broken; 很那个破坏 ungrammatical
W_A_F_TLL_UA_3,TLL_UA,W,L3,UA,Other,[GLCLC text removed],站,Repelled,ABT,0.0,0.0,Repelled,No,2.0,Physical,Error,Non-dui-construction,Structure broken; intended meaning unclear
S_A_M_LTK_KR,LTK_KR,S,L3,KR,KR,[GLCLC text removed],适合,Attracted,EVAL,65.0,0.0,Repelled,No,3.0,Attribute,Error,Collocational,"适合 takes DO, not 对Y; correct: 适合个性的事物"
W_A_F_LYN_RU_1,LYN_RU,W,L3,RU,RU,[GLCLC text removed],适合,Attracted,EVAL,65.0,0.0,Repelled,No,3.0,Attribute,Error,Collocational,"适合 takes DO, not 对Y; correct: 最适合你"
W_A_M_CMC_KR_2,CMC_KR,W,L3,KR,KR,[GLCLC text removed],麻烦,Repelled,ABT,0.0,0.0,Repelled,No,3.0,Attribute,Error,Non-dui-construction,Structure broken; 对找公司 doesn't form valid construction
W_A_M_HLI_CO_2,HLI_CO,W,L3,CO,ES,[GLCLC text removed],有,Attracted,ABT,11370.0,61.17,Attracted,Yes,1.0,Functional,Error,Insertion,MalformationStructure broken; maybe: 结婚的男女有1046961人
W_A_M_HLI_CO_2,HLI_CO,W,L3,CO,ES,[GLCLC text removed],有,Attracted,ABT,11370.0,61.17,Attracted,Yes,1.0,Functional,Error,Insertion,Structure broken; maybe: 离婚的有527292人
W_A_F_XEY_MM_6,XEY_MM,W,L3,MM,Other,[GLCLC text removed],相会,Repelled,DA,0.0,0.0,Repelled,No,6.0,Social,Error,Non-dui-construction,"相会 takes 与/和/跟, not 对; correct: 与中国华南访问团相会之际"
W_I_M_LIF_RU_2,LIF_RU,W,L2,RU,RU,[GLCLC text removed],引起,Attracted,MS,,,Attracted,No,4.0,Functional,Error,Non-dui-construction,Needs 给; correct: 哪一个城市给我留下最深的印象
